Crash ID,$1000 Damage to Any One Person's Property,Active School Zone Flag,Agency,At Intersection Flag,Construction Zone Flag,Construction Zone Workers Present Flag,Crash Death Count,Crash Incapacitating Injury Count,Crash Non-incapacitating Injury Count,Crash Not Injured Count,Crash Possible Injury Count,Crash Severity,Crash Time,Crash Total Injury Count,Crash Unknown Injury Count,Crash Year,Day of Week,First Harmful Event,Intersection Related,Latitude,Light Condition,Longitude,Manner of Collision,Other Factor,Physical Feature 1,Private Drive Flag,Property Damages,Road Class,Roadway Alignment,Roadway Part,Roadway Relation,Speed Limit,Street Name,Street Number,Surface Condition,Traffic Control Type,Weather Condition,Person Helmet,MercatorX,MercatorY
11522844,False,False,"Department Of Public Safety, State Of Texas",False,False,No,0,1,0,1,0,Incapacitating Injury,1833,1,0,2010,Tuesday,Pedalcyclist,Intersection Related,30.32490463,Daylight,-97.72223272,One Motor Vehicle - Going Straight,Not Applicable,Not Applicable,False,NONE,City Street,"Straight, Level",Main/Proper Lane,On Roadway,35,GUADALUPE ST,5786,Dry,Bike Lane,Clear,Not Worn,-10878389.185572177,3545382.044432448
11517406,False,False,Austin Police Department,False,False,No,0,0,1,1,0,Non-Incapacitating Injury,715,1,0,2010,Wednesday,Pedalcyclist,Intersection Related,30.26665873,Daylight,-97.75621312,One Motor Vehicle - Going Straight,Not Applicable,Not Applicable,False,NONE,US & State Highways,"Straight, Level",Main/Proper Lane,On Roadway,0,SL0343,106,Dry,Stop Sign,Clear,"Worn, Not Damaged",-10882171.86639713,3537872.5947113326
11691647,False,False,Austin Police Department,True,False,No,0,0,0,2,1,Possible Injury,1339,1,0,2010,Thursday,Pedalcyclist,Intersection,30.26600478,Daylight,-97.73209247,One Motor Vehicle - Turning Left,Not Applicable,Not Applicable,False,NONE,City Street,"Straight, Level",Main/Proper Lane,On Roadway,35,E 7TH ST,928,Dry,Stop Sign,Clear,Not Worn,-10879486.767921526,3537788.3084244207
11524491,False,False,Austin Police Department,True,False,No,0,0,1,0,0,Non-Incapacitating Injury,2250,1,1,2010,Monday,Pedalcyclist,Intersection,30.27536478,"Dark, Not Lighted",-97.71617247,One Motor Vehicle - Going Straight,Not Applicable,Not Applicable,False,NONE,City Street,"Straight, Level",Main/Proper Lane,On Roadway,0,CHESTNUT AVE,1299,Dry,Stop Sign,Clear,"Worn, Not Damaged",-10877714.561628098,3538994.753303124
11549589,True,False,Austin Police Department,True,False,No,0,0,1,1,0,Non-Incapacitating Injury,1449,1,0,2010,Tuesday,Pedalcyclist,Intersection,30.41831739,Daylight,-97.70087673,One Motor Vehicle - Turning Right,Not Applicable,Not Applicable,False,NONE,Farm To Market,"Straight, Level",Main/Proper Lane,On Roadway,50,FM0734,2401,Dry,Stop Sign,Clear,"Worn, Damaged",-10876011.847639991,3557434.7718071225
11567521,False,False,Austin Police Department,True,True,No,0,0,1,1,0,Non-Incapacitating Injury,1210,1,0,2010,Friday,Pedalcyclist,Intersection,30.22571479,Daylight,-97.70297248,One Motor Vehicle - Going Straight,Construction - Within Posted Road Construction Zone (Not Related To Crash),Not Applicable,False,NONE,City Street,"Straight, Level",Main/Proper Lane,On Roadway,35,MONTOPOLIS DR,1903,Dry,Stop Sign,Clear,Not Worn,-10876245.14546282,3532596.495499684
11623078,True,False,Austin Police Department,True,False,No,0,0,1,2,0,Non-Incapacitating Injury,1727,1,0,2010,Saturday,Pedalcyclist,Intersection,30.26192478,Daylight,-97.76152246,One Motor Vehicle - Turning Left,Not Applicable,Not Applicable,False,NONE,City Street,"Straight, Level",Main/Proper Lane,On Roadway,35,BARTON SPRINGS RD,NO DATA,Dry,Signal Light,Clear,"Worn, Not Damaged",-10882762.899422377,3537262.4581900253
11622607,False,False,Austin Police Department,False,False,No,0,0,0,2,0,Not Injured,253,0,0,2010,Sunday,Pedalcyclist,Intersection Related,30.26683863,"Dark, Lighted",-97.74591197,One Motor Vehicle - Going Straight,Not Applicable,Not Applicable,False,NONE,City Street,"Straight, Level",Main/Proper Lane,On Roadway,30,LAVACA ST,396,Dry,Signal Light,Clear,Not Worn,-10881025.147624543,3537895.7817553044
11623632,True,False,Austin Police Department,False,False,No,0,0,1,0,0,Non-Incapacitating Injury,1732,1,1,2010,Wednesday,Pedalcyclist,Driveway Access,30.19939958,Daylight,-97.76536591,One Motor Vehicle - Going Straight,One Vehicle Leaving Driveway,Entrance To Or Exit From Private Property Or Driveway,False,NONE,City Street,"Straight, Level",Main/Proper Lane,On Roadway,45,E STASSNEY LN,990,Dry,None,Clear,Not Worn,-10883190.750319267,3529206.6366309747
11569952,False,False,Austin Police Department,False,False,No,0,0,1,1,0,Non-Incapacitating Injury,1720,1,0,2010,Saturday,Pedalcyclist,Driveway Access,30.32153395,Daylight,-97.71373435,One Motor Vehicle - Turning Left,One Vehicle Leaving Driveway,Entrance To Or Exit From Private Property Or Driveway,False,NONE,City Street,"Straight, Level",Main/Proper Lane,On Roadway,35,AIRPORT BLVD,NO DATA,Dry,Marked Lanes,Clear,Not Worn,-10877443.151351204,3544947.35225732
11596472,True,False,Austin Police Department,True,False,No,0,0,0,2,0,Not Injured,1737,0,0,2010,Saturday,Pedalcyclist,Intersection,30.27375478,Daylight,-97.67930248,One Motor Vehicle - Turning Left,Not Applicable,Not Applicable,False,NONE,City Street,"Straight, Level",Main/Proper Lane,On Roadway,0,ELEANOR ST,1199,Dry,Stop Sign,Clear,Not Worn,-10873610.213115744,3538787.22628042
11606387,False,False,Austin Police Department,False,False,No,0,0,1,1,0,Non-Incapacitating Injury,738,1,0,2010,Monday,Pedalcyclist,Intersection Related,30.30066537,Daylight,-97.67325628,One Motor Vehicle - Going Straight,Not Applicable,Not Applicable,False,NONE,City Street,"Straight, Grade",Main/Proper Lane,On Roadway,25,ROGGE LN,3595,Dry,Stop Sign,Clear,Not Worn,-10872937.153210511,3542256.4155543153
11623654,False,False,Austin Police Department,False,False,No,0,0,3,0,0,Non-Incapacitating Injury,148,3,1,2010,Thursday,Pedalcyclist,Intersection Related,30.26717299,"Dark, Lighted",-97.74701274,One Motor Vehicle - Going Straight,"Slowing/Stopping - For Officer, Flagman, Or Traffic Control",Not Applicable,False,NONE,City Street,"Straight, Level",Main/Proper Lane,On Roadway,30,W 4TH ST,401,Dry,Signal Light,Clear,Not Worn,-10881147.684780424,3537938.8770322725
11623654,False,False,Austin Police Department,False,False,No,0,0,3,0,0,Non-Incapacitating Injury,148,3,1,2010,Thursday,Pedalcyclist,Intersection Related,30.26717299,"Dark, Lighted",-97.74701274,One Motor Vehicle - Going Straight,"Slowing/Stopping - For Officer, Flagman, Or Traffic Control",Not Applicable,False,NONE,City Street,"Straight, Level",Main/Proper Lane,On Roadway,30,W 4TH ST,401,Dry,Signal Light,Clear,Not Worn,-10881147.684780424,3537938.8770322725
11623654,False,False,Austin Police Department,False,False,No,0,0,3,0,0,Non-Incapacitating Injury,148,3,1,2010,Thursday,Pedalcyclist,Intersection Related,30.26717299,"Dark, Lighted",-97.74701274,One Motor Vehicle - Going Straight,"Slowing/Stopping - For Officer, Flagman, Or Traffic Control",Not Applicable,False,NONE,City Street,"Straight, Level",Main/Proper Lane,On Roadway,30,W 4TH ST,401,Dry,Signal Light,Clear,Not Worn,-10881147.684780424,3537938.8770322725
11569813,False,False,Austin Police Department,False,False,No,0,0,2,1,0,Non-Incapacitating Injury,854,2,0,2010,Friday,Pedalcyclist,Intersection Related,30.29390344,Daylight,-97.73520627,One Motor Vehicle - Turning Left,Not Applicable,Not Applicable,False,NONE,City Street,"Straight, Grade",Main/Proper Lane,On Roadway,30,WALLING DR,3101,Dry,Center Stripe/Divider,Cloudy,Not Worn,-10879833.394551959,3541384.6091635493
11569813,False,False,Austin Police Department,False,False,No,0,0,2,1,0,Non-Incapacitating Injury,854,2,0,2010,Friday,Pedalcyclist,Intersection Related,30.29390344,Daylight,-97.73520627,One Motor Vehicle - Turning Left,Not Applicable,Not Applicable,False,NONE,City Street,"Straight, Grade",Main/Proper Lane,On Roadway,30,WALLING DR,3101,Dry,Center Stripe/Divider,Cloudy,Not Worn,-10879833.394551959,3541384.6091635493
11569818,False,False,Austin Police Department,True,False,No,0,0,1,1,0,Non-Incapacitating Injury,1720,1,0,2010,Friday,Pedalcyclist,Intersection,30.31510477,Daylight,-97.72168247,One Motor Vehicle - Going Straight,Not Applicable,Not Applicable,False,"GIRO HELMET SERIAL:Y1875392, TREK 5200 BIKE SERIAL:WR0014426",City Street,"Straight, Level",Main/Proper Lane,On Roadway,35,E 51ST ST,300,Dry,Stop Sign,Clear,"Worn, Damaged",-10878327.932022369,3544118.2689669933
11569852,False,False,Austin Police Department,False,True,No,0,0,0,0,1,Possible Injury,225,1,1,2010,Friday,Pedalcyclist,Non Intersection,30.26838173,"Dark, Lighted",-97.7475518,One Motor Vehicle - Going Straight,Construction-Within Posted Road Construction Zone (Related To Crash),Not Applicable,False,NONE,City Street,"Straight, Grade",Main/Proper Lane,On Roadway,35,W 5TH ST,464,Dry,None,Clear,"Worn, Not Damaged",-10881207.69266513,3538094.671369073
11587175,False,False,Austin Police Department,False,False,No,0,1,0,0,0,Incapacitating Injury,2055,1,1,2010,Friday,Pedalcyclist,Non Intersection,30.27098831,"Dark, Lighted",-97.69712876,One Motor Vehicle - Going Straight,Not Applicable,Not Applicable,False,NONE,US & State Highways,"Straight, Level",Main/Proper Lane,On Roadway,45,SL0111,1141,Dry,Marked Lanes,Clear,Not Worn,-10875594.625528082,3538430.6396447453
11569829,False,False,Austin Police Department,True,False,No,0,0,1,1,0,Non-Incapacitating Injury,1140,1,0,2010,Saturday,Pedalcyclist,Intersection,30.28837477,Daylight,-97.72909247,One Motor Vehicle - Turning Right,Not Applicable,Not Applicable,False,NONE,City Street,"Straight, Level",Main/Proper Lane,On Roadway,30,E DEAN KEETON ST,824,Dry,Signal Light,Cloudy,Not Worn,-10879152.809449147,3540671.8499621945
11569875,False,False,Austin Police Department,True,False,No,0,0,1,1,0,Non-Incapacitating Injury,844,1,0,2010,Sunday,Pedalcyclist,Intersection Related,30.37228476,Daylight,-97.74796246,One Motor Vehicle - Turning Left,Not Applicable,Not Applicable,False,NONE,City Street,"Straight, Level",Main/Proper Lane,On Roadway,0,SUMMERWOOD DR,8201,Dry,None,Clear,"Worn, Not Damaged",-10881253.40712722,3551493.900590795
11596822,False,False,Austin Police Department,False,False,No,0,0,1,2,0,Non-Incapacitating Injury,1805,1,0,2010,Tuesday,Pedalcyclist,Non Intersection,30.25738446,Daylight,-97.70134609,One Motor Vehicle - Going Straight,Not Applicable,Not Applicable,False,NONE,City Street,"Straight, Level",Main/Proper Lane,On Roadway,30,GONZALES ST,3550,Dry,None,Clear,Not Worn,-10876064.096556189,3536677.3053600355
11587216,False,False,Austin Police Department,True,False,No,0,1,0,1,0,Incapacitating Injury,1742,1,0,2010,Thursday,Pedalcyclist,Intersection,30.3276179,Daylight,-97.81115444,One Motor Vehicle - Turning Left,Not Applicable,Not Applicable,False,NONE,US & State Highways,"Straight, Grade",Other (Explain In Narrative),On Roadway,60,SL0360,NO DATA,Dry,None,Clear,"Worn, Unk Damage",-10888287.906163039,3545731.9660703647
11606139,True,False,Austin Police Department,False,False,No,0,0,1,1,0,Non-Incapacitating Injury,2032,1,0,2010,Friday,Pedalcyclist,Intersection Related,30.20127862,"Dark, Unknown Lighting",-97.78722671,One Motor Vehicle - Going Straight,Not Applicable,Not Applicable,False,NONE,City Street,"Straight, Level",Main/Proper Lane,On Roadway,30,EBERHART LN,795,Dry,Center Stripe/Divider,Clear,"Worn, Damaged",-10885624.2834436,3529448.6597653385
11623532,False,False,Austin Police Department,False,False,No,0,0,1,1,0,Non-Incapacitating Injury,1200,1,0,2010,Saturday,Pedalcyclist,Intersection,30.2659921,Daylight,-97.71397263,One Motor Vehicle - Turning Right,Not Applicable,Not Applicable,False,NONE,City Street,"Straight, Grade",Main/Proper Lane,On Roadway,30,NORTHWESTERN AVE,993,Dry,Stop Sign,Clear,Not Worn,-10877469.67655947,3537786.6741305282
11623245,False,False,Austin Police Department,False,False,No,0,1,0,0,0,Incapacitating Injury,242,1,1,2010,Sunday,Pedalcyclist,Non Intersection,30.28287615,"Dark, Lighted",-97.70193316,One Motor Vehicle - Going Straight,Not Applicable,Not Applicable,False,NONE,Farm To Market,"Straight, Grade",Main/Proper Lane,On Roadway,0,FM0969,3283,Dry,None,Clear,"Worn, Not Damaged",-10876129.448889649,3539963.004666574
11623501,True,False,Austin Police Department,False,False,No,0,0,1,1,0,Non-Incapacitating Injury,724,1,0,2010,Tuesday,Pedalcyclist,Driveway Access,30.1742358,Daylight,-97.79330319,One Motor Vehicle - Going Straight,One Vehicle Leaving Driveway,Entrance To Or Exit From Private Property Or Driveway,False,BLU/WHI TREK BICYCLE,City Street,"Straight, Level",Main/Proper Lane,On Roadway,40,RALPH ABLANEDO DR,494,Dry,None,Clear,Not Worn,-10886300.714103017,3525965.949490921
11623317,True,False,Austin Police Department,False,False,No,0,0,1,1,0,Non-Incapacitating Injury,1232,1,0,2010,Wednesday,Pedalcyclist,Driveway Access,30.23611996,Daylight,-97.76341297,One Motor Vehicle - Turning Left,One Vehicle Entering Driveway,Entrance To Or Exit From Private Property Or Driveway,False,NONE,City Street,"Straight, Grade",Main/Proper Lane,Not Applicable,35,S 1ST ST,2888,Dry,Center Stripe/Divider,Cloudy,Not Worn,-10882973.350032916,3533937.113419835
11623774,False,False,Austin Police Department,False,False,No,0,0,1,3,0,Non-Incapacitating Injury,1245,1,0,2010,Tuesday,Pedalcyclist,Driveway Access,30.25771976,Daylight,-97.72634887,One Motor Vehicle - Going Straight,One Vehicle Leaving Driveway,Entrance To Or Exit From Private Property Or Driveway,False,NONE,City Street,"Straight, Level",Main/Proper Lane,On Roadway,35,E CESAR CHAVEZ ST,1726,Dry,None,Clear,Not Worn,-10878847.393294206,3536720.5176322153
11630219,False,False,Austin Police Department,False,False,No,0,0,1,0,0,Non-Incapacitating Injury,750,1,1,2010,Friday,Pedalcyclist,Intersection Related,30.18875248,Daylight,-97.88120412,One Motor Vehicle - Going Straight,Not Applicable,Not Applicable,False,NONE,City Street,"Straight, Level",Other (Explain In Narrative),On Roadway,30,DAHLGREEN AVE,NO DATA,Dry,Stop Sign,Clear,"Worn, Damaged",-10896085.800870871,3527835.3616165863
11630330,False,False,Austin Police Department,True,False,No,0,0,1,1,0,Non-Incapacitating Injury,1941,1,0,2010,Friday,Pedalcyclist,Intersection,30.22964479,"Dark, Lighted",-97.76025246,One Motor Vehicle - Turning Right,Not Applicable,Not Applicable,False,NONE,City Street,"Straight, Grade",Main/Proper Lane,On Roadway,0,S CONGRESS AVE,3401,Dry,Signal Light,Clear,Unknown If Worn,-10882621.52366907,3533102.8260009955
11649335,False,False,Austin Police Department,True,False,No,0,0,1,0,0,Non-Incapacitating Injury,1809,1,1,2010,Friday,Pedalcyclist,Intersection,30.25890478,Daylight,-97.71464247,One Motor Vehicle - Turning Left,Not Applicable,Not Applicable,False,NONE,City Street,"Straight, Level",Main/Proper Lane,On Roadway,30,E 6TH ST,2500,Dry,Stop Sign,Cloudy,"Worn, Damaged",-10877544.242807183,3536873.2399797062
11630374,False,False,Austin Police Department,True,False,No,0,0,1,1,0,Non-Incapacitating Injury,1005,1,0,2010,Sunday,Pedalcyclist,Intersection,30.1907948,Daylight,-97.84525244,One Motor Vehicle - Turning Right,Not Applicable,Not Applicable,False,NONE,City Street,"Straight, Level",Main/Proper Lane,On Roadway,30,SILK OAK DR,NO DATA,Dry,Signal Light,Cloudy,Not Worn,-10892083.678160107,3528098.387231708
11649273,False,False,Austin Police Department,False,False,No,0,0,2,0,0,Non-Incapacitating Injury,1314,2,0,2010,Thursday,Pedalcyclist,Driveway Access,30.19637948,Daylight,-97.78826258,One Motor Vehicle - Going Straight,One Vehicle Leaving Driveway,Entrance To Or Exit From Private Property Or Driveway,False,NONE,City Street,"Straight, Level",Other (Explain In Narrative),On Roadway,0,S 1ST ST,6749,Dry,None,Cloudy,Not Worn,-10885739.595964527,3528817.6529577603
11654493,True,False,Austin Police Department,False,False,No,0,0,1,2,0,Non-Incapacitating Injury,838,1,0,2010,Monday,Pedalcyclist,Non Intersection,30.2832242,Daylight,-97.7767753,One Motor Vehicle - Going Straight,Not Applicable,Not Applicable,False,NONE,City Street,"Straight, Level",Main/Proper Lane,On Roadway,35,EXPOSITION BLVD,702,Dry,Warning Sign,Cloudy,Not Worn,-10884460.837804329,3540007.8717658096
11654497,False,False,Austin Police Department,True,False,No,0,0,0,5,0,Not Injured,2038,0,0,2010,Monday,Pedalcyclist,Intersection,30.28378478,"Dark, Lighted",-97.72206247,One Motor Vehicle - Turning Right,Not Applicable,Not Applicable,False,NONE,City Street,"Straight, Level",Main/Proper Lane,On Roadway,0,CHICON ST,2299,Dry,Stop Sign,Clear,"Worn, Not Damaged",-10878370.23342887,3540080.1364259194
11672507,False,False,Austin Police Department,True,False,No,0,1,0,1,0,Incapacitating Injury,1928,1,0,2010,Monday,Pedalcyclist,Intersection,30.1578648,Dusk,-97.84361244,One Motor Vehicle - Turning Left,Vision Obstructed By Headlight Or Sun Glare,Not Applicable,False,NONE,City Street,"Straight, Level",Main/Proper Lane,On Roadway,30,MASON DELLS LN,2700,Dry,None,Clear,"Worn, Unk Damage",-10891901.114195207,3523858.0742594553
11673861,False,False,Austin Police Department,True,False,No,0,0,1,1,0,Non-Incapacitating Injury,2114,1,0,2010,Tuesday,Pedalcyclist,Intersection,30.26417478,"Dark, Not Lighted",-97.72136247,One Motor Vehicle - Turning Left,Not Applicable,Not Applicable,False,NONE,City Street,"Straight, Level",Main/Proper Lane,On Roadway,35,CHICON ST,899,Dry,None,Clear,Not Worn,-10878292.309785314,3537552.4464258193
11672303,False,False,Austin Police Department,False,False,No,0,0,0,2,0,Not Injured,2022,0,0,2010,Wednesday,Pedalcyclist,Non Intersection,30.25754477,"Dark, Lighted",-97.75055247,One Motor Vehicle - Going Straight,Not Applicable,Not Applicable,False,NONE,City Street,"Curve, Hillcrest",Main/Proper Lane,On Roadway,35,S 1ST ST,600,Dry,None,Clear,Not Worn,-10881541.72572157,3536697.96552461
11672327,False,False,Austin Police Department,False,False,No,0,0,0,1,1,Possible Injury,733,1,0,2010,Wednesday,Pedalcyclist,Driveway Access,30.31669352,Daylight,-97.69095326,One Motor Vehicle - Going Straight,One Vehicle Leaving Driveway,Entrance To Or Exit From Private Property Or Driveway,False,NONE,City Street,"Straight, Level",Main/Proper Lane,On Roadway,0,BERKMAN DR,6271,Dry,None,Clear,Unknown If Worn,-10874907.172012689,3544323.143234208
11672556,False,False,Austin Police Department,False,False,No,0,0,0,1,1,Possible Injury,1138,1,0,2010,Thursday,Pedalcyclist,Non Intersection,30.264138,Daylight,-97.73526419,One Motor Vehicle - Going Straight,Vehicle Changing Lanes,Not Applicable,False,NONE,Interstate,"Straight, Level",Service/Frontage Road,On Roadway,0,IH0035,NO DATA,Dry,None,Clear,Not Worn,-10879839.842176864,3537547.7060313686
11690819,False,False,Austin Police Department,True,False,No,0,0,1,1,0,Non-Incapacitating Injury,2046,1,0,2010,Friday,Pedalcyclist,Intersection,30.23105479,"Dark, Not Lighted",-97.75934246,One Motor Vehicle - Turning Left,Not Applicable,Not Applicable,False,NONE,City Street,"Straight, Level",Main/Proper Lane,On Roadway,40,S CONGRESS AVE,3201,Dry,Bike Lane,Clear,"Worn, Not Damaged",-10882520.222932449,3533284.4914952912
11673854,False,False,Austin Police Department,False,False,No,0,0,1,1,0,Non-Incapacitating Injury,119,1,0,2010,Saturday,Pedalcyclist,Non Intersection,30.26584623,"Dark, Lighted",-97.73491641,One Motor Vehicle - Going Straight,Not Applicable,Not Applicable,False,NONE,City Street,"Straight, Level",Main/Proper Lane,On Roadway,0,E 6TH ST,NO DATA,Dry,Signal Light,Clear,Not Worn,-10879801.127484357,3537767.873321591
11673911,True,False,Austin Police Department,True,True,Yes,0,0,1,1,0,Non-Incapacitating Injury,1552,1,0,2010,Sunday,Pedalcyclist,Intersection,30.26394478,Daylight,-97.72612246,One Motor Vehicle - Going Straight,Construction - Within Posted Road Construction Zone (Not Related To Crash),Not Applicable,False,NONE,City Street,"Straight, Level",Main/Proper Lane,On Roadway,35,E 7TH ST,1600,Dry,Signal Light,Clear,Not Worn,-10878822.189448295,3537522.802879034
11673913,False,False,Austin Police Department,False,False,No,0,0,0,1,1,Possible Injury,1845,1,0,2010,Monday,Pedalcyclist,Intersection Related,30.26903047,Daylight,-97.74634663,One Motor Vehicle - Turning Left,Not Applicable,Not Applicable,False,NONE,City Street,"Straight, Level",Main/Proper Lane,On Roadway,35,W 6TH ST,405,Dry,Signal Light,Clear,Not Worn,-10881073.533754412,3538178.2881718474
11691039,False,False,Austin Police Department,False,False,No,0,0,1,1,0,Non-Incapacitating Injury,1036,1,0,2010,Tuesday,Pedalcyclist,Intersection Related,30.21424985,Daylight,-97.79501365,One Motor Vehicle - Going Straight,Not Applicable,Not Applicable,False,NONE,City Street,"Straight, Level",Main/Proper Lane,On Roadway,30,KINGS HWY,5596,Dry,Stop Sign,Clear,"Worn, Unk Damage",-10886491.121639237,3531119.4994409448
11691050,False,False,Austin Police Department,False,False,No,0,0,1,1,0,Non-Incapacitating Injury,1646,1,0,2010,Tuesday,Pedalcyclist,Intersection Related,30.2582568,Daylight,-97.73310223,One Motor Vehicle - Going Straight,Not Applicable,Not Applicable,False,NONE,City Street,"Straight, Level",Main/Proper Lane,On Roadway,0,CANTERBURY ST,1221,Dry,None,Clear,Not Worn,-10879599.17389055,3536789.72974588
11863841,False,False,Austin Police Department,True,False,No,0,0,0,4,0,Not Injured,1754,0,0,2010,Wednesday,Pedalcyclist,Intersection,30.33610477,Daylight,-97.72578246,One Motor Vehicle - Going Straight,Not Applicable,Not Applicable,False,NONE,City Street,"Straight, Level",Main/Proper Lane,On Roadway,30,GROVER AVE,6599,Dry,Stop Sign,Clear,"Worn, Not Damaged",-10878784.340821426,3546826.55277671
11696593,False,False,Austin Police Department,False,False,No,0,1,0,1,0,Incapacitating Injury,1848,1,0,2010,Thursday,Pedalcyclist,Non Intersection,30.28143534,Daylight,-97.71089837,One Motor Vehicle - Going Straight,Not Applicable,Not Applicable,False,NONE,City Street,"Straight, Level",Main/Proper Lane,On Roadway,35,E MARTIN LUTHER KING JR BLVD,2836,Dry,None,Clear,Not Worn,-10877127.451501705,3539777.271651315
11696597,False,False,Austin Police Department,True,False,No,0,0,1,1,0,Non-Incapacitating Injury,1738,1,0,2010,Thursday,Pedalcyclist,Intersection,30.1834648,Daylight,-97.84984244,One Motor Vehicle - Going Straight,Not Applicable,Not Applicable,False,NONE,City Street,"Straight, Level",Main/Proper Lane,On Roadway,45,BRODIE LN,10001,Dry,Crosswalk,Clear,Not Worn,-10892594.63462285,3527154.399018667
11672322,False,False,Austin Police Department,True,False,No,0,0,1,1,0,Non-Incapacitating Injury,2321,1,0,2010,Sunday,Pedalcyclist,Intersection,30.30274477,"Dark, Lighted",-97.73815246,One Motor Vehicle - Turning Left,Not Applicable,Not Applicable,False,NONE,City Street,"Straight, Level",Main/Proper Lane,On Roadway,35,GUADALUPE ST,3801,Dry,Signal Light,Clear,Not Worn,-10880161.362922538,3542524.5218406403
11696304,False,False,Austin Police Department,False,False,No,0,0,0,3,1,Possible Injury,1940,1,0,2010,Sunday,Pedalcyclist,Non Intersection,30.27172222,"Dark, Lighted",-97.75391173,One Motor Vehicle - Going Straight,Not Applicable,Not Applicable,False,NONE,Interstate,"Straight, Level",Main/Proper Lane,On Roadway,35,N LAMAR BLVD,601,Dry,None,Clear,Not Worn,-10881915.676834213,3538525.2366540376
11691086,False,False,Austin Police Department,False,False,No,0,0,0,1,1,Possible Injury,802,1,0,2010,Tuesday,Pedalcyclist,Intersection Related,30.26577147,Daylight,-97.73464386,One Motor Vehicle - Turning Right,Not Applicable,Not Applicable,False,NONE,Interstate,"Straight, Level",Service/Frontage Road,On Roadway,30,IH0035,NO DATA,Dry,Signal Light,Clear,Not Worn,-10879770.787357142,3537758.2377083926
11691640,True,False,Austin Police Department,True,False,No,0,0,0,1,1,Possible Injury,1247,1,0,2010,Tuesday,Pedalcyclist,Intersection,30.29653477,Daylight,-97.73117246,One Motor Vehicle - Turning Left,Not Applicable,Not Applicable,False,NONE,City Street,"Straight, Level",Main/Proper Lane,On Roadway,35,DUVAL ST,3409,Dry,None,Clear,Not Worn,-10879384.352876801,3541723.855798108
11696395,False,False,Austin Police Department,True,False,No,0,0,1,0,0,Non-Incapacitating Injury,108,1,3,2010,Thursday,Pedalcyclist,Intersection,30.26526478,Unknown,-97.74385246,One Motor Vehicle - Turning Left,Not Applicable,Not Applicable,False,NONE,City Street,"Straight, Level",Main/Proper Lane,On Roadway,30,CONGRESS AVE,299,Dry,Signal Light,Clear,Not Worn,-10880795.88402006,3537692.932004879
11858947,False,False,Austin Police Department,True,False,No,0,0,0,0,1,Possible Injury,1916,1,1,2010,Thursday,Pedalcyclist,Intersection,30.26028478,Dusk,-97.74963246,One Motor Vehicle - Turning Left,Not Applicable,Not Applicable,False,NONE,City Street,"Straight, Level",Main/Proper Lane,On Roadway,35,S 1ST ST,NO DATA,Dry,Signal Light,Clear,Not Worn,-10881439.310676847,3537051.0931735416
11691623,True,False,Austin Police Department,False,False,No,0,0,1,2,0,Non-Incapacitating Injury,1835,1,0,2010,Friday,Pedalcyclist,Non Intersection,30.24496072,Daylight,-97.71564305,One Motor Vehicle - Going Straight,Not Applicable,Not Applicable,False,NONE,City Street,"Straight, Level",Main/Proper Lane,On Roadway,45,S PLEASANT VALLEY RD,667,Dry,Marked Lanes,Clear,Not Worn,-10877655.626863282,3535076.2818855043
11696252,True,False,Austin Police Department,True,False,No,0,0,0,1,1,Possible Injury,1001,1,0,2010,Saturday,Pedalcyclist,Intersection,30.41001475,Daylight,-97.74757246,One Motor Vehicle - Turning Left,Not Applicable,Not Applicable,False,NONE,City Street,"Straight, Level",Main/Proper Lane,On Roadway,0,JOLLYVILLE RD,11223,Dry,Bike Lane,Clear,"Worn, Not Damaged",-10881209.992525812,3556363.0441256943
12118047,False,False,Austin Police Department,False,False,No,0,0,1,1,0,Non-Incapacitating Injury,837,1,0,2010,Monday,Pedalcyclist,Driveway Access,30.31800116,Daylight,-97.72822487,One Motor Vehicle - Turning Left,One Vehicle Entering Driveway,Entrance To Or Exit From Private Property Or Driveway,False,NONE,City Street,"Straight, Level",Main/Proper Lane,On Roadway,30,GUADALUPE ST,5144,Dry,Marked Lanes,Clear,Not Worn,-10879056.228658935,3544491.769982495
11696205,True,False,Austin Police Department,True,False,No,0,0,1,1,0,Non-Incapacitating Injury,1928,1,0,2010,Tuesday,Pedalcyclist,Intersection Related,30.1943148,"Dark, Lighted",-97.84302244,One Motor Vehicle - Turning Right,Not Applicable,Not Applicable,False,NONE,City Street,"Straight, Level",Main/Proper Lane,On Roadway,40,BRODIE LN,NO DATA,Dry,Signal Light,Clear,"Worn, Not Damaged",-10891835.43569564,3528551.732600137
11696260,False,False,Austin Police Department,False,False,No,0,1,0,4,0,Incapacitating Injury,755,1,0,2010,Wednesday,Pedalcyclist,Non Intersection,30.35273517,Daylight,-97.73290795,One Motor Vehicle - Going Straight,Not Applicable,Not Applicable,False,NONE,City Street,"Straight, Level",Main/Proper Lane,On Roadway,40,BURNET RD,7636,Dry,Marked Lanes,Clear,Not Worn,-10879577.546739878,3548971.7193836723