Crash ID,$1000 Damage to Any One Person's Property,Active School Zone Flag,Agency,At Intersection Flag,Construction Zone Flag,Construction Zone Workers Present Flag,Crash Death Count,Crash Incapacitating Injury Count,Crash Non-incapacitating Injury Count,Crash Not Injured Count,Crash Possible Injury Count,Crash Severity,Crash Time,Crash Total Injury Count,Crash Unknown Injury Count,Crash Year,Day of Week,First Harmful Event,Intersection Related,Latitude,Light Condition,Longitude,Manner of Collision,Other Factor,Physical Feature 1,Private Drive Flag,Property Damages,Road Class,Roadway Alignment,Roadway Part,Roadway Relation,Speed Limit,Street Name,Street Number,Surface Condition,Traffic Control Type,Weather Condition,Person Helmet,MercatorX,MercatorY
11696443,False,False,Austin Police Department,True,False,No,0,0,1,1,0,Non-Incapacitating Injury,1758,1,0,2010,Sunday,Pedalcyclist,Intersection Related,30.26925478,Daylight,-97.73972246,One Motor Vehicle - Turning Right,Not Applicable,Not Applicable,False,NONE,City Street,"Straight, Grade",Main/Proper Lane,On Roadway,30,E 8TH ST,298,Dry,Signal Light,Clear,Not Worn,-10880336.134523083,3538207.199859781
11696531,False,False,Austin Police Department,False,False,No,0,0,1,0,0,Non-Incapacitating Injury,2213,1,2,2010,Sunday,Pedalcyclist,Non Intersection,30.26572009,"Dark, Not Lighted",-97.73466188,One Motor Vehicle - Going Straight,Not Applicable,Not Applicable,False,NONE,Interstate,"Straight, Level",Service/Frontage Road,On Roadway,50,IH0035,NO DATA,Dry,Marked Lanes,Clear,Not Worn,-10879772.793334365,3537751.6154841008
11713292,False,False,Austin Police Department,False,False,No,0,1,0,0,0,Incapacitating Injury,621,1,1,2010,Sunday,Pedalcyclist,Non Intersection,30.30208419,"Dark, Lighted",-97.69671735,One Motor Vehicle - Going Straight,Not Applicable,Not Applicable,False,NONE,City Street,"Curve, Level",Main/Proper Lane,On Roadway,45,E 51ST ST,1836,Dry,None,Clear,Not Worn,-10875548.827576376,3542439.349708242
11799204,False,False,Austin Police Department,False,False,No,0,0,1,0,0,Non-Incapacitating Injury,2213,1,2,2010,Sunday,Pedalcyclist,Non Intersection,30.26572009,"Dark, Not Lighted",-97.73466188,One Motor Vehicle - Going Straight,Not Applicable,Not Applicable,False,NONE,Interstate,"Straight, Level",Service/Frontage Road,On Roadway,50,IH0035,NO DATA,Dry,Marked Lanes,Clear,Not Worn,-10879772.793334365,3537751.6154841008
11696416,False,False,Austin Police Department,True,False,No,0,0,1,1,0,Non-Incapacitating Injury,1753,1,0,2010,Monday,Pedalcyclist,Intersection,30.28922477,Daylight,-97.73275246,One Motor Vehicle - Turning Right,Not Applicable,Not Applicable,False,BICYCLE,City Street,"Straight, Hillcrest",Main/Proper Lane,On Roadway,30,E DEAN KEETON ST,NO DATA,Dry,Marked Lanes,Clear,"Worn, Damaged",-10879560.237672254,3540781.4298199415
11712495,False,False,Austin Police Department,False,False,No,0,0,1,2,0,Non-Incapacitating Injury,40,1,0,2010,Wednesday,Pedalcyclist,Driveway Access,30.2204751,Unknown,-97.76544647,One Motor Vehicle - Turning Left,One Vehicle Entering Driveway,Entrance To Or Exit From Private Property Or Driveway,False,NONE,City Street,"Straight, Level",Main/Proper Lane,On Roadway,45,S CONGRESS AVE,4223,Dry,Center Stripe/Divider,Clear,Not Worn,-10883199.718217446,3531921.459575302
11713342,False,False,Austin Police Department,False,False,No,0,0,1,1,0,Non-Incapacitating Injury,1804,1,0,2010,Thursday,Pedalcyclist,Driveway Access,30.29786997,Daylight,-97.74123552,One Motor Vehicle - Turning Right,One Vehicle Entering Driveway,Entrance To Or Exit From Private Property Or Driveway,False,NONE,City Street,"Straight, Level",Main/Proper Lane,On Roadway,30,GUADALUPE ST,3099,Dry,None,Clear,Not Worn,-10880504.567591824,3541896.001164603
11712848,False,False,Austin Police Department,False,False,No,0,0,1,1,0,Non-Incapacitating Injury,729,1,0,2010,Friday,Pedalcyclist,Non Intersection,30.35083993,Dawn,-97.70915299,One Motor Vehicle - Going Straight,Not Applicable,Not Applicable,False,"BICYCLE, 26"", MOUNTAIN",US & State Highways,"Straight, Level",Main/Proper Lane,On Roadway,45,SL0275,8200,Dry,Marked Lanes,Clear,Not Worn,-10876933.156688863,3548727.232682752
11712850,False,False,Austin Police Department,False,False,No,0,0,1,1,0,Non-Incapacitating Injury,1704,1,0,2010,Saturday,Pedalcyclist,Intersection Related,30.26596478,Daylight,-97.76896246,One Motor Vehicle - Turning Right,Not Applicable,Not Applicable,False,NONE,City Street,"Straight, Level",Entrance/On Ramp,On Roadway,15,WILLIAM BARTON DR,NO DATA,Dry,Crosswalk,Clear,Not Worn,-10883591.11643388,3537783.1529239053
11713423,False,False,Austin Police Department,False,False,No,0,0,1,1,0,Non-Incapacitating Injury,1733,1,0,2010,Saturday,Pedalcyclist,Driveway Access,30.16430919,Daylight,-97.82986854,One Motor Vehicle - Turning Right,One Vehicle Leaving Driveway,Entrance To Or Exit From Private Property Or Driveway,False,NONE,Farm To Market,"Straight, Grade",Other (Explain In Narrative),Shoulder,45,FM2304,10628,Dry,None,Clear,Not Worn,-10890371.150245694,3524687.790596001
11713467,False,False,Austin Police Department,True,False,No,0,0,0,1,1,Possible Injury,835,1,0,2010,Saturday,Pedalcyclist,Intersection,30.41724475,Daylight,-97.75004245,One Motor Vehicle - Turning Left,Not Applicable,Not Applicable,False,NONE,City Street,"Straight, Level",Main/Proper Lane,On Roadway,45,JOLLYVILLE RD,11615,Dry,Signal Light,Clear,"Worn, Not Damaged",-10881484.950554874,3557296.3073475966
11712348,False,False,Austin Police Department,False,False,No,0,0,1,1,0,Non-Incapacitating Injury,1149,1,0,2010,Wednesday,Pedalcyclist,Intersection Related,30.32592361,Daylight,-97.72634516,One Motor Vehicle - Turning Left,Not Applicable,Not Applicable,False,NONE,City Street,"Straight, Level",Main/Proper Lane,On Roadway,40,N LAMAR BLVD,NO DATA,Dry,Signal Light,Cloudy,Unknown If Worn,-10878846.980298894,3545513.45784383
11738556,True,False,Austin Police Department,False,False,No,0,0,1,3,0,Non-Incapacitating Injury,1614,1,0,2010,Thursday,Pedalcyclist,Driveway Access,30.24683993,Daylight,-97.77745735,One Motor Vehicle - Turning Left,One Vehicle Entering Driveway,Entrance To Or Exit From Private Property Or Driveway,False,NONE,US & State Highways,"Straight, Grade",Main/Proper Lane,On Roadway,45,SL0343,2445,Dry,None,Clear,Not Worn,-10884536.763263026,3535318.439067834
11763577,False,False,Austin Police Department,False,False,No,0,0,1,1,0,Non-Incapacitating Injury,1026,1,0,2010,Sunday,Pedalcyclist,Intersection Related,30.17363507,Daylight,-97.82379977,One Motor Vehicle - Turning Right,Not Applicable,Not Applicable,False,NONE,City Street,"Straight, Level",Main/Proper Lane,On Roadway,45,W SLAUGHTER LN,1998,Dry,Crosswalk,Clear,Not Worn,-10889695.57785955,3525888.595316631
11799239,True,False,Austin Police Department,True,False,No,0,0,1,1,0,Non-Incapacitating Injury,1018,1,0,2010,Sunday,Pedalcyclist,Intersection,30.26428944,Daylight,-97.78689183,One Motor Vehicle - Turning Left,Not Applicable,Not Applicable,False,NONE,US & State Highways,"Straight, Hillcrest",Service/Frontage Road,On Roadway,0,SL0001,NO DATA,Dry,None,Clear,Unknown If Worn,-10885587.004772523,3537567.2244042507
11763525,False,False,Austin Police Department,True,False,No,0,0,1,1,0,Non-Incapacitating Injury,1941,1,0,2010,Tuesday,Pedalcyclist,Intersection Related,30.1724048,"Dark, Lighted",-97.79957245,One Motor Vehicle - Turning Left,Not Applicable,Not Applicable,False,NONE,City Street,"Straight, Grade",Main/Proper Lane,On Roadway,45,W SLAUGHTER LN,NO DATA,Dry,Signal Light,Clear,Not Worn,-10886998.604933867,3525730.1786636757
11764513,False,False,Austin Police Department,True,False,No,0,0,1,1,0,Non-Incapacitating Injury,1440,1,0,2010,Tuesday,Pedalcyclist,Intersection,30.27996722,Daylight,-97.73573081,One Motor Vehicle - Turning Right,Not Applicable,Not Applicable,False,NONE,City Street,"Straight, Level",Main/Proper Lane,On Roadway,40,E MARTIN LUTHER KING JR BLVD,297,Dry,Signal Light,Clear,Not Worn,-10879891.78607766,3539588.0209433683
11763435,True,False,Austin Police Department,False,False,No,0,1,0,1,0,Incapacitating Injury,1355,1,0,2010,Thursday,Pedalcyclist,Intersection Related,30.26195571,Daylight,-97.7355559,One Motor Vehicle - Turning Right,Not Applicable,Not Applicable,False,NONE,City Street,"Straight, Level",Main/Proper Lane,On Roadway,30,E 2ND ST,806,Dry,Stop Sign,Clear,Not Worn,-10879872.315185525,3537266.4445165982
11763616,False,False,Austin Police Department,True,False,No,0,0,1,1,0,Non-Incapacitating Injury,1540,1,0,2010,Thursday,Pedalcyclist,Intersection,30.30817477,Daylight,-97.72745247,One Motor Vehicle - Turning Left,Not Applicable,Not Applicable,False,BICYCLE/UNIT 2,City Street,"Straight, Level",Main/Proper Lane,On Roadway,35,AVENUE F,4501,Dry,Stop Sign,Clear,Not Worn,-10878970.245484246,3543224.662695347
11763363,True,False,Austin Police Department,True,False,No,0,0,1,1,0,Non-Incapacitating Injury,2139,1,0,2010,Friday,Pedalcyclist,Intersection,30.41059462,"Dark, Lighted",-97.68506547,One Motor Vehicle - Going Straight,Not Applicable,Not Applicable,False,NONE,Farm To Market,"Straight, Level",Main/Proper Lane,On Roadway,50,FM0734,1450,Dry,Stop Sign,Clear,Not Worn,-10874251.74622799,3556437.8923842837
11763459,False,False,Austin Police Department,True,False,No,0,0,1,1,0,Non-Incapacitating Injury,1739,1,0,2010,Friday,Pedalcyclist,Intersection,30.28063478,Daylight,-97.73808246,One Motor Vehicle - Turning Right,Not Applicable,Not Applicable,False,NONE,City Street,"Straight, Level",Main/Proper Lane,On Roadway,35,W MARTIN LUTHER KING JR BLVD,NO DATA,Dry,Signal Light,Clear,"Worn, Not Damaged",-10880153.570558183,3539674.073641539
11763369,False,False,Austin Police Department,False,False,No,0,0,1,1,0,Non-Incapacitating Injury,1532,1,0,2010,Saturday,Pedalcyclist,Non Intersection,30.24693163,Daylight,-97.7506474,One Motor Vehicle - Backing,One Vehicle Backward From Parking,Parking Area Within Right Of Way,False,NONE,City Street,"Straight, Level",Main/Proper Lane,On Roadway,0,CONGRESS AVE S,1710,Dry,None,Clear,Not Worn,-10881552.293280832,3535330.2557548042
11763477,False,False,Austin Police Department,True,False,No,0,0,1,2,0,Non-Incapacitating Injury,1317,1,0,2010,Sunday,Pedalcyclist,Intersection,30.28948477,Daylight,-97.73678246,One Motor Vehicle - Going Straight,Not Applicable,Not Applicable,False,NONE,City Street,"Straight, Grade",Main/Proper Lane,On Roadway,30,W DEAN KEETON ST,200,Dry,Signal Light,Clear,Not Worn,-10880008.855220152,3540814.9485543077
11793325,False,False,Austin Police Department,True,False,No,0,0,1,2,0,Non-Incapacitating Injury,2122,1,0,2010,Wednesday,Pedalcyclist,Intersection,30.25721478,"Dark, Lighted",-97.70091247,One Motor Vehicle - Turning Left,Not Applicable,Not Applicable,False,NONE,City Street,"Straight, Level",Main/Proper Lane,On Roadway,30,SPRINGDALE RD,725,Dry,Center Stripe/Divider,Clear,Unknown If Worn,-10876015.826198593,3536655.437660976
11793354,False,False,Austin Police Department,True,False,No,0,0,0,2,1,Possible Injury,1644,1,0,2010,Saturday,Pedalcyclist,Intersection,30.38872863,Daylight,-97.71036699,One Motor Vehicle - Going Straight,Not Applicable,Not Applicable,False,NONE,City Street,"Straight, Level",Main/Proper Lane,On Roadway,45,KRAMER LN,2007,Dry,Signal Light,Clear,Not Worn,-10877068.298550686,3553615.7893261155
11794532,False,False,Austin Police Department,False,False,No,0,0,1,1,0,Non-Incapacitating Injury,1502,1,0,2010,Monday,Pedalcyclist,Driveway Access,30.4025225,Daylight,-97.70141117,One Motor Vehicle - Turning Right,One Vehicle Entering Driveway,Entrance To Or Exit From Private Property Or Driveway,False,NONE,City Street,"Straight, Level",Main/Proper Lane,On Roadway,0,METRIC BLVD,NO DATA,Dry,Marked Lanes,Clear,Unknown If Worn,-10876071.34122865,3555396.0020599337
11794988,True,False,Austin Police Department,False,False,No,0,1,0,0,0,Incapacitating Injury,1745,1,1,2010,Saturday,Pedalcyclist,Non Intersection,30.19618626,Daylight,-97.73700943,One Motor Vehicle - Going Straight,Not Applicable,Not Applicable,False,NONE,City Street,"Straight, Level",Main/Proper Lane,On Roadway,40,NUCKOLS CROSSING RD,4918,Dry,None,Clear,Not Worn,-10880034.121404978,3528792.766960994
11794995,True,False,Austin Police Department,False,False,No,0,0,1,0,0,Non-Incapacitating Injury,417,1,1,2010,Saturday,Pedalcyclist,Non Intersection,30.25519968,"Dark, Lighted",-97.75196586,One Motor Vehicle - Going Straight,Not Applicable,Not Applicable,False,NONE,City Street,"Straight, Grade",Main/Proper Lane,On Roadway,35,S 1ST ST,799,Dry,Marked Lanes,Clear,Unknown If Worn,-10881699.063576663,3536395.742291525
11794520,False,False,Austin Police Department,True,False,No,0,0,0,2,1,Possible Injury,1910,1,0,2010,Sunday,Pedalcyclist,Intersection,30.28320478,"Dark, Lighted",-97.74715246,One Motor Vehicle - Going Straight,Not Applicable,Not Applicable,False,NONE,City Street,"Straight, Grade",Main/Proper Lane,On Roadway,35,MARTIN LUTHER KING BLVD W,900,Dry,Marked Lanes,Clear,Not Worn,-10881163.238339677,3540005.3683308824
11896281,True,False,Austin Police Department,True,False,No,0,0,0,2,0,Not Injured,1742,0,0,2010,Sunday,Pedalcyclist,Intersection Related,30.36924476,"Dark, Lighted",-97.70549247,One Motor Vehicle - Turning Left,Not Applicable,Not Applicable,False,BICYCLE,City Street,"Straight, Level",Main/Proper Lane,On Roadway,35,PARKFIELD DR,9499,Dry,None,Clear,Unknown If Worn,-10876525.669466425,3551101.6633071024
11829738,True,False,Austin Police Department,True,False,No,0,0,1,1,0,Non-Incapacitating Injury,1651,1,0,2010,Wednesday,Pedalcyclist,Intersection,30.25520478,Daylight,-97.70713247,One Motor Vehicle - Going Straight,Not Applicable,Not Applicable,False,NONE,City Street,"Straight, Level",Main/Proper Lane,On Roadway,30,TILLERY ST,499,Dry,Stop Sign,Clear,Not Worn,-10876708.233431326,3536396.3995456723
11829750,False,False,Austin Police Department,False,False,No,0,0,1,0,0,Non-Incapacitating Injury,1205,1,1,2010,Thursday,Pedalcyclist,Non Intersection,30.2752542,Daylight,-97.74632069,One Motor Vehicle - Going Straight,Not Applicable,Not Applicable,False,NONE,City Street,"Straight, Level",Main/Proper Lane,On Roadway,30,NUECES ST,1187,Dry,Center Stripe/Divider,Clear,Not Worn,-10881070.646126822,3538980.499568055
11827885,False,False,Austin Police Department,False,False,No,0,0,1,1,0,Non-Incapacitating Injury,1541,1,0,2010,Friday,Pedalcyclist,Intersection Related,30.26634168,Daylight,-97.74075498,One Motor Vehicle - Turning Right,Not Applicable,Parking Area Within Right Of Way,False,NONE,City Street,"Straight, Level",Main/Proper Lane,On Roadway,30,SAN JACINTO BLVD,490,Dry,Marked Lanes,Clear,"Worn, Unk Damage",-10880451.074123718,3537831.730710853
11828164,True,False,Austin Police Department,False,False,No,0,1,0,1,0,Incapacitating Injury,217,1,0,2010,Friday,Pedalcyclist,Non Intersection,30.21798404,"Dark, Unknown Lighting",-97.77483128,One Motor Vehicle - Going Straight,Not Applicable,Not Applicable,False,NONE,City Street,"Straight, Grade",Main/Proper Lane,On Roadway,40,S 1ST ST,4534,Dry,Marked Lanes,Clear,Unknown If Worn,-10884244.430487836,3531600.5457600835
11896293,True,False,Austin Police Department,True,False,No,0,0,2,1,0,Non-Incapacitating Injury,900,2,0,2010,Friday,Pedalcyclist,Intersection Related,30.28640021,Daylight,-97.67727652,One Motor Vehicle - Going Straight,Not Applicable,Not Applicable,False,NONE,Farm To Market,"Straight, Level",Main/Proper Lane,On Roadway,55,FM0969,4601,Dry,Stop Sign,Clear,Not Worn,-10873384.684280178,3540417.2983282143
11896293,True,False,Austin Police Department,True,False,No,0,0,2,1,0,Non-Incapacitating Injury,900,2,0,2010,Friday,Pedalcyclist,Intersection Related,30.28640021,Daylight,-97.67727652,One Motor Vehicle - Going Straight,Not Applicable,Not Applicable,False,NONE,Farm To Market,"Straight, Level",Main/Proper Lane,On Roadway,55,FM0969,4601,Dry,Stop Sign,Clear,Not Worn,-10873384.684280178,3540417.2983282143
11827915,False,False,Austin Police Department,False,False,No,0,0,0,1,2,Possible Injury,300,2,1,2010,Friday,Pedalcyclist,Intersection Related,30.26643353,"Dark, Lighted",-97.74075254,One Motor Vehicle - Turning Right,Not Applicable,Not Applicable,False,NONE,City Street,"Straight, Level",Main/Proper Lane,On Roadway,35,E 5TH ST,295,Wet,Signal Light With Red Light Running Camera,Rain,Not Worn,-10880450.802504161,3537843.5690774824
11827915,False,False,Austin Police Department,False,False,No,0,0,0,1,2,Possible Injury,300,2,1,2010,Friday,Pedalcyclist,Intersection Related,30.26643353,"Dark, Lighted",-97.74075254,One Motor Vehicle - Turning Right,Not Applicable,Not Applicable,False,NONE,City Street,"Straight, Level",Main/Proper Lane,On Roadway,35,E 5TH ST,295,Wet,Signal Light With Red Light Running Camera,Rain,Not Worn,-10880450.802504161,3537843.5690774824
11827915,False,False,Austin Police Department,False,False,No,0,0,0,1,2,Possible Injury,300,2,1,2010,Friday,Pedalcyclist,Intersection Related,30.26643353,"Dark, Lighted",-97.74075254,One Motor Vehicle - Turning Right,Not Applicable,Not Applicable,False,NONE,City Street,"Straight, Level",Main/Proper Lane,On Roadway,35,E 5TH ST,295,Wet,Signal Light With Red Light Running Camera,Rain,Not Worn,-10880450.802504161,3537843.5690774824
11847534,False,False,Austin Police Department,False,False,No,0,0,1,1,0,Non-Incapacitating Injury,1358,1,0,2010,Saturday,Pedalcyclist,Non Intersection,30.36514545,Daylight,-97.71634384,One Motor Vehicle - Going Straight,Not Applicable,Not Applicable,False,NONE,City Street,"Straight, Level",Main/Proper Lane,On Roadway,35,PAYTON GIN RD,1752,Dry,None,Clear,Not Worn,-10877733.638449233,3550572.767412111
11827924,False,False,Austin Police Department,True,False,No,0,0,1,3,0,Non-Incapacitating Injury,2038,1,0,2010,Sunday,Pedalcyclist,Intersection,30.23670479,"Dark, Lighted",-97.76305246,One Motor Vehicle - Turning Left,Not Applicable,Not Applicable,False,BICYCLE,City Street,"Straight, Level",Main/Proper Lane,On Roadway,35,S 1ST ST,2813,Dry,None,Clear,Not Worn,-10882933.218243292,3534012.4680176405
11827938,False,False,Austin Police Department,False,False,No,0,1,0,1,0,Incapacitating Injury,1639,1,0,2010,Monday,Pedalcyclist,Intersection Related,30.1797418,Daylight,-97.74720289,One Motor Vehicle - Turning Right,Not Applicable,Not Applicable,False,NONE,City Street,"Straight, Level",Main/Proper Lane,On Roadway,35,E WILLIAM CANNON DR,NO DATA,Dry,Yield Sign,Clear,Not Worn,-10881168.852181599,3526674.9623274663
11846327,False,False,Austin Police Department,False,False,No,0,0,0,1,1,Possible Injury,1219,1,0,2010,Thursday,Pedalcyclist,Driveway Access,30.20865944,Daylight,-97.78135073,One Motor Vehicle - Turning Left,One Vehicle Entering Driveway,Entrance To Or Exit From Private Property Or Driveway,False,NONE,City Street,"Straight, Level",Main/Proper Lane,On Roadway,35,S 1ST ST,5590,Dry,Center Stripe/Divider,Clear,"Worn, Unk Damage",-10884970.172342088,3530399.365027856
11846282,True,False,Austin Police Department,False,False,No,0,0,1,2,0,Non-Incapacitating Injury,1412,1,0,2010,Friday,Pedalcyclist,Intersection Related,30.42460203,Daylight,-97.7136033,One Motor Vehicle - Going Straight,Not Applicable,Not Applicable,False,NONE,City Street,"Straight, Level",Main/Proper Lane,On Roadway,35,AMHERST DR,12596,Dry,Signal Light,Clear,"Worn, Damaged",-10877428.562931936,3558246.0711126323
11860755,False,False,Austin Police Department,True,False,No,0,0,0,1,1,Possible Injury,720,1,0,2011,Tuesday,Pedalcyclist,Intersection Related,30.21149479,Daylight,-97.78935245,One Motor Vehicle - Going Straight,Not Applicable,Not Applicable,False,NONE,County Road,"Straight, Level",Main/Proper Lane,On Roadway,0,W STASSNEY LN,NO DATA,Dry,Stop Sign,Cloudy,Not Worn,-10885860.91973796,3530764.5984407105
11861027,False,False,Austin Police Department,False,False,No,0,0,1,1,0,Non-Incapacitating Injury,837,1,0,2011,Thursday,Pedalcyclist,Driveway Access,30.26581182,Daylight,-97.74226238,One Motor Vehicle - Turning Left,One Vehicle Entering Driveway,Entrance To Or Exit From Private Property Or Driveway,False,NONE,City Street,"Straight, Level",Main/Proper Lane,On Roadway,30,E 4TH ST,191,Dry,Stop Sign,Clear,"Worn, Damaged",-10880618.87712414,3537763.4383093067
11866199,False,False,Austin Police Department,True,False,No,0,0,1,0,0,Non-Incapacitating Injury,1740,1,1,2011,Tuesday,Pedalcyclist,Intersection,30.28601477,Daylight,-97.70799247,One Motor Vehicle - Turning Left,Not Applicable,Not Applicable,False,NONE,City Street,"Straight, Grade",Main/Proper Lane,On Roadway,35,MANOR RD,2959,Dry,Bike Lane,Clear,Unknown If Worn,-10876803.968193408,3540367.6096878853
11883785,False,False,Austin Police Department,True,False,No,0,0,1,1,0,Non-Incapacitating Injury,2140,1,0,2011,Wednesday,Pedalcyclist,Intersection Related,30.30480477,"Dark, Lighted",-97.71960247,One Motor Vehicle - Turning Right,Not Applicable,Not Applicable,False,NONE,City Street,"Straight, Level",Main/Proper Lane,On Roadway,30,RED RIVER ST,4501,Dry,Signal Light,Clear,Not Worn,-10878096.387481518,3542790.132405949
11883966,False,False,Austin Police Department,True,False,No,0,0,0,1,1,Possible Injury,1843,1,0,2011,Wednesday,Pedalcyclist,Intersection,30.32212067,"Dark, Lighted",-97.70681763,One Motor Vehicle - Going Straight,Not Applicable,Not Applicable,False,NONE,Interstate,"Straight, Level",Service/Frontage Road,On Roadway,45,IH0035,NO DATA,Dry,Signal Light,Clear,"Worn, Unk Damage",-10876673.185602846,3545023.0162090873
11884037,True,False,Austin Police Department,True,False,No,0,0,0,1,1,Possible Injury,855,1,0,2011,Tuesday,Pedalcyclist,Intersection,30.31118477,Daylight,-97.71338247,One Motor Vehicle - Going Straight,Not Applicable,Not Applicable,False,NONE,City Street,"Straight, Level",Main/Proper Lane,On Roadway,30,E 51ST ST,924,Dry,Stop Sign,Clear,"Worn, Not Damaged",-10877403.980248783,3543612.7869500807
11894934,False,False,Austin Police Department,True,False,No,0,0,0,3,0,Not Injured,1827,0,0,2011,Tuesday,Pedalcyclist,Intersection,30.26064478,Daylight,-97.69871247,One Motor Vehicle - Turning Right,Not Applicable,Not Applicable,False,NONE,City Street,"Straight, Level",Main/Proper Lane,On Roadway,0,LYONS RD,3698,Dry,Stop Sign,Clear,Not Worn,-10875770.923318848,3537097.4900699095
11894934,False,False,Austin Police Department,True,False,No,0,0,0,3,0,Not Injured,1827,0,0,2011,Tuesday,Pedalcyclist,Intersection,30.26064478,Daylight,-97.69871247,One Motor Vehicle - Turning Right,Not Applicable,Not Applicable,False,NONE,City Street,"Straight, Level",Main/Proper Lane,On Roadway,0,LYONS RD,3698,Dry,Stop Sign,Clear,Not Worn,-10875770.923318848,3537097.4900699095
11883722,False,False,Austin Police Department,True,False,No,0,0,0,3,0,Not Injured,2219,0,0,2011,Wednesday,Pedalcyclist,Intersection Related,30.26899478,"Dark, Lighted",-97.74246246,One Motor Vehicle - Going Straight,Not Applicable,Not Applicable,False,NONE,City Street,"Straight, Level",Main/Proper Lane,On Roadway,35,CONGRESS AVE,699,Dry,Signal Light,Clear,"Worn, Not Damaged",-10880641.149927858,3538173.6880346457
11894938,True,False,Austin Police Department,False,False,No,0,0,1,2,1,Non-Incapacitating Injury,1907,2,0,2011,Friday,Pedalcyclist,Non Intersection,30.3041102,"Dark, Not Lighted",-97.69932562,One Motor Vehicle - Going Straight,Not Applicable,Not Applicable,False,NONE,City Street,"Straight, Level",Main/Proper Lane,On Roadway,40,E 51ST ST,1677,Dry,Bike Lane,Clear,Not Worn,-10875839.178864626,3542700.5758937616
11895328,False,False,Austin Police Department,False,False,No,0,0,0,1,1,Possible Injury,1500,1,0,2011,Sunday,Pedalcyclist,Driveway Access,30.23726037,Daylight,-97.75484851,One Motor Vehicle - Going Straight,One Vehicle Leaving Driveway,Entrance To Or Exit From Private Property Or Driveway,False,NONE,City Street,"Straight, Level",Main/Proper Lane,On Roadway,40,CONGRESS AVE S,2500,Dry,None,Clear,Not Worn,-10882019.958706798,3534084.054205589
11946976,True,False,Austin Police Department,False,False,No,0,0,1,1,0,Non-Incapacitating Injury,1936,1,0,2011,Friday,Pedalcyclist,Driveway Access,30.40695041,"Dark, Lighted",-97.69741574,One Motor Vehicle - Going Straight,One Vehicle Leaving Driveway,Entrance To Or Exit From Private Property Or Driveway,False,NONE,City Street,"Straight, Grade",Main/Proper Lane,On Roadway,30,METRIC BLVD,NO DATA,Ice,None,Clear,Not Worn,-10875626.57199555,3555967.5136933546
11910943,True,False,Austin Police Department,True,False,No,0,0,1,2,0,Non-Incapacitating Injury,1544,1,0,2011,Sunday,Pedalcyclist,Intersection Related,30.44220475,Daylight,-97.80429244,One Motor Vehicle - Turning Left,Not Applicable,Not Applicable,False,NONE,City Street,"Straight, Level",Main/Proper Lane,On Roadway,30,SPICEWOOD PKWY,11533,Dry,Stop Sign,Clear,"Worn, Damaged",-10887524.031817216,3560518.7268579407
11910998,False,False,Austin Police Department,True,False,No,0,0,1,0,0,Non-Incapacitating Injury,630,1,1,2011,Sunday,Pedalcyclist,Intersection,30.22805479,"Dark, Unknown Lighting",-97.76119246,One Motor Vehicle - Other,Not Applicable,Not Applicable,False,NONE,City Street,"Straight, Level",Main/Proper Lane,On Roadway,0,S CONGRESS AVE,3601,Dry,None,Clear,Not Worn,-10882726.163990416,3532897.972292108
11911000,False,False,Austin Police Department,False,False,No,0,0,1,2,0,Non-Incapacitating Injury,1747,1,0,2011,Sunday,Pedalcyclist,Intersection Related,30.22697106,Daylight,-97.70797501,One Motor Vehicle - Going Straight,Vision Obstructed By Standing Or Parked Vehicle,Not Applicable,False,NONE,City Street,"Straight, Level",Main/Proper Lane,On Roadway,45,E RIVERSIDE DR,NO DATA,Dry,Signal Light,Clear,Not Worn,-10876802.0245551,3532758.3477061326
11918911,False,False,Austin Police Department,True,False,No,0,0,0,1,0,Not Injured,1943,0,1,2011,Thursday,Pedalcyclist,Intersection,30.26085741,"Dark, Lighted",-97.75852178,One Motor Vehicle - Going Straight,Not Applicable,Not Applicable,False,NONE,US & State Highways,"Straight, Level",Main/Proper Lane,On Roadway,0,SL0343,498,Dry,Signal Light,Clear,"Worn, Not Damaged",-10882428.865252743,3537124.8939611213
11918972,False,False,Austin Police Department,False,False,No,0,0,1,1,0,Non-Incapacitating Injury,959,1,0,2011,Monday,Pedalcyclist,Driveway Access,30.23246479,Daylight,-97.75848246,One Motor Vehicle - Turning Right,One Vehicle Leaving Driveway,Entrance To Or Exit From Private Property Or Driveway,False,NONE,City Street,"Straight, Level",Main/Proper Lane,On Roadway,35,S CONGRESS AVE,3000,Dry,None,Clear,Not Worn,-10882424.488170365,3533466.15959482