Crash ID,$1000 Damage to Any One Person's Property,Active School Zone Flag,Agency,At Intersection Flag,Construction Zone Flag,Construction Zone Workers Present Flag,Crash Death Count,Crash Incapacitating Injury Count,Crash Non-incapacitating Injury Count,Crash Not Injured Count,Crash Possible Injury Count,Crash Severity,Crash Time,Crash Total Injury Count,Crash Unknown Injury Count,Crash Year,Day of Week,First Harmful Event,Intersection Related,Latitude,Light Condition,Longitude,Manner of Collision,Other Factor,Physical Feature 1,Private Drive Flag,Property Damages,Road Class,Roadway Alignment,Roadway Part,Roadway Relation,Speed Limit,Street Name,Street Number,Surface Condition,Traffic Control Type,Weather Condition,Person Helmet,MercatorX,MercatorY
11918985,False,False,Austin Police Department,True,False,No,0,0,1,0,0,Non-Incapacitating Injury,1600,1,1,2011,Monday,Pedalcyclist,Intersection Related,30.23765478,Daylight,-97.72573247,One Motor Vehicle - Going Straight,Not Applicable,Not Applicable,False,NONE,City Street,"Curve, Level",Main/Proper Lane,On Roadway,30,WILLOW CREEK DR,NO DATA,Dry,Crosswalk,Clear,Unknown If Worn,-10878778.77596008,3534134.873970203
11919001,False,False,Austin Police Department,True,False,No,0,0,0,2,0,Not Injured,1717,0,0,2011,Tuesday,Pedalcyclist,Intersection Related,30.25841478,Daylight,-97.75010246,One Motor Vehicle - Turning Right,Not Applicable,Not Applicable,False,RALEIGH-PURSUIT BIKE,City Street,"Straight, Level",Main/Proper Lane,On Roadway,35,S 1ST ST,499,Dry,Signal Light,Clear,Not Worn,-10881491.630837517,3536810.0898091984
12077374,False,False,Austin Police Department,False,False,No,0,0,1,3,1,Non-Incapacitating Injury,223,2,0,2011,Sunday,Pedalcyclist,Driveway Access,30.26490395,"Dark, Lighted",-97.7349482,One Motor Vehicle - Turning Right,One Vehicle Leaving Driveway,Entrance To Or Exit From Private Property Or Driveway,False,NONE,Interstate,"Straight, Level",Service/Frontage Road,On Roadway,35,IH0035,NO DATA,Dry,Marked Lanes,Clear,Not Worn,-10879804.66633097,3537646.4259500946
12077374,False,False,Austin Police Department,False,False,No,0,0,1,3,1,Non-Incapacitating Injury,223,2,0,2011,Sunday,Pedalcyclist,Driveway Access,30.26490395,"Dark, Lighted",-97.7349482,One Motor Vehicle - Turning Right,One Vehicle Leaving Driveway,Entrance To Or Exit From Private Property Or Driveway,False,NONE,Interstate,"Straight, Level",Service/Frontage Road,On Roadway,35,IH0035,NO DATA,Dry,Marked Lanes,Clear,Not Worn,-10879804.66633097,3537646.4259500946
12077374,False,False,Austin Police Department,False,False,No,0,0,1,3,1,Non-Incapacitating Injury,223,2,0,2011,Sunday,Pedalcyclist,Driveway Access,30.26490395,"Dark, Lighted",-97.7349482,One Motor Vehicle - Turning Right,One Vehicle Leaving Driveway,Entrance To Or Exit From Private Property Or Driveway,False,NONE,Interstate,"Straight, Level",Service/Frontage Road,On Roadway,35,IH0035,NO DATA,Dry,Marked Lanes,Clear,Not Worn,-10879804.66633097,3537646.4259500946
12077374,False,False,Austin Police Department,False,False,No,0,0,1,3,1,Non-Incapacitating Injury,223,2,0,2011,Sunday,Pedalcyclist,Driveway Access,30.26490395,"Dark, Lighted",-97.7349482,One Motor Vehicle - Turning Right,One Vehicle Leaving Driveway,Entrance To Or Exit From Private Property Or Driveway,False,NONE,Interstate,"Straight, Level",Service/Frontage Road,On Roadway,35,IH0035,NO DATA,Dry,Marked Lanes,Clear,Not Worn,-10879804.66633097,3537646.4259500946
12141819,False,False,Austin Police Department,False,False,No,0,0,1,4,0,Non-Incapacitating Injury,1535,1,0,2011,Sunday,Pedalcyclist,Non Intersection,30.22555499,Daylight,-97.7290455,One Motor Vehicle - Going Straight,Not Applicable,Not Applicable,False,SIERRA QUEST BICYCLE,City Street,"Straight, Hillcrest",Main/Proper Lane,On Roadway,30,COLLINS CREEK DR,2610,Dry,None,Cloudy,Not Worn,-10879147.580772663,3532575.9077308313
11940763,False,False,Austin Police Department,True,False,No,0,0,1,0,0,Non-Incapacitating Injury,1749,1,1,2011,Monday,Pedalcyclist,Intersection Related,30.24171478,Daylight,-97.72832247,One Motor Vehicle - Going Straight,Not Applicable,Not Applicable,False,NONE,City Street,"Straight, Level",Main/Proper Lane,On Roadway,35,ROYAL CREST DR,NO DATA,Dry,Signal Light,Clear,Not Worn,-10879067.093441235,3534658.017195973
11941345,True,False,Austin Police Department,True,False,No,0,0,1,1,0,Non-Incapacitating Injury,1853,1,0,2011,Thursday,Pedalcyclist,Intersection,30.37741392,"Dark, Lighted",-97.753436,One Motor Vehicle - Turning Left,Not Applicable,Not Applicable,False,NONE,City Street,"Straight, Level",Main/Proper Lane,On Roadway,35,MESA DR,8500,Dry,Center Stripe/Divider,Clear,"Worn, Unk Damage",-10881862.718812857,3552155.720276001
11941270,True,False,Austin Police Department,True,False,No,0,1,0,1,0,Incapacitating Injury,2030,1,0,2011,Friday,Pedalcyclist,Intersection,30.23177479,"Dark, Not Lighted",-97.75892246,One Motor Vehicle - Turning Left,Not Applicable,Not Applicable,False,NONE,City Street,"Straight, Level",Main/Proper Lane,On Roadway,35,S CONGRESS AVE,3101,Dry,Bike Lane,Clear,"Worn, Unk Damage",-10882473.468746314,3533377.257858894
11941383,False,False,Austin Police Department,True,True,No,0,0,0,1,1,Possible Injury,1902,1,0,2011,Friday,Pedalcyclist,Intersection,30.28520478,"Dark, Not Lighted",-97.74492246,One Motor Vehicle - Going Straight,Construction - Within Posted Road Construction Zone (Not Related To Crash),Not Applicable,False,NONE,City Street,"Straight, Level",Main/Proper Lane,On Roadway,30,RIO GRANDE ST,2199,Dry,Stop Sign,Clear,Unknown If Worn,-10880914.995875208,3540263.191214006
11941418,False,False,Austin Police Department,True,False,No,0,0,1,2,0,Non-Incapacitating Injury,1125,1,0,2011,Sunday,Pedalcyclist,Intersection Related,30.40069475,Daylight,-97.74884246,One Motor Vehicle - Turning Right,Not Applicable,Not Applicable,False,ROUBAIX BICYCLE,City Street,"Straight, Level",Main/Proper Lane,On Roadway,45,JOLLYVILLE RD,10729,Wet,Signal Light,Cloudy,"Worn, Not Damaged",-10881351.36827912,3555160.101391726
11941228,False,False,Austin Police Department,True,False,No,0,0,0,1,0,Not Injured,1637,0,1,2011,Monday,Pedalcyclist,Intersection Related,30.25954478,Daylight,-97.75347246,One Motor Vehicle - Going Straight,Not Applicable,Not Applicable,False,NONE,City Street,"Straight, Level",Main/Proper Lane,On Roadway,35,BARTON SPRINGS RD,NO DATA,Dry,Signal Light,Clear,"Worn, Not Damaged",-10881866.777521491,3536955.722309573
11941201,False,False,Austin Police Department,True,False,No,0,0,0,1,1,Possible Injury,909,1,0,2011,Tuesday,Pedalcyclist,Intersection,30.29315477,Daylight,-97.73601246,One Motor Vehicle - Going Straight,Not Applicable,Not Applicable,False,NONE,City Street,"Straight, Grade",Main/Proper Lane,On Roadway,30,E 30TH ST,298,Dry,Stop Sign,Clear,Not Worn,-10879923.13921224,3541288.0878601805
11945835,True,False,Austin Police Department,False,False,No,0,0,1,0,0,Non-Incapacitating Injury,1500,1,1,2011,Tuesday,Pedalcyclist,Non Intersection,30.25548189,Daylight,-97.7474935,One Motor Vehicle - Going Straight,Not Applicable,Not Applicable,False,NONE,City Street,"Straight, Level",Main/Proper Lane,On Roadway,30,CONGRESS AVE S,650,Dry,Center Stripe/Divider,Clear,Not Worn,-10881201.202738818,3536432.111694394
11945832,False,False,Austin Police Department,True,False,No,0,0,0,1,1,Possible Injury,1930,1,0,2011,Wednesday,Pedalcyclist,Intersection,30.1792148,"Dark, Lighted",-97.84105244,One Motor Vehicle - Turning Right,Not Applicable,Not Applicable,False,NONE,City Street,"Straight, Level",Main/Proper Lane,On Roadway,35,W GATE BLVD,NO DATA,Dry,Flashing Red Light,Clear,Unknown If Worn,-10891616.136298778,3526607.0983235575
11945862,False,False,Austin Police Department,True,False,No,0,0,1,2,0,Non-Incapacitating Injury,1719,1,0,2011,Wednesday,Pedalcyclist,Intersection Related,30.36292476,Daylight,-97.66854248,One Motor Vehicle - Going Straight,Not Applicable,Not Applicable,False,NONE,City Street,"Straight, Grade",Main/Proper Lane,On Roadway,0,DESSAU RD,NO DATA,Dry,Stop Sign,Clear,Not Worn,-10872412.41539481,3550286.2616652893
11945877,False,False,Austin Police Department,False,False,No,0,1,0,1,0,Incapacitating Injury,1410,1,0,2011,Thursday,Pedalcyclist,Non Intersection,30.33193693,Daylight,-97.74004422,One Motor Vehicle - Going Straight,Not Applicable,Not Applicable,False,NONE,US & State Highways,"Straight, Level",Main/Proper Lane,On Roadway,45,BURNET RD,5658,Dry,None,Clear,Unknown If Worn,-10880371.952682443,3546288.997368843
11946940,True,False,Austin Police Department,False,False,No,0,0,1,1,0,Non-Incapacitating Injury,1427,1,0,2011,Friday,Pedalcyclist,Non Intersection,30.29338379,Daylight,-97.71659783,One Motor Vehicle - Going Straight,Not Applicable,Not Applicable,False,NONE,City Street,"Straight, Level",Main/Proper Lane,On Roadway,30,E 38 12 ST,1358,Dry,None,Clear,"Worn, Damaged",-10877761.9124867,3541317.613886782
12141804,False,False,Austin Police Department,True,False,No,0,0,0,1,1,Possible Injury,1206,1,0,2011,Saturday,Pedalcyclist,Intersection Related,30.22967704,Daylight,-97.76023173,One Motor Vehicle - Turning Right,Not Applicable,Not Applicable,False,NONE,City Street,"Straight, Level",Main/Proper Lane,On Roadway,40,S CONGRESS AVE,3394,Dry,Bike Lane,Clear,"Worn, Not Damaged",-10882619.216016026,3533106.9810869135
11945955,False,False,Austin Police Department,False,False,No,0,0,1,1,0,Non-Incapacitating Injury,1721,1,0,2011,Sunday,Pedalcyclist,Driveway Access,30.28211975,Daylight,-97.74317769,One Motor Vehicle - Turning Left,One Vehicle Entering Driveway,Entrance To Or Exit From Private Property Or Driveway,False,NONE,City Street,"Straight, Level",Main/Proper Lane,On Roadway,35,SAN ANTONIO ST,1906,Dry,None,Clear,"Worn, Not Damaged",-10880720.768967258,3539865.497748444
11946822,False,False,Austin Police Department,True,False,No,0,0,1,1,0,Non-Incapacitating Injury,1703,1,0,2011,Monday,Pedalcyclist,Intersection,30.22428479,Daylight,-97.76311246,One Motor Vehicle - Going Straight,Not Applicable,Not Applicable,False,NONE,City Street,"Straight, Level",Main/Proper Lane,On Roadway,40,S CONGRESS AVE,3907,Dry,Marked Lanes,Clear,Not Worn,-10882939.897412738,3532412.2632134813
12214043,False,False,Austin Police Department,False,False,No,0,0,0,2,0,Not Injured,1252,0,1,2011,Monday,Pedalcyclist,Non Intersection,30.26803371,Daylight,-97.69609521,One Motor Vehicle - Going Straight,Not Applicable,Not Applicable,False,NONE,City Street,"Straight, Level",Main/Proper Lane,On Roadway,0,GOODWIN AVE,3701,Dry,None,Clear,Unknown If Worn,-10875479.571268372,3538049.8149212287
11947099,False,False,Austin Police Department,False,False,No,0,0,1,2,0,Non-Incapacitating Injury,1310,1,0,2011,Wednesday,Pedalcyclist,Non Intersection,30.25891167,Daylight,-97.75166236,One Motor Vehicle - Going Straight,Not Applicable,Not Applicable,False,NONE,City Street,"Straight, Level",Main/Proper Lane,On Roadway,35,BARTON SPRINGS RD,723,Dry,Center Stripe/Divider,Clear,"Worn, Unk Damage",-10881665.278111206,3536874.1279506767
11962783,False,False,Austin Police Department,False,False,No,0,0,1,1,0,Non-Incapacitating Injury,846,1,0,2011,Wednesday,Pedalcyclist,Intersection,30.20055404,Daylight,-97.8784749,One Motor Vehicle - Going Straight,Not Applicable,Not Applicable,False,NONE,City Street,"Straight, Level",Main/Proper Lane,On Roadway,40,ESCARPMENT BLVD,NO DATA,Dry,Signal Light,Clear,"Worn, Not Damaged",-10895781.985490208,3529355.3322411897
12141756,True,False,Austin Police Department,False,False,No,0,0,1,1,0,Non-Incapacitating Injury,2007,1,0,2011,Wednesday,Pedalcyclist,Driveway Access,30.3557605,"Dark, Lighted",-97.73106213,One Motor Vehicle - Going Straight,One Vehicle Leaving Driveway,Entrance To Or Exit From Private Property Or Driveway,False,NONE,City Street,"Straight, Level",Main/Proper Lane,On Roadway,40,BURNET RD,7848,Dry,None,Clear,"Worn, Not Damaged",-10879372.070997382,3549361.997950055
11962755,False,False,Austin Police Department,True,False,No,0,0,1,1,0,Non-Incapacitating Injury,846,1,0,2011,Thursday,Pedalcyclist,Intersection Related,30.28064958,Daylight,-97.7381315,One Motor Vehicle - Turning Left,Not Applicable,Not Applicable,False,NONE,City Street,"Straight, Level",Main/Proper Lane,On Roadway,30,W MARTIN LUTHER KING JR BLVD,101,Dry,Crosswalk,Clear,"Worn, Unk Damage",-10880159.02966601,3539675.9814616027
12152951,False,False,Austin Police Department,True,False,No,0,0,1,1,0,Non-Incapacitating Injury,1708,1,0,2011,Thursday,Pedalcyclist,Intersection,30.37729476,Daylight,-97.72548246,One Motor Vehicle - Going Straight,Not Applicable,Not Applicable,False,NONE,Farm To Market,"Straight, Level",Main/Proper Lane,On Roadway,0,BURNET RD,9299,Dry,Signal Light,Clear,Unknown If Worn,-10878750.944974188,3552140.3445703075
11962908,False,False,Austin Police Department,True,False,No,0,0,1,1,0,Non-Incapacitating Injury,1632,1,0,2011,Friday,Pedalcyclist,Intersection Related,30.2664069,Daylight,-97.75552108,One Motor Vehicle - Turning Right,Not Applicable,Not Applicable,False,NONE,US & State Highways,"Straight, Level",Main/Proper Lane,On Roadway,30,SL0343,NO DATA,Dry,Signal Light,Clear,Not Worn,-10882094.82885672,3537840.1367877917
12077614,False,False,Austin Police Department,True,False,No,0,0,1,1,1,Non-Incapacitating Injury,1754,2,0,2011,Friday,Pedalcyclist,Intersection,30.23876478,Daylight,-97.71957247,One Motor Vehicle - Turning Left,Not Applicable,Not Applicable,False,NONE,City Street,"Straight, Level",Main/Proper Lane,On Roadway,0,S PLEASANT VALLEY RD,1403,Dry,Signal Light,Clear,Unknown If Worn,-10878093.047896795,3534277.898666343
12077614,False,False,Austin Police Department,True,False,No,0,0,1,1,1,Non-Incapacitating Injury,1754,2,0,2011,Friday,Pedalcyclist,Intersection,30.23876478,Daylight,-97.71957247,One Motor Vehicle - Turning Left,Not Applicable,Not Applicable,False,NONE,City Street,"Straight, Level",Main/Proper Lane,On Roadway,0,S PLEASANT VALLEY RD,1403,Dry,Signal Light,Clear,Unknown If Worn,-10878093.047896795,3534277.898666343
11962890,False,False,Austin Police Department,True,False,No,0,0,1,1,0,Non-Incapacitating Injury,1922,1,0,2011,Saturday,Pedalcyclist,Intersection Related,30.28519478,"Dark, Not Lighted",-97.77221245,One Motor Vehicle - Turning Left,Not Applicable,Not Applicable,False,NONE,City Street,"Straight, Grade",Main/Proper Lane,On Roadway,30,WAYSIDE DR,1009,Dry,Stop Sign,Clear,Not Worn,-10883952.903665762,3540261.902086516
12152960,False,False,Austin Police Department,True,False,No,0,0,1,0,0,Non-Incapacitating Injury,2020,1,1,2011,Saturday,Pedalcyclist,Intersection,30.33559476,"Dark, Lighted",-97.71584247,One Motor Vehicle - Turning Right,Not Applicable,Not Applicable,False,NONE,City Street,"Straight, Level",Main/Proper Lane,On Roadway,40,GUADALUPE ST,7001,Dry,Stop Sign,Clear,Not Worn,-10877677.826196136,3546760.771999492
12152952,True,False,Austin Police Department,True,False,No,0,0,1,1,0,Non-Incapacitating Injury,1141,1,0,2011,Sunday,Pedalcyclist,Intersection,30.31993477,Daylight,-97.72696246,One Motor Vehicle - Going Straight,Not Applicable,Not Applicable,False,NONE,City Street,"Straight, Level",Main/Proper Lane,On Roadway,30,GUADALUPE ST,5299,Dry,Signal Light,Cloudy,"Worn, Damaged",-10878915.697820561,3544741.1228319122
11963838,False,False,Austin Police Department,True,False,No,0,0,1,1,0,Non-Incapacitating Injury,2036,1,0,2011,Monday,Pedalcyclist,Intersection,30.26991478,"Dark, Lighted",-97.74210246,One Motor Vehicle - Going Straight,Not Applicable,Not Applicable,False,NONE,City Street,"Straight, Grade",Main/Proper Lane,On Roadway,30,CONGRESS AVE,799,Dry,Signal Light,Clear,Not Worn,-10880601.074911172,3538292.268737582
11962140,False,False,Austin Police Department,True,False,No,0,0,0,1,1,Possible Injury,2132,1,0,2011,Tuesday,Pedalcyclist,Intersection,30.26032478,"Dark, Lighted",-97.75569246,One Motor Vehicle - Turning Left,Not Applicable,Not Applicable,False,NONE,City Street,"Straight, Hillcrest",Main/Proper Lane,On Roadway,30,DAWSON RD,499,Dry,Signal Light,Clear,Not Worn,-10882113.906791054,3537056.2483758503
11983025,True,False,Austin Police Department,False,False,No,0,0,0,1,3,Possible Injury,247,3,0,2011,Wednesday,Pedalcyclist,Non Intersection,30.26723788,"Dark, Lighted",-97.73692095,One Motor Vehicle - Going Straight,Not Applicable,Not Applicable,False,NONE,City Street,"Straight, Level",Main/Proper Lane,On Roadway,30,RED RIVER ST,660,Dry,Signal Light,Cloudy,Not Worn,-10880024.271856433,3537947.2406469653
11983331,False,False,Austin Police Department,False,False,No,0,0,1,1,0,Non-Incapacitating Injury,1706,1,0,2011,Wednesday,Pedalcyclist,Intersection Related,30.26421452,Daylight,-97.73299169,One Motor Vehicle - Turning Right,Not Applicable,Not Applicable,False,NONE,City Street,"Straight, Level",Main/Proper Lane,On Roadway,0,E 5TH ST,992,Dry,Stop Sign,Clear,Not Worn,-10879586.86863404,3537557.5683221985
11983170,False,False,Austin Police Department,True,False,No,0,0,0,0,1,Possible Injury,1931,1,1,2011,Thursday,Pedalcyclist,Intersection,30.35083993,Dusk,-97.70915299,One Motor Vehicle - Going Straight,Not Applicable,Not Applicable,False,NONE,US & State Highways,"Straight, Level",Main/Proper Lane,On Roadway,45,SL0275,NO DATA,Dry,Stop Sign,Clear,Not Worn,-10876933.156688863,3548727.232682752
11983598,True,False,Austin Police Department,True,False,No,0,0,1,2,0,Non-Incapacitating Injury,1840,1,0,2011,Thursday,Pedalcyclist,Intersection,30.26869478,Daylight,-97.72792247,One Motor Vehicle - Turning Left,Not Applicable,Not Applicable,False,NONE,City Street,"Straight, Level",Main/Proper Lane,On Roadway,30,E 11TH ST,1194,Dry,None,Clear,Unknown If Worn,-10879022.565644918,3538135.0206543882
12011175,False,False,Austin Police Department,True,False,No,0,0,0,2,0,Not Injured,130,0,0,2011,Thursday,Pedalcyclist,Intersection,30.26999478,"Dark, Lighted",-97.73147247,One Motor Vehicle - Turning Left,Not Applicable,Not Applicable,False,NONE,City Street,"Straight, Hillcrest",Main/Proper Lane,On Roadway,30,BRANCH ST,1101,Dry,None,Clear,Not Worn,-10879417.749837235,3538302.580155573
12154919,True,False,Austin Police Department,True,False,No,0,1,0,1,0,Incapacitating Injury,720,1,0,2011,Friday,Pedalcyclist,Intersection,30.28022944,Dawn,-97.71858358,One Motor Vehicle - Going Straight,Not Applicable,Not Applicable,False,NONE,City Street,"Straight, Grade",Main/Proper Lane,On Roadway,35,E MARTIN LUTHER KING JR BLVD,2100,Dry,Stop Sign,Cloudy,Not Worn,-10877982.965165544,3539621.822686896
11983159,True,False,Austin Police Department,True,False,No,0,0,1,1,0,Non-Incapacitating Injury,1828,1,0,2011,Saturday,Pedalcyclist,Intersection,30.30268477,Daylight,-97.74471246,One Motor Vehicle - Going Straight,Not Applicable,Not Applicable,False,NONE,US & State Highways,"Straight, Grade",Main/Proper Lane,On Roadway,35,N LAMAR BLVD,3399,Dry,Signal Light,Clear,Not Worn,-10880891.618782142,3542516.7856942285
11983558,True,False,Austin Police Department,True,False,No,0,0,0,1,1,Possible Injury,1554,1,0,2011,Saturday,Pedalcyclist,Intersection,30.24984478,Daylight,-97.74959246,One Motor Vehicle - Turning Left,Not Applicable,Not Applicable,False,NONE,City Street,"Straight, Grade",Service/Frontage Road,On Roadway,0,CONGRESS AVE S,1399,Dry,Signal Light,Clear,Unknown If Worn,-10881434.857897213,3535705.657150962
11983104,True,False,Austin Police Department,False,False,No,0,0,1,1,0,Non-Incapacitating Injury,2333,1,0,2011,Sunday,Pedalcyclist,Non Intersection,30.26659907,"Dark, Lighted",-97.73391343,One Motor Vehicle - Going Straight,Not Applicable,Not Applicable,False,NONE,City Street,"Straight, Grade",Main/Proper Lane,On Roadway,35,E 7TH ST,NO DATA,Dry,None,Clear,Not Worn,-10879689.476261482,3537864.9052318684
11983129,True,False,Austin Police Department,True,False,No,0,0,1,1,0,Non-Incapacitating Injury,910,1,0,2011,Sunday,Pedalcyclist,Intersection Related,30.38321476,Daylight,-97.76590245,One Motor Vehicle - Going Straight,Not Applicable,Not Applicable,False,NONE,City Street,"Straight, Level",Main/Proper Lane,On Roadway,0,SPICEWOOD SPRINGS RD,5298,Dry,Marked Lanes,Cloudy,Unknown If Worn,-10883250.477678856,3552904.2492271415
11983131,True,False,Austin Police Department,False,False,No,0,0,2,0,0,Non-Incapacitating Injury,102,2,1,2011,Sunday,Pedalcyclist,Non Intersection,30.27632345,"Dark, Lighted",-97.76532981,One Motor Vehicle - Going Straight,Not Applicable,Not Applicable,False,PEDICAB,City Street,"Straight, Level",Main/Proper Lane,On Roadway,35,W 6TH ST,1702,Dry,Marked Lanes,Clear,Not Worn,-10883186.731685648,3539118.3263057824
11983131,True,False,Austin Police Department,False,False,No,0,0,2,0,0,Non-Incapacitating Injury,102,2,1,2011,Sunday,Pedalcyclist,Non Intersection,30.27632345,"Dark, Lighted",-97.76532981,One Motor Vehicle - Going Straight,Not Applicable,Not Applicable,False,PEDICAB,City Street,"Straight, Level",Main/Proper Lane,On Roadway,35,W 6TH ST,1702,Dry,Marked Lanes,Clear,Unknown If Worn,-10883186.731685648,3539118.3263057824
11983527,False,False,Austin Police Department,False,False,No,0,0,1,1,0,Non-Incapacitating Injury,1158,1,0,2011,Sunday,Pedalcyclist,Intersection Related,30.35250441,Daylight,-97.79529486,One Motor Vehicle - Going Straight,Not Applicable,Not Applicable,False,NONE,US & State Highways,"Straight, Level",Main/Proper Lane,On Roadway,55,SL0360,NO DATA,Dry,Marked Lanes,Cloudy,"Worn, Damaged",-10886522.425793244,3548941.951000264
11983115,False,False,Austin Police Department,False,False,No,0,0,1,1,0,Non-Incapacitating Injury,1749,1,0,2011,Monday,Pedalcyclist,Intersection Related,30.15382699,Daylight,-97.7426735,One Motor Vehicle - Going Straight,Not Applicable,Not Applicable,False,NONE,City Street,"Straight, Level",Main/Proper Lane,On Roadway,30,FALL MEADOW LN,8509,Dry,None,Clear,Not Worn,-10880664.642793195,3523338.2331485874
11983486,True,False,Austin Police Department,True,False,No,0,0,0,1,0,Not Injured,1528,0,1,2011,Monday,Pedalcyclist,Intersection,30.29150478,Daylight,-97.77149245,One Motor Vehicle - Turning Left,Not Applicable,Not Applicable,False,NONE,City Street,"Straight, Grade",Main/Proper Lane,On Roadway,35,EXPOSITION BLVD,1599,Dry,Bike Lane,Clear,Not Worn,-10883872.75363239,3541075.3676524963
11983323,True,False,Austin Police Department,False,False,No,0,1,0,3,0,Incapacitating Injury,2008,1,0,2011,Tuesday,Pedalcyclist,Intersection Related,30.2668802,"Dark, Lighted",-97.74589585,One Motor Vehicle - Going Straight,Not Applicable,Not Applicable,False,NONE,City Street,"Straight, Level",Main/Proper Lane,On Roadway,30,LAVACA ST,401,Dry,Signal Light,Clear,Not Worn,-10881023.353154352,3537901.1396569447
12011301,True,False,Austin Police Department,True,False,No,0,1,0,1,0,Incapacitating Injury,711,1,0,2011,Wednesday,Pedalcyclist,Intersection,30.39840016,"Dark, Not Lighted",-97.71934314,One Motor Vehicle - Going Straight,Not Applicable,Not Applicable,False,BICYCLE,Farm To Market,"Straight, Level",Main/Proper Lane,On Roadway,45,FM1325,11342,Dry,Signal Light,Clear,"Worn, Unk Damage",-10878067.518997971,3554863.9537295196
11982659,False,False,Austin Police Department,False,False,No,0,0,1,1,0,Non-Incapacitating Injury,1336,1,0,2011,Thursday,Pedalcyclist,Non Intersection,30.25845431,Daylight,-97.75031985,One Motor Vehicle - Going Straight,Not Applicable,Not Applicable,False,NONE,City Street,"Straight, Level",Main/Proper Lane,On Roadway,35,BARTON SPRINGS RD,619,Dry,Marked Lanes,Clear,"Worn, Unk Damage",-10881515.830581622,3536815.184340862
12154912,False,False,Austin Police Department,True,False,No,0,0,1,1,0,Non-Incapacitating Injury,851,1,0,2011,Friday,Pedalcyclist,Intersection,30.31975477,Daylight,-97.73885246,One Motor Vehicle - Going Straight,Not Applicable,Not Applicable,False,NONE,City Street,"Straight, Level",Main/Proper Lane,On Roadway,0,WOODROW AVE,4899,Dry,Stop Sign,Clear,Not Worn,-10880239.286566094,3544717.910335818
12011666,True,False,Austin Police Department,False,False,No,0,0,0,1,1,Possible Injury,2110,1,0,2011,Saturday,Pedalcyclist,Non Intersection,30.39879562,Dusk,-97.70419116,One Motor Vehicle - Going Straight,Not Applicable,Not Applicable,False,NONE,City Street,"Straight, Level",Main/Proper Lane,On Roadway,0,METRIC BLVD,NO DATA,Dry,None,Clear,Not Worn,-10876380.80829986,3554914.9926583855
12057466,False,False,Austin Police Department,True,False,No,0,0,1,1,0,Non-Incapacitating Injury,1505,1,0,2011,Sunday,Pedalcyclist,Intersection Related,30.29380477,Daylight,-97.73289246,One Motor Vehicle - Going Straight,Not Applicable,Not Applicable,False,NONE,City Street,"Straight, Level",Main/Proper Lane,On Roadway,0,DUVAL ST,3117,Dry,Stop Sign,Cloudy,Unknown If Worn,-10879575.822400965,3541371.8882203256
11983278,False,False,Austin Police Department,True,False,No,0,0,2,0,0,Non-Incapacitating Injury,650,2,0,2011,Thursday,Pedalcyclist,Intersection Related,30.41076475,"Dark, Lighted",-97.69548247,One Motor Vehicle - Turning Left,Not Applicable,Not Applicable,False,NONE,City Street,"Straight, Level",Main/Proper Lane,On Roadway,35,METRIC BLVD,NO DATA,Dry,Signal Light,Clear,"Worn, Unk Damage",-10875411.361363586,3556459.852449732
12011790,True,False,Austin Police Department,False,False,No,0,0,1,2,0,Non-Incapacitating Injury,1104,1,0,2011,Sunday,Pedalcyclist,Intersection Related,30.20462479,Daylight,-97.83011244,One Motor Vehicle - Turning Right,Not Applicable,Not Applicable,False,SCHWINN VARSITY BICYCLE,City Street,"Straight, Level",Main/Proper Lane,On Roadway,25,CLYDESDALE DR,7600,Dry,None,Clear,"Worn, Unk Damage",-10890398.301069496,3529879.6628552014
12011113,False,False,Austin Police Department,True,False,No,0,0,0,0,1,Possible Injury,827,1,1,2011,Monday,Pedalcyclist,Intersection,30.22035479,"Dark, Not Lighted",-97.76552246,One Motor Vehicle - Other,Not Applicable,Not Applicable,False,NONE,City Street,"Straight, Level",Main/Proper Lane,On Roadway,40,S CONGRESS AVE,4229,Wet,Signal Light,Cloudy,Not Worn,-10883208.17738555,3531905.9603073695
12012473,True,False,Travis County Sheriff's Office,False,False,No,0,0,0,1,1,Possible Injury,654,1,0,2011,Tuesday,Pedalcyclist,Non Intersection,30.37040674,Dawn,-97.65649687,One Motor Vehicle - Going Straight,Not Applicable,Not Applicable,False,NONE,County Road,"Curve, Grade",Main/Proper Lane,On Roadway,30,SPRINKLE CUT OFF RD,11529,Dry,None,Cloudy,"Worn, Not Damaged",-10871071.504223315,3551251.586827394
12011147,False,False,Austin Police Department,True,False,No,0,0,1,1,0,Non-Incapacitating Injury,2148,1,0,2011,Wednesday,Pedalcyclist,Intersection,30.27475478,"Dark, Lighted",-97.72011247,One Motor Vehicle - Turning Left,Not Applicable,Not Applicable,False,NONE,City Street,"Straight, Level",Main/Proper Lane,On Roadway,30,CHICON ST,1299,Dry,None,Clear,Not Worn,-10878153.160421824,3538916.124651734