Crash ID,$1000 Damage to Any One Person's Property,Active School Zone Flag,Agency,At Intersection Flag,Construction Zone Flag,Construction Zone Workers Present Flag,Crash Death Count,Crash Incapacitating Injury Count,Crash Non-incapacitating Injury Count,Crash Not Injured Count,Crash Possible Injury Count,Crash Severity,Crash Time,Crash Total Injury Count,Crash Unknown Injury Count,Crash Year,Day of Week,First Harmful Event,Intersection Related,Latitude,Light Condition,Longitude,Manner of Collision,Other Factor,Physical Feature 1,Private Drive Flag,Property Damages,Road Class,Roadway Alignment,Roadway Part,Roadway Relation,Speed Limit,Street Name,Street Number,Surface Condition,Traffic Control Type,Weather Condition,Person Helmet,MercatorX,MercatorY
12011153,True,False,Austin Police Department,True,False,No,0,0,1,1,0,Non-Incapacitating Injury,918,1,0,2011,Wednesday,Pedalcyclist,Intersection,30.24023478,Daylight,-97.74386246,One Motor Vehicle - Going Straight,Not Applicable,Not Applicable,False,NONE,City Street,"Straight, Grade",Main/Proper Lane,On Roadway,35,TRAVIS HEIGHTS BLVD,1999,Dry,Marked Lanes,Cloudy,"Worn, Not Damaged",-10880796.99721497,3534467.3122363384
12011372,False,False,Austin Police Department,False,False,No,0,0,1,2,0,Non-Incapacitating Injury,1451,1,0,2011,Thursday,Pedalcyclist,Non Intersection,30.26539244,Daylight,-97.74763956,One Motor Vehicle - Going Straight,Not Applicable,Not Applicable,False,NONE,City Street,"Straight, Level",Main/Proper Lane,On Roadway,30,GUADALUPE ST,213,Dry,Signal Light,Clear,Not Worn,-10881217.462063644,3537709.3856748133
12011387,True,False,Austin Police Department,False,False,No,0,0,1,1,0,Non-Incapacitating Injury,1716,1,0,2011,Thursday,Pedalcyclist,Non Intersection,30.35420023,Daylight,-97.74633352,One Motor Vehicle - Going Straight,Not Applicable,Not Applicable,False,NONE,City Street,"Straight, Level",Main/Proper Lane,On Roadway,30,GREAT NORTHERN BLVD,7269,Dry,None,Clear,"Worn, Unk Damage",-10881072.074355887,3549160.7159417975
12011562,True,False,Austin Police Department,True,False,No,0,0,1,0,0,Non-Incapacitating Injury,836,1,1,2011,Thursday,Pedalcyclist,Intersection,30.22079479,Daylight,-97.79406245,One Motor Vehicle - Going Straight,Not Applicable,Not Applicable,False,NONE,City Street,"Straight, Grade",Main/Proper Lane,On Roadway,0,MANCHACA RD,5101,Dry,Signal Light,Clear,"Worn, Not Damaged",-10886385.234539595,3531962.6446143454
12011492,False,False,Austin Police Department,True,False,No,0,0,0,1,1,Possible Injury,2044,1,0,2011,Friday,Pedalcyclist,Intersection,30.24694096,"Dark, Lighted",-97.77715953,One Motor Vehicle - Turning Left,Not Applicable,Not Applicable,False,NONE,US & State Highways,"Straight, Level",Service/Frontage Road,On Roadway,35,SL0343,2421,Dry,Signal Light,Clear,Not Worn,-10884503.610092277,3535331.458042112
12041582,False,False,Austin Police Department,True,False,No,0,0,1,1,0,Non-Incapacitating Injury,2106,1,0,2011,Friday,Pedalcyclist,Driveway Access,30.26672655,"Dark, Not Lighted",-97.73430878,One Motor Vehicle - Turning Right,One Vehicle Entering Driveway,Alley,False,NONE,Interstate,"Straight, Level",Service/Frontage Road,On Roadway,35,IH0035,NO DATA,Dry,Marked Lanes,Clear,Not Worn,-10879733.486422166,3537881.335925477
12139753,False,False,Austin Police Department,False,False,No,0,0,0,4,0,Not Injured,1415,0,0,2011,Saturday,Pedalcyclist,Non Intersection,30.24972478,Daylight,-97.71359247,One Motor Vehicle - Going Straight,Not Applicable,Not Applicable,False,NONE,City Street,"Straight, Hillcrest",Main/Proper Lane,On Roadway,45,S PLEASANT VALLEY RD,100,Dry,Marked Lanes,Clear,Not Worn,-10877427.35734185,3535690.1932002995
12041671,True,False,Austin Police Department,False,False,No,0,0,0,1,1,Possible Injury,1537,1,0,2011,Monday,Pedalcyclist,Non Intersection,30.28032355,Daylight,-97.74209167,One Motor Vehicle - Going Straight,Not Applicable,Not Applicable,False,NONE,City Street,"Straight, Level",Main/Proper Lane,On Roadway,30,GUADALUPE ST,1744,Dry,Marked Lanes,Clear,Not Worn,-10880599.873773865,3539633.9540569643
12041542,True,False,Austin Police Department,False,False,No,0,0,1,1,0,Non-Incapacitating Injury,832,1,0,2011,Tuesday,Pedalcyclist,Driveway Access,30.25584824,Daylight,-97.74736199,One Motor Vehicle - Turning Left,One Vehicle Entering Driveway,Entrance To Or Exit From Private Property Or Driveway,False,BLACK BICYCLE,City Street,"Straight, Grade",Main/Proper Lane,On Roadway,45,CONGRESS AVE S,599,Dry,None,Clear,"Worn, Not Damaged",-10881186.563112585,3536479.3246731292
12041501,False,False,Austin Police Department,True,False,No,0,0,1,1,0,Non-Incapacitating Injury,747,1,0,2011,Wednesday,Pedalcyclist,Intersection,30.30618477,Daylight,-97.71872247,One Motor Vehicle - Turning Left,Not Applicable,Not Applicable,False,BICYCLE,City Street,"Straight, Level",Main/Proper Lane,On Roadway,35,RED RIVER ST,4601,Dry,None,Clear,"Worn, Unk Damage",-10877998.42632962,3542968.0688191885
12011235,True,False,Austin Police Department,True,False,No,0,0,0,1,1,Possible Injury,1607,1,0,2011,Thursday,Pedalcyclist,Intersection,30.36099476,Daylight,-97.74083246,One Motor Vehicle - Turning Left,Not Applicable,Not Applicable,False,NONE,City Street,"Straight, Level",Main/Proper Lane,On Roadway,0,W ANDERSON LN,3098,Dry,Signal Light,Clear,"Worn, Unk Damage",-10880459.699157864,3550037.2650210303
12139844,True,False,Austin Police Department,True,False,No,0,0,1,1,0,Non-Incapacitating Injury,930,1,0,2011,Thursday,Pedalcyclist,Intersection,30.28786478,Daylight,-97.74362246,One Motor Vehicle - Going Straight,Not Applicable,Not Applicable,False,NONE,City Street,"Straight, Level",Main/Proper Lane,On Roadway,30,NUECES ST,2399,Dry,Signal Light,Clear,"Worn, Not Damaged",-10880770.280537177,3540606.1037924755
12077571,True,False,Austin Police Department,False,False,No,0,1,0,1,0,Incapacitating Injury,851,1,0,2011,Friday,Pedalcyclist,Non Intersection,30.31523287,Daylight,-97.74131804,One Motor Vehicle - Going Straight,Not Applicable,Not Applicable,False,NONE,City Street,"Straight, Level",Main/Proper Lane,On Roadway,35,W 45TH ST,NO DATA,Dry,Center Stripe/Divider,Clear,Not Worn,-10880513.753676204,3544134.787738371
12077573,False,False,Austin Police Department,False,False,No,0,0,0,1,1,Possible Injury,202,1,0,2011,Friday,Pedalcyclist,Non Intersection,30.24712398,"Dark, Not Lighted",-97.7351498,One Motor Vehicle - Going Straight,Not Applicable,Not Applicable,False,NONE,Interstate,"Straight, Level",Main/Proper Lane,On Roadway,65,IH0035,NO DATA,Dry,None,Clear,Not Worn,-10879827.108340314,3535355.0424835286
12079061,False,False,Austin Police Department,True,False,No,0,0,1,1,0,Non-Incapacitating Injury,1650,1,0,2011,Friday,Pedalcyclist,Intersection,30.26440478,Daylight,-97.73049247,One Motor Vehicle - Going Straight,Not Applicable,Not Applicable,False,NONE,City Street,"Straight, Level",Main/Proper Lane,On Roadway,30,WALLER ST,601,Dry,Stop Sign,Clear,Not Worn,-10879308.656736258,3537582.0900420393
12139742,False,False,Austin Police Department,False,False,No,0,1,0,1,0,Incapacitating Injury,2031,1,0,2011,Saturday,Pedalcyclist,Non Intersection,30.31952477,"Dark, Not Lighted",-97.66744248,One Motor Vehicle - Going Straight,Not Applicable,Not Applicable,False,NONE,City Street,"Curve, Grade",Main/Proper Lane,On Roadway,25,LANGSTON DR,7400,Dry,None,Clear,Not Worn,-10872289.963954937,3544688.249986204
12011089,False,False,Austin Police Department,True,False,No,0,0,0,1,1,Possible Injury,1457,1,0,2011,Monday,Pedalcyclist,Intersection,30.26550478,Daylight,-97.74108246,One Motor Vehicle - Turning Left,Not Applicable,Not Applicable,False,NONE,City Street,"Straight, Level",Main/Proper Lane,On Roadway,30,E 4TH ST,298,Dry,Stop Sign,Clear,Not Worn,-10880487.529030563,3537723.8648189413
12041343,True,False,Austin Police Department,True,False,No,0,0,1,1,0,Non-Incapacitating Injury,806,1,0,2011,Tuesday,Pedalcyclist,Intersection,30.25495724,Daylight,-97.76217282,One Motor Vehicle - Turning Right,Not Applicable,Not Applicable,False,NONE,US & State Highways,"Straight, Level",Main/Proper Lane,On Roadway,40,SL0343,1199,Dry,Center Stripe/Divider,Cloudy,"Worn, Not Damaged",-10882835.29716641,3536364.4982729433
12041419,False,False,Austin Police Department,True,False,No,0,0,1,1,0,Non-Incapacitating Injury,1641,1,0,2011,Tuesday,Pedalcyclist,Intersection,30.29933477,Daylight,-97.73432246,One Motor Vehicle - Going Straight,Not Applicable,Not Applicable,False,NONE,City Street,"Straight, Level",Main/Proper Lane,On Roadway,30,SPEEDWAY,3501,Dry,Stop Sign,Clear,Not Worn,-10879735.0092728,3542084.858364269
12041421,False,False,Austin Police Department,True,False,No,0,0,0,1,1,Possible Injury,1904,1,0,2011,Tuesday,Pedalcyclist,Intersection,30.1737048,Daylight,-97.79490245,One Motor Vehicle - Going Straight,Not Applicable,Not Applicable,False,NONE,City Street,"Straight, Grade",Main/Proper Lane,On Roadway,30,SHEP ST,601,Dry,Stop Sign,Clear,Not Worn,-10886478.74291186,3525897.574212376
12041322,False,False,Austin Police Department,True,False,No,0,0,1,3,0,Non-Incapacitating Injury,1750,1,0,2011,Thursday,Pedalcyclist,Intersection,30.23534478,Daylight,-97.69683248,One Motor Vehicle - Turning Left,Not Applicable,Not Applicable,False,NONE,City Street,"Straight, Level",Main/Proper Lane,On Roadway,0,MONTOPOLIS DR,903,Dry,Signal Light,Clear,Not Worn,-10875561.64378935,3533837.2331588175
12164646,False,False,Austin Police Department,True,False,No,0,1,0,0,0,Incapacitating Injury,653,1,1,2011,Thursday,Pedalcyclist,Intersection Related,30.40375043,Daylight,-97.85398323,One Motor Vehicle - Going Straight,Not Applicable,Not Applicable,False,BICYCLE,Farm To Market,"Straight, Level",Main/Proper Lane,On Roadway,55,RM0620,11602,Dry,Signal Light,Clear,"Worn, Unk Damage",-10893055.585257132,3555554.488745627
12039394,True,False,Austin Police Department,False,False,No,1,0,0,0,0,Killed,2344,0,1,2011,Saturday,Pedalcyclist,Non Intersection,30.2389991,"Dark, Lighted",-97.78881522,One Motor Vehicle - Going Straight,Not Applicable,Not Applicable,False,NONE,US & State Highways,"Straight, Level",Main/Proper Lane,On Roadway,40,SL0343,3703,Dry,None,Clear,Not Worn,-10885801.11556792,3534308.091257315
12041117,True,False,Austin Police Department,False,False,No,0,0,1,3,0,Non-Incapacitating Injury,1209,1,0,2011,Saturday,Pedalcyclist,Non Intersection,30.25734787,Daylight,-97.74710773,One Motor Vehicle - Going Straight,Not Applicable,Not Applicable,False,NONE,City Street,"Straight, Level",Main/Proper Lane,On Roadway,35,W RIVERSIDE DR,123,Dry,Marked Lanes,Clear,Not Worn,-10881158.259018853,3536672.589779821
12041230,False,False,Austin Police Department,True,False,No,0,0,0,1,1,Possible Injury,1755,1,0,2011,Saturday,Pedalcyclist,Intersection Related,30.1884648,Daylight,-97.89297243,One Motor Vehicle - Going Straight,Not Applicable,Not Applicable,False,NONE,City Street,"Straight, Level",Main/Proper Lane,On Roadway,0,ESCARPMENT BLVD,NO DATA,Dry,Stop Sign,Clear,Unknown If Worn,-10897395.843147568,3527798.3124206285
12041257,False,False,Austin Police Department,False,False,No,0,0,1,2,0,Non-Incapacitating Injury,1159,1,0,2011,Saturday,Pedalcyclist,Non Intersection,30.30656199,Daylight,-97.76961944,One Motor Vehicle - Going Straight,Not Applicable,Not Applicable,False,BICYCLE,City Street,"Curve, Hillcrest",Main/Proper Lane,On Roadway,30,PECOS ST,2703,Dry,None,Clear,"Worn, Damaged",-10883664.251112942,3543016.707786874
12057232,False,False,Austin Police Department,False,False,No,0,0,0,3,1,Possible Injury,1600,1,0,2011,Saturday,Pedalcyclist,Intersection Related,30.20004702,Daylight,-97.80750243,One Motor Vehicle - Turning Right,Not Applicable,Not Applicable,False,NONE,City Street,"Straight, Grade",Main/Proper Lane,On Roadway,30,MATTHEWS LN,2005,Dry,Center Stripe/Divider,Clear,Not Worn,-10887881.366269467,3529290.0273400173
12139713,False,False,Austin Police Department,True,False,No,0,1,0,1,0,Incapacitating Injury,850,1,0,2011,Saturday,Pedalcyclist,Intersection,30.25715478,Daylight,-97.74688246,One Motor Vehicle - Turning Left,Not Applicable,Not Applicable,False,NONE,City Street,"Straight, Level",Main/Proper Lane,On Roadway,35,E RIVERSIDE DR,100,Dry,Signal Light,Clear,Not Worn,-10881133.182077164,3536647.705103164
12040868,False,False,Austin Police Department,True,False,No,0,0,0,0,1,Possible Injury,1000,1,1,2011,Monday,Pedalcyclist,Intersection,30.24241478,Daylight,-97.75373246,One Motor Vehicle - Going Straight,Not Applicable,Not Applicable,False,NONE,City Street,"Straight, Level",Main/Proper Lane,On Roadway,30,W LIVE OAK ST,200,Dry,Stop Sign,Clear,Unknown If Worn,-10881895.720589098,3534748.216488062
12041016,False,False,Austin Police Department,True,False,No,0,0,0,2,0,Not Injured,1514,0,0,2011,Monday,Pedalcyclist,Intersection,30.43205475,Daylight,-97.73867246,One Motor Vehicle - Going Straight,Not Applicable,Not Applicable,False,NONE,City Street,"Straight, Level",Main/Proper Lane,On Roadway,0,RIATA VISTA CIR,12599,Dry,Stop Sign,Clear,Not Worn,-10880219.249057751,3559208.228414576
12056004,False,False,Austin Police Department,False,False,No,0,0,1,2,0,Non-Incapacitating Injury,1403,1,0,2011,Wednesday,Pedalcyclist,Intersection Related,30.26647203,Daylight,-97.7371372,One Motor Vehicle - Going Straight,Not Applicable,Not Applicable,False,NONE,City Street,"Straight, Level",Main/Proper Lane,On Roadway,30,E 6TH ST,604,Dry,Signal Light,Clear,Not Worn,-10880048.344696317,3537848.5312703797
12040933,False,False,Austin Police Department,True,False,No,0,0,1,1,0,Non-Incapacitating Injury,14,1,0,2011,Thursday,Pedalcyclist,Intersection,30.26339563,"Dark, Lighted",-97.74449683,One Motor Vehicle - Going Straight,Not Applicable,Not Applicable,False,NONE,US & State Highways,"Straight, Level",Main/Proper Lane,On Roadway,35,SL0343,100,Dry,Signal Light,Clear,Not Worn,-10880867.614960343,3537452.0259697665
12057859,False,False,Austin Police Department,False,False,No,0,0,0,0,1,Possible Injury,842,1,1,2011,Thursday,Pedalcyclist,Intersection Related,30.3301238,Daylight,-97.72370432,One Motor Vehicle - Turning Right,Not Applicable,Not Applicable,False,NONE,US & State Highways,"Straight, Level",Main/Proper Lane,On Roadway,0,N LAMAR BLVD,6136,Dry,Signal Light,Clear,Not Worn,-10878553.003334828,3546055.1524824263
12057247,False,False,Austin Police Department,False,False,No,0,0,1,3,0,Non-Incapacitating Injury,1952,1,0,2011,Friday,Pedalcyclist,Intersection Related,30.26841174,Daylight,-97.72714361,One Motor Vehicle - Going Straight,Not Applicable,Not Applicable,False,NONE,City Street,"Curve, Level",Main/Proper Lane,On Roadway,0,E 11TH ST,1212,Dry,Signal Light,Clear,Not Worn,-10878935.863346318,3538098.539378359
12274259,False,False,Austin Police Department,False,False,No,0,1,0,4,0,Incapacitating Injury,1724,1,0,2011,Sunday,Pedalcyclist,Non Intersection,30.19541623,Daylight,-97.7292208,One Motor Vehicle - Going Straight,Not Applicable,Not Applicable,False,NONE,City Street,"Straight, Grade",Main/Proper Lane,On Roadway,30,FENCE ROW,5861,Dry,None,Cloudy,Not Worn,-10879167.0950794,3528693.590528156
12057229,False,False,Austin Police Department,False,False,No,0,0,1,1,0,Non-Incapacitating Injury,1220,1,0,2011,Tuesday,Pedalcyclist,Driveway Access,30.31143477,Daylight,-97.70704247,One Motor Vehicle - Turning Left,One Vehicle Entering Driveway,Entrance To Or Exit From Private Property Or Driveway,False,NONE,City Street,"Straight, Level",Main/Proper Lane,On Roadway,35,CAMERON RD,5327,Dry,None,Clear,"Worn, Not Damaged",-10876698.214677155,3543645.023719987
12079725,True,False,Austin Police Department,False,False,No,0,1,0,1,0,Incapacitating Injury,1915,1,0,2011,Tuesday,Pedalcyclist,Intersection Related,30.31228655,Daylight,-97.68808225,One Motor Vehicle - Turning Left,Not Applicable,Not Applicable,False,NONE,City Street,"Straight, Level",Main/Proper Lane,On Roadway,0,WELLINGTON DR,5997,Dry,Stop Sign,Clear,"Worn, Damaged",-10874587.572641427,3543754.8588808607
12057761,True,False,Austin Police Department,True,False,No,0,0,1,1,0,Non-Incapacitating Injury,1715,1,0,2011,Thursday,Pedalcyclist,Intersection Related,30.28445477,Daylight,-97.71818247,One Motor Vehicle - Going Straight,Not Applicable,Not Applicable,False,NONE,City Street,"Straight, Level",Main/Proper Lane,On Roadway,30,MANOR RD,NO DATA,Dry,Signal Light,Clear,Not Worn,-10877938.313804593,3540166.505727814
12079182,True,False,Austin Police Department,False,False,No,0,1,0,1,0,Incapacitating Injury,1956,1,0,2011,Friday,Pedalcyclist,Non Intersection,30.19582517,Dusk,-97.90673099,One Motor Vehicle - Going Straight,Not Applicable,Not Applicable,False,BLUE/GREY BICYCLE,City Street,"Straight, Level",Main/Proper Lane,On Roadway,40,LA CROSSE AVE,7430,Dry,Marked Lanes,Clear,Not Worn,-10898927.439040817,3528746.260081389
12057694,False,False,Austin Police Department,True,False,No,0,1,0,1,0,Incapacitating Injury,2058,1,0,2011,Saturday,Pedalcyclist,Intersection Related,30.40315475,"Dark, Lighted",-97.70037247,One Motor Vehicle - Turning Left,Not Applicable,Not Applicable,False,BICYCLE,City Street,"Straight, Level",Main/Proper Lane,On Roadway,35,BITTERN HOLW,NO DATA,Dry,Signal Light,Clear,Not Worn,-10875955.713673564,3555477.6051654764
12079754,True,False,Austin Police Department,False,False,No,0,0,1,1,0,Non-Incapacitating Injury,254,1,0,2011,Saturday,Pedalcyclist,Non Intersection,30.2639025,"Dark, Lighted",-97.74433038,One Motor Vehicle - Going Straight,Not Applicable,Not Applicable,False,NONE,City Street,"Straight, Level",Main/Proper Lane,On Roadway,35,CONGRESS AVE,85,Dry,None,Clear,Not Worn,-10880849.0858311,3537517.35362938
12057650,True,False,Austin Police Department,True,False,No,0,0,0,1,1,Possible Injury,408,1,0,2011,Sunday,Pedalcyclist,Intersection Related,30.29315477,"Dark, Lighted",-97.73601246,One Motor Vehicle - Going Straight,Not Applicable,Not Applicable,False,NONE,City Street,"Straight, Level",Main/Proper Lane,On Roadway,25,SPEEDWAY,3001,Dry,Stop Sign,Clear,Not Worn,-10879923.13921224,3541288.0878601805
12057563,True,False,Austin Police Department,True,False,No,0,0,0,1,1,Possible Injury,1730,1,0,2011,Wednesday,Pedalcyclist,Intersection,30.29430477,Daylight,-97.73748246,One Motor Vehicle - Going Straight,Not Applicable,Not Applicable,False,NONE,City Street,"Straight, Grade",Main/Proper Lane,On Roadway,30,UNIVERSITY AVE,2901,Dry,Stop Sign,Clear,"Worn, Damaged",-10880086.778863706,3541436.350413756
12079644,True,False,Austin Police Department,True,False,No,0,0,0,1,0,Not Injured,1346,0,1,2011,Wednesday,Pedalcyclist,Intersection Related,30.37099815,Daylight,-97.72159454,One Motor Vehicle - Going Straight,Not Applicable,Not Applicable,False,NONE,US & State Highways,"Straight, Level",Service/Frontage Road,On Roadway,45,US0183,NO DATA,Dry,Stop Sign,Clear,Unknown If Worn,-10878318.143699544,3551327.8937037294
12265693,True,False,Austin Police Department,False,False,No,0,0,1,1,0,Non-Incapacitating Injury,1625,1,0,2011,Friday,Pedalcyclist,Driveway Access,30.21798733,Daylight,-97.75471661,One Motor Vehicle - Going Straight,One Vehicle Leaving Driveway,Entrance To Or Exit From Private Property Or Driveway,False,NONE,US & State Highways,"Straight, Level",Service/Frontage Road,On Roadway,50,US0290,NO DATA,Dry,None,Clear,Not Worn,-10882005.275665963,3531600.9695929503
12078984,False,False,Austin Police Department,False,False,No,0,0,0,2,1,Possible Injury,1900,1,0,2011,Saturday,Pedalcyclist,Intersection Related,30.25663937,Daylight,-97.72331436,One Motor Vehicle - Going Straight,Not Applicable,Not Applicable,False,NONE,City Street,"Straight, Level",Main/Proper Lane,On Roadway,35,LYNN ST,99,Dry,None,Clear,Not Worn,-10878509.5931862,3536581.2813373767
12079434,False,False,Austin Police Department,True,False,No,0,0,0,1,0,Not Injured,120,0,1,2011,Saturday,Pedalcyclist,Intersection,30.32197398,"Dark, Lighted",-97.7185631,One Motor Vehicle - Going Straight,Not Applicable,Not Applicable,False,NONE,US & State Highways,"Straight, Level",Main/Proper Lane,On Roadway,35,SS0069,197,Dry,Flashing Red Light,Clear,"Worn, Not Damaged",-10877980.685342371,3545004.0988890496
12152897,False,False,Austin Police Department,False,False,No,0,0,1,2,0,Non-Incapacitating Injury,1914,1,0,2011,Saturday,Pedalcyclist,Non Intersection,30.2910521,Daylight,-97.73470897,One Motor Vehicle - Going Straight,Not Applicable,Not Applicable,False,NONE,City Street,"Straight, Level",Main/Proper Lane,On Roadway,0,DUVAL ST,NO DATA,Dry,Bike Lane,Clear,Not Worn,-10879778.035369186,3541017.007813077
12139680,False,False,Austin Police Department,True,False,No,0,1,0,1,0,Incapacitating Injury,1016,1,0,2011,Monday,Pedalcyclist,Intersection,30.22496479,Daylight,-97.77043246,One Motor Vehicle - Going Straight,Not Applicable,Not Applicable,False,NONE,City Street,"Straight, Level",Main/Proper Lane,On Roadway,45,S 1ST ST,4109,Dry,Stop Sign,Clear,Unknown If Worn,-10883754.756085346,3532499.8698406997
12152934,True,False,Austin Police Department,False,False,No,0,1,0,1,1,Incapacitating Injury,1708,2,0,2011,Monday,Pedalcyclist,Non Intersection,30.31641817,Daylight,-97.74092099,One Motor Vehicle - Going Straight,Not Applicable,Not Applicable,False,SPECIALIZED ROAD BICYCLE,Farm To Market,"Straight, Grade",Main/Proper Lane,On Roadway,35,BURNET RD,4564,Dry,Marked Lanes,Clear,"Worn, Unk Damage",-10880469.554272385,3544287.6357550276
12079290,False,False,Austin Police Department,False,True,No,0,0,1,2,0,Non-Incapacitating Injury,1512,1,0,2011,Wednesday,Pedalcyclist,Non Intersection,30.26320478,Daylight,-97.72406247,One Motor Vehicle - Going Straight,Construction - Within Posted Road Construction Zone (Not Related To Crash),One Or More Traffic Lanes Closed,False,NONE,City Street,"Straight, Level",Main/Proper Lane,On Roadway,0,E 7TH ST,1700,Dry,Marked Lanes,Clear,Not Worn,-10878592.872410458,3537427.428460459
12079757,True,False,Austin Police Department,False,False,No,0,0,1,1,0,Non-Incapacitating Injury,1704,1,0,2011,Wednesday,Pedalcyclist,Intersection Related,30.30701477,Daylight,-97.70963247,One Motor Vehicle - Turning Right,Not Applicable,Not Applicable,False,NONE,City Street,"Straight, Level",Main/Proper Lane,On Roadway,30,BARBARA JORDAN BLVD,1200,Dry,Stop Sign,Clear,"Worn, Damaged",-10876986.53215831,3543075.0897523747
12152965,True,False,Austin Police Department,True,False,No,0,0,0,1,1,Possible Injury,1520,1,0,2011,Wednesday,Pedalcyclist,Intersection,30.23159479,Daylight,-97.71753247,One Motor Vehicle - Turning Right,Not Applicable,Not Applicable,False,BICYCLE,City Street,"Straight, Grade",Main/Proper Lane,On Roadway,30,CROSSING PL,NO DATA,Dry,Signal Light,Cloudy,Not Worn,-10877865.956135575,3533354.066204305
12079295,False,False,Austin Police Department,False,False,No,0,0,0,1,0,Not Injured,1945,0,1,2011,Thursday,Pedalcyclist,Driveway Access,30.26398948,Daylight,-97.75733211,One Motor Vehicle - Turning Right,One Vehicle Leaving Driveway,Entrance To Or Exit From Private Property Or Driveway,False,NONE,US & State Highways,"Straight, Level",Main/Proper Lane,On Roadway,40,SL0343,NO DATA,Wet,Marked Lanes,Cloudy,Unknown If Worn,-10882296.431794131,3537528.5640324727
12079314,False,False,Austin Police Department,False,False,No,0,0,0,1,1,Possible Injury,1521,1,0,2011,Thursday,Pedalcyclist,Intersection Related,30.33736476,Daylight,-97.72842246,One Motor Vehicle - Turning Left,Not Applicable,Not Applicable,False,NONE,City Street,"Straight, Level",Main/Proper Lane,On Roadway,0,WOODROW AVE,6601,Dry,Stop Sign,Unknown,Not Worn,-10879078.22427712,3546989.06698366
12079706,False,False,Austin Police Department,True,False,No,0,0,1,2,0,Non-Incapacitating Injury,2114,1,0,2011,Thursday,Pedalcyclist,Intersection,30.28922477,"Dark, Lighted",-97.73275246,One Motor Vehicle - Turning Right,Not Applicable,Not Applicable,False,NONE,City Street,"Curve, Grade",Main/Proper Lane,On Roadway,35,E DEAN KEETON ST,NO DATA,Dry,Center Stripe/Divider,Clear,Unknown If Worn,-10879560.237672254,3540781.4298199415
12079668,False,False,Austin Police Department,False,False,No,0,0,1,2,0,Non-Incapacitating Injury,56,1,0,2011,Friday,Pedalcyclist,Intersection Related,30.25929482,"Dark, Lighted",-97.74606176,One Motor Vehicle - Going Straight,Not Applicable,Not Applicable,False,NONE,City Street,"Straight, Level",Main/Proper Lane,On Roadway,35,CONGRESS AVE S,232,Dry,Marked Lanes,Clear,Not Worn,-10881041.82217107,3536923.5077406457
12079535,True,False,Austin Police Department,True,False,No,0,0,1,1,0,Non-Incapacitating Injury,1559,1,0,2011,Saturday,Pedalcyclist,Intersection,30.23718405,Daylight,-97.7549131,One Motor Vehicle - Turning Left,Not Applicable,Not Applicable,False,NONE,US & State Highways,"Straight, Level",Main/Proper Lane,On Roadway,0,CONGRESS AVE S,2511,Dry,Stop Sign,Clear,Not Worn,-10882027.148832707,3534074.220390147
12079177,True,False,Austin Police Department,False,False,No,0,0,0,2,0,Not Injured,237,0,0,2011,Sunday,Pedalcyclist,Intersection Related,30.26653679,"Dark, Lighted",-97.7447921,One Motor Vehicle - Going Straight,Not Applicable,Not Applicable,False,NONE,City Street,"Straight, Level",Main/Proper Lane,On Roadway,30,W 4TH ST,196,Dry,None,Cloudy,Not Worn,-10880900.48426639,3537856.8780698893
12079473,True,False,Austin Police Department,False,False,No,0,1,0,1,0,Incapacitating Injury,1623,1,0,2011,Sunday,Pedalcyclist,Intersection Related,30.26448456,Daylight,-97.75711893,One Motor Vehicle - Going Straight,Not Applicable,Not Applicable,False,BICYCLE,US & State Highways,"Straight, Level",Main/Proper Lane,On Roadway,40,SL0343,NO DATA,Dry,Signal Light,Clear,Unknown If Worn,-10882272.700705085,3537592.3725265306
12079501,True,False,Austin Police Department,False,False,No,0,0,1,1,0,Non-Incapacitating Injury,805,1,0,2011,Monday,Pedalcyclist,Driveway Access,30.25597904,Daylight,-97.74731455,One Motor Vehicle - Turning Left,One Vehicle Entering Driveway,Entrance To Or Exit From Private Property Or Driveway,False,NONE,City Street,"Straight, Level",Main/Proper Lane,On Roadway,35,CONGRESS AVE S,578,Dry,None,Clear,Unknown If Worn,-10881181.282115942,3536496.1814310024
12079386,False,False,Austin Police Department,True,False,No,0,1,0,1,0,Incapacitating Injury,1623,1,0,2011,Tuesday,Pedalcyclist,Intersection,30.32109477,Daylight,-97.72938246,One Motor Vehicle - Turning Left,Not Applicable,Not Applicable,False,NONE,City Street,"Straight, Level",Main/Proper Lane,On Roadway,45,N LAMAR BLVD,5299,Dry,Signal Light,Clear,Not Worn,-10879185.090988282,3544890.715496441