Crash ID,$1000 Damage to Any One Person's Property,Active School Zone Flag,Agency,At Intersection Flag,Construction Zone Flag,Construction Zone Workers Present Flag,Crash Death Count,Crash Incapacitating Injury Count,Crash Non-incapacitating Injury Count,Crash Not Injured Count,Crash Possible Injury Count,Crash Severity,Crash Time,Crash Total Injury Count,Crash Unknown Injury Count,Crash Year,Day of Week,First Harmful Event,Intersection Related,Latitude,Light Condition,Longitude,Manner of Collision,Other Factor,Physical Feature 1,Private Drive Flag,Property Damages,Road Class,Roadway Alignment,Roadway Part,Roadway Relation,Speed Limit,Street Name,Street Number,Surface Condition,Traffic Control Type,Weather Condition,Person Helmet,MercatorX,MercatorY
12079407,False,False,Austin Police Department,False,False,No,0,0,0,1,0,Not Injured,630,0,1,2011,Wednesday,Pedalcyclist,Non Intersection,30.20874536,Dawn,-97.65029509,One Motor Vehicle - Going Straight,Not Applicable,Not Applicable,False,NONE,US & State Highways,"Straight, Level",Main/Proper Lane,On Roadway,0,SH0071,NO DATA,Dry,None,Clear,Not Worn,-10870381.125231704,3530410.432591454
12153013,False,False,Austin Police Department,False,False,No,0,0,0,1,1,Possible Injury,1548,1,0,2011,Wednesday,Pedalcyclist,Non Intersection,30.27564697,Daylight,-97.74617994,One Motor Vehicle - Going Straight,Not Applicable,Not Applicable,False,NONE,City Street,"Straight, Level",Main/Proper Lane,On Roadway,30,NUECES ST,1214,Dry,None,Clear,Not Worn,-10881054.977908492,3539031.127598183
12108202,False,False,Austin Police Department,True,True,Yes,0,0,1,1,0,Non-Incapacitating Injury,1314,1,0,2011,Thursday,Pedalcyclist,Intersection,30.25228478,Daylight,-97.74869246,One Motor Vehicle - Turning Right,Construction - Within Posted Road Construction Zone (Not Related To Crash),Not Applicable,False,NONE,City Street,"Straight, Level",Main/Proper Lane,On Roadway,35,CONGRESS AVE S,1199,Dry,Signal Light,Clear,Not Worn,-10881334.6703555,3536020.094911132
12214096,False,False,Austin Police Department,True,False,No,0,1,0,1,0,Incapacitating Injury,1442,1,0,2011,Friday,Pedalcyclist,Intersection Related,30.1781348,Daylight,-97.83879244,One Motor Vehicle - Going Straight,Not Applicable,Not Applicable,False,NONE,City Street,"Straight, Level",Main/Proper Lane,On Roadway,45,W SLAUGHTER LN,NO DATA,Dry,Signal Light,Clear,Not Worn,-10891364.554249585,3526468.023320694
12109177,False,False,Austin Police Department,False,False,No,0,0,1,1,0,Non-Incapacitating Injury,1351,1,0,2011,Monday,Pedalcyclist,Driveway Access,30.28260721,Daylight,-97.77638407,One Motor Vehicle - Turning Right,One Vehicle Entering Driveway,Entrance To Or Exit From Private Property Or Driveway,False,NONE,City Street,"Straight, Level",Main/Proper Lane,On Roadway,35,LAKE AUSTIN BLVD,2634,Dry,Bike Lane,Cloudy,"Worn, Unk Damage",-10884417.286279947,3539928.335740474
12108523,False,False,Austin Police Department,True,False,No,0,0,0,0,1,Possible Injury,1115,1,1,2011,Wednesday,Pedalcyclist,Intersection,30.26257478,Daylight,-97.73133247,One Motor Vehicle - Going Straight,Not Applicable,Not Applicable,False,NONE,City Street,"Straight, Level",Main/Proper Lane,On Roadway,30,E 4TH ST,1200,Dry,Stop Sign,Clear,Not Worn,-10879402.165108522,3537346.2318867473
12109229,False,False,Austin Police Department,False,False,No,0,1,0,1,0,Incapacitating Injury,2046,1,0,2011,Wednesday,Pedalcyclist,Intersection Related,30.28203668,Daylight,-97.7069908,One Motor Vehicle - Going Straight,Not Applicable,Not Applicable,False,NONE,City Street,"Straight, Level",Main/Proper Lane,On Roadway,0,SANCHEZ ST,1898,Dry,Stop Sign,Clear,Not Worn,-10876692.462799067,3539854.789307091
12108725,False,False,Austin Police Department,True,False,No,0,0,1,1,0,Non-Incapacitating Injury,1244,1,0,2011,Friday,Pedalcyclist,Intersection Related,30.22731479,Daylight,-97.77336246,One Motor Vehicle - Going Straight,Not Applicable,Not Applicable,False,NONE,City Street,"Straight, Grade",Main/Proper Lane,On Roadway,30,JAMES CASEY ST,4000,Dry,Stop Sign,Clear,Not Worn,-10884080.92219337,3532802.6327018016
12108749,False,False,Austin Police Department,True,False,No,0,0,1,0,0,Non-Incapacitating Injury,1935,1,1,2011,Saturday,Pedalcyclist,Intersection,30.23164366,Daylight,-97.79168906,One Motor Vehicle - Going Straight,Not Applicable,Not Applicable,False,NONE,US & State Highways,"Straight, Level",Service/Frontage Road,On Roadway,35,US0290,NO DATA,Dry,Signal Light,Clear,"Worn, Unk Damage",-10886121.029973341,3533360.3627343266
12148645,False,False,Austin Police Department,False,False,No,0,0,1,1,0,Non-Incapacitating Injury,1215,1,0,2011,Saturday,Pedalcyclist,Driveway Access,30.23501207,Daylight,-97.72196841,One Motor Vehicle - Turning Left,One Vehicle Leaving Driveway,Entrance To Or Exit From Private Property Or Driveway,False,NONE,City Street,"Straight, Level",Main/Proper Lane,On Roadway,35,S PLEASANT VALLEY RD,NO DATA,Dry,Marked Lanes,Clear,"Worn, Unk Damage",-10878359.762717567,3533794.364438798
12108391,True,False,Austin Police Department,False,False,No,0,0,1,2,0,Non-Incapacitating Injury,1844,1,0,2011,Sunday,Pedalcyclist,Non Intersection,30.32758028,Daylight,-97.73973714,One Motor Vehicle - Going Straight,Not Applicable,Not Applicable,False,NONE,US & State Highways,"Straight, Grade",Main/Proper Lane,On Roadway,35,BURNET RD,5349,Dry,Marked Lanes,Cloudy,Not Worn,-10880337.768693209,3545727.1142746257
12147792,False,False,Austin Police Department,True,False,No,0,0,1,0,0,Non-Incapacitating Injury,1220,1,1,2011,Monday,Pedalcyclist,Intersection Related,30.22997479,Daylight,-97.86466243,One Motor Vehicle - Going Straight,Not Applicable,Not Applicable,False,NONE,City Street,"Straight, Level",Main/Proper Lane,On Roadway,0,W WILLIAM CANNON DR,NO DATA,Dry,Signal Light,Cloudy,Unknown If Worn,-10894244.38836321,3533145.343223601
12108235,False,False,Austin Police Department,False,False,No,0,0,1,1,0,Non-Incapacitating Injury,1252,1,0,2011,Wednesday,Pedalcyclist,Driveway Access,30.1926002,Daylight,-97.77725728,One Motor Vehicle - Going Straight,One Vehicle Leaving Driveway,Entrance To Or Exit From Private Property Or Driveway,False,HUFFY BICYCLE,City Street,"Straight, Grade",Other (Explain In Narrative),On Roadway,0,E WILLIAM CANNON DR,NO DATA,Dry,None,Clear,Not Worn,-10884514.491572501,3528330.905016548
12108599,False,False,Austin Police Department,False,False,No,0,0,1,1,0,Non-Incapacitating Injury,1429,1,0,2011,Thursday,Pedalcyclist,Driveway Access,30.34097379,Daylight,-97.70212183,One Motor Vehicle - Turning Right,One Vehicle Leaving Driveway,Entrance To Or Exit From Private Property Or Driveway,False,NONE,US & State Highways,"Straight, Level",Main/Proper Lane,On Roadway,45,US0183,500,Dry,None,Clear,Not Worn,-10876150.451537978,3547454.5732445163
12109249,True,False,Austin Police Department,False,False,No,0,1,0,0,0,Incapacitating Injury,1038,1,1,2011,Thursday,Pedalcyclist,Driveway Access,30.23493733,Daylight,-97.75680722,One Motor Vehicle - Going Straight,One Vehicle Leaving Driveway,Entrance To Or Exit From Private Property Or Driveway,False,NONE,City Street,"Straight, Level",Main/Proper Lane,On Roadway,40,CONGRESS AVE S,2751,Dry,Center Stripe/Divider,Cloudy,Unknown If Worn,-10882238.00130661,3533784.734426191
12148685,False,False,Austin Police Department,False,True,No,0,0,1,1,0,Non-Incapacitating Injury,900,1,0,2011,Saturday,Pedalcyclist,Non Intersection,30.25119302,Daylight,-97.74909312,One Motor Vehicle - Turning Right,Construction - Within Posted Road Construction Zone (Not Related To Crash),Parking Area Within Right Of Way,False,NONE,City Street,"Straight, Grade",Main/Proper Lane,On Roadway,30,CONGRESS AVE S,1292,Dry,None,Clear,Not Worn,-10881379.27162268,3535879.4010895593
12147789,False,False,Austin Police Department,True,False,No,0,0,0,2,1,Possible Injury,1840,1,0,2011,Monday,Pedalcyclist,Intersection Related,30.19705479,Daylight,-97.77715246,One Motor Vehicle - Going Straight,Not Applicable,Not Applicable,False,DYNO MOUNTAIN BICYCLE,City Street,"Straight, Level",Main/Proper Lane,On Roadway,45,S CONGRESS AVE,6399,Dry,Signal Light,Clear,Not Worn,-10884502.823063476,3528904.6306857453
12147692,False,False,Austin Police Department,False,False,No,0,0,1,1,0,Non-Incapacitating Injury,2355,1,0,2011,Thursday,Pedalcyclist,Driveway Access,30.37458365,"Dark, Lighted",-97.72608007,One Motor Vehicle - Turning Left,One Vehicle Leaving Driveway,Entrance To Or Exit From Private Property Or Driveway,False,NONE,Farm To Market,"Straight, Level",Main/Proper Lane,On Roadway,0,FM1325,NO DATA,Dry,None,Clear,Unknown If Worn,-10878817.47061508,3551790.5239426764
12147965,False,False,Austin Police Department,False,False,No,0,0,0,2,0,Not Injured,1745,0,0,2011,Friday,Pedalcyclist,Driveway Access,30.24329771,Daylight,-97.7193995,One Motor Vehicle - Turning Left,One Vehicle Leaving Driveway,Entrance To Or Exit From Private Property Or Driveway,False,NONE,City Street,"Straight, Level",Main/Proper Lane,On Roadway,0,S LAKESHORE BLVD,2457,Dry,None,Clear,Not Worn,-10878073.792964472,3534861.98834855
12148113,False,False,Austin Police Department,True,False,No,0,0,1,2,0,Non-Incapacitating Injury,123,1,0,2011,Sunday,Pedalcyclist,Intersection,30.29315477,"Dark, Not Lighted",-97.73601246,One Motor Vehicle - Going Straight,Not Applicable,Not Applicable,False,NONE,City Street,"Straight, Grade",Main/Proper Lane,On Roadway,35,SPEEDWAY,3001,Dry,Stop Sign,Clear,"Worn, Not Damaged",-10879923.13921224,3541288.0878601805
12148113,False,False,Austin Police Department,True,False,No,0,0,1,2,0,Non-Incapacitating Injury,123,1,0,2011,Sunday,Pedalcyclist,Intersection,30.29315477,"Dark, Not Lighted",-97.73601246,One Motor Vehicle - Going Straight,Not Applicable,Not Applicable,False,NONE,City Street,"Straight, Grade",Main/Proper Lane,On Roadway,35,SPEEDWAY,3001,Dry,Stop Sign,Clear,"Worn, Unk Damage",-10879923.13921224,3541288.0878601805
12148314,True,False,Austin Police Department,True,False,No,0,0,1,1,0,Non-Incapacitating Injury,1806,1,0,2011,Tuesday,Pedalcyclist,Intersection,30.18692406,Daylight,-97.91326081,One Motor Vehicle - Going Straight,One Vehicle Entering Driveway,Entrance To Or Exit From Private Property Or Driveway,False,NONE,US & State Highways,"Straight, Level",Main/Proper Lane,On Roadway,65,SH0045,NO DATA,Dry,Yield Sign,Clear,"Worn, Not Damaged",-10899654.335278189,3527599.8883093605
12148381,True,False,Austin Police Department,True,False,No,0,0,0,0,2,Possible Injury,1621,2,0,2011,Tuesday,Pedalcyclist,Intersection,30.26069478,Daylight,-97.75785246,One Motor Vehicle - Going Straight,Not Applicable,Not Applicable,False,NONE,City Street,"Straight, Level",Main/Proper Lane,On Roadway,35,BARTON SPRINGS RD,1250,Dry,Marked Lanes,Clear,"Worn, Not Damaged",-10882354.356891165,3537103.9340967447
12163734,True,False,Austin Police Department,True,False,No,0,0,0,1,1,Possible Injury,1350,1,0,2011,Tuesday,Pedalcyclist,Intersection Related,30.42920578,Daylight,-97.78225413,One Motor Vehicle - Going Straight,Not Applicable,Not Applicable,False,NONE,City Street,"Straight, Level",Main/Proper Lane,On Roadway,45,SPICEWOOD SPRINGS RD,8500,Dry,Signal Light,Clear,Not Worn,-10885070.738370072,3558840.413445854
12163738,True,False,Austin Police Department,True,False,No,0,0,1,1,0,Non-Incapacitating Injury,910,1,0,2011,Tuesday,Pedalcyclist,Intersection,30.31000377,Daylight,-97.74003572,One Motor Vehicle - Turning Left,Not Applicable,Not Applicable,False,NONE,US & State Highways,"Straight, Level",Main/Proper Lane,On Roadway,40,N LAMAR BLVD,4205,Dry,Stop Sign,Cloudy,Not Worn,-10880371.00646677,3543460.5015608026
12148111,False,False,Austin Police Department,True,False,No,0,0,0,2,0,Not Injured,1626,0,0,2011,Wednesday,Pedalcyclist,Intersection,30.26321478,Daylight,-97.71336246,One Motor Vehicle - Going Straight,Not Applicable,Not Applicable,False,NONE,City Street,"Straight, Level",Main/Proper Lane,On Roadway,30,WEBBERVILLE RD,2507,Dry,Stop Sign,Clear,Not Worn,-10877401.752745774,3537428.717299163
12228469,True,False,Austin Police Department,True,False,No,0,0,1,1,0,Non-Incapacitating Injury,1257,1,0,2011,Thursday,Pedalcyclist,Intersection,30.29720477,Daylight,-97.72674247,One Motor Vehicle - Going Straight,Not Applicable,Not Applicable,False,NONE,City Street,"Straight, Grade",Main/Proper Lane,On Roadway,30,GREENWAY ST,3799,Dry,None,Clear,"Worn, Not Damaged",-10878891.208645783,3541810.2376168272
12148003,False,False,Austin Police Department,True,False,No,0,0,0,1,1,Possible Injury,1510,1,0,2011,Friday,Pedalcyclist,Intersection,30.26118478,Daylight,-97.72739247,One Motor Vehicle - Turning Left,Not Applicable,Not Applicable,False,NONE,City Street,"Straight, Level",Main/Proper Lane,On Roadway,0,E 4TH ST,1600,Dry,Stop Sign,Clear,Unknown If Worn,-10878963.566314798,3537167.0857333643
12148057,True,False,Austin Police Department,True,False,No,0,0,0,0,1,Possible Injury,1558,1,1,2011,Saturday,Pedalcyclist,Intersection,30.30468477,Daylight,-97.71558247,One Motor Vehicle - Going Straight,Not Applicable,Not Applicable,False,FENCE (CHAINLINKED),City Street,"Straight, Level",Main/Proper Lane,On Roadway,30,E 46TH ST,1000,Dry,Stop Sign,Clear,Not Worn,-10877648.88312853,3542774.65979274
12213232,False,False,Austin Police Department,True,False,No,1,0,1,0,0,Killed,1515,1,0,2011,Saturday,Pedalcyclist,Intersection Related,30.33451477,Daylight,-97.73343246,One Motor Vehicle - Going Straight,Not Applicable,Not Applicable,False,NONE,City Street,"Straight, Level",Main/Proper Lane,On Roadway,30,ARROYO SECO,NO DATA,Dry,None,Clear,Not Worn,-10879635.934925996,3546621.476682238
12148053,True,False,Austin Police Department,True,False,No,0,0,1,1,0,Non-Incapacitating Injury,1425,1,0,2011,Sunday,Pedalcyclist,Intersection,30.32109477,Daylight,-97.72938246,One Motor Vehicle - Going Straight,Not Applicable,Not Applicable,False,NONE,City Street,"Straight, Level",Main/Proper Lane,On Roadway,40,N LAMAR BLVD,5299,Dry,Signal Light,Clear,Not Worn,-10879185.090988282,3544890.715496441
12164817,True,False,Austin Police Department,True,False,No,0,1,0,1,0,Incapacitating Injury,1503,1,0,2011,Monday,Pedalcyclist,Intersection Related,30.28978477,Daylight,-97.74140246,One Motor Vehicle - Going Straight,Not Applicable,Not Applicable,False,NONE,City Street,"Straight, Level",Main/Proper Lane,On Roadway,35,GUADALUPE ST,2525,Dry,Signal Light,Clear,Unknown If Worn,-10880523.151267618,3540853.6241274383
12148181,False,False,Austin Police Department,True,False,No,0,0,0,5,0,Not Injured,2130,0,0,2011,Tuesday,Pedalcyclist,Intersection,30.27114478,"Dark, Lighted",-97.73545246,One Motor Vehicle - Going Straight,Not Applicable,Not Applicable,False,NONE,City Street,"Straight, Grade",Main/Proper Lane,On Roadway,30,E 11TH ST,598,Dry,Flashing Red Light,Clear,"Worn, Not Damaged",-10879860.800297398,3538450.8077178183
12214161,True,False,Austin Police Department,False,False,No,0,0,1,1,0,Non-Incapacitating Injury,1310,1,0,2011,Tuesday,Pedalcyclist,Driveway Access,30.25843454,Daylight,-97.75021116,One Motor Vehicle - Turning Left,One Vehicle Entering Driveway,Entrance To Or Exit From Private Property Or Driveway,False,NONE,City Street,"Straight, Level",Main/Proper Lane,On Roadway,35,BARTON SPRINGS RD,610,Dry,Signal Light,Clear,"Worn, Unk Damage",-10881503.731266169,3536812.636430385
12163674,True,False,Austin Police Department,True,False,No,0,0,0,1,1,Possible Injury,720,1,0,2011,Thursday,Pedalcyclist,Intersection,30.20336479,Daylight,-97.79218245,One Motor Vehicle - Going Straight,Not Applicable,Not Applicable,False,NONE,City Street,"Straight, Level",Main/Proper Lane,On Roadway,35,EMERALD FOREST DR,6399,Dry,Stop Sign,Clear,"Worn, Unk Damage",-10886175.953896904,3529717.366962255
12163823,True,False,Austin Police Department,True,False,No,0,0,1,1,0,Non-Incapacitating Injury,830,1,0,2011,Thursday,Pedalcyclist,Intersection,30.44220475,Daylight,-97.80429244,One Motor Vehicle - Turning Left,Not Applicable,Not Applicable,False,NONE,City Street,"Straight, Level",Main/Proper Lane,On Roadway,30,SPICEWOOD PKWY,11533,Dry,None,Clear,"Worn, Unk Damage",-10887524.031817216,3560518.7268579407
12164577,False,False,Austin Police Department,True,False,No,0,0,1,1,0,Non-Incapacitating Injury,1010,1,0,2011,Thursday,Pedalcyclist,Intersection Related,30.30444134,Daylight,-97.74355636,One Motor Vehicle - Going Straight,Not Applicable,Not Applicable,False,NONE,US & State Highways,"Straight, Level",Main/Proper Lane,On Roadway,35,N LAMAR BLVD,3702,Dry,Stop Sign,Clear,Not Worn,-10880762.922318837,3542743.2723656427
12163872,True,False,Austin Police Department,True,False,No,0,0,0,2,1,Possible Injury,1828,1,0,2011,Tuesday,Pedalcyclist,Intersection,30.33939476,Daylight,-97.71783247,One Motor Vehicle - Turning Left,Not Applicable,Not Applicable,False,NONE,City Street,"Straight, Level",Main/Proper Lane,On Roadway,35,W ST JOHNS AVE,798,Dry,Signal Light,Clear,"Worn, Not Damaged",-10877899.351982815,3547250.9019056316
12163876,False,False,Austin Police Department,True,False,No,0,0,1,1,0,Non-Incapacitating Injury,1753,1,0,2011,Tuesday,Pedalcyclist,Intersection Related,30.44684475,Daylight,-97.81193243,One Motor Vehicle - Going Straight,Not Applicable,Not Applicable,False,NONE,City Street,"Straight, Level",Main/Proper Lane,On Roadway,0,PECAN CREEK PKWY,NO DATA,Dry,Stop Sign,Clear,Not Worn,-10888374.511613682,3561117.857300035
12163847,True,False,Austin Police Department,True,False,No,0,0,0,1,1,Possible Injury,748,1,0,2011,Wednesday,Pedalcyclist,Intersection Related,30.27312478,Daylight,-97.72381247,One Motor Vehicle - Turning Left,Not Applicable,Not Applicable,False,PEUGEOT BIKE - SINGLE SPEED,City Street,"Straight, Level",Main/Proper Lane,On Roadway,0,E 12TH ST,1501,Dry,Signal Light,Clear,"Worn, Not Damaged",-10878565.042537758,3538706.020980775
12863306,False,False,Austin Police Department,True,False,No,0,0,1,0,0,Non-Incapacitating Injury,2030,1,1,2011,Wednesday,Pedalcyclist,Intersection Related,30.31049477,"Dark, Lighted",-97.71193247,One Motor Vehicle - Turning Right,Not Applicable,Not Applicable,False,NONE,City Street,"Straight, Level",Main/Proper Lane,On Roadway,35,E 51ST ST,1000,Dry,Signal Light,Clear,Unknown If Worn,-10877242.566987133,3543523.813891818
12163986,True,False,Austin Police Department,False,False,No,0,1,0,1,0,Incapacitating Injury,1917,1,0,2011,Friday,Pedalcyclist,Intersection Related,30.45010677,Daylight,-97.81896028,One Motor Vehicle - Turning Left,Not Applicable,Not Applicable,False,NONE,City Street,"Curve, Level",Main/Proper Lane,On Roadway,35,ANDERSON MILL RD,NO DATA,Dry,Marked Lanes,Clear,Unknown If Worn,-10889156.848297052,3561539.0759858326
12195532,False,False,Austin Police Department,False,True,Yes,0,0,1,0,0,Non-Incapacitating Injury,2030,1,1,2011,Monday,Pedalcyclist,Driveway Access,30.4100027,Unknown,-97.71649041,One Motor Vehicle - Turning Right,Construction - Within Posted Road Construction Zone (Not Related To Crash),Entrance To Or Exit From Private Property Or Driveway,False,NONE,City Street,"Straight, Level",Other (Explain In Narrative),On Roadway,35,DUVAL RD,3200,Dry,Center Stripe/Divider,Clear,Not Worn,-10877749.954547001,3556361.4887446933
12195439,True,False,Austin Police Department,True,False,No,0,0,1,1,0,Non-Incapacitating Injury,1614,1,0,2011,Tuesday,Pedalcyclist,Intersection Related,30.25710478,Daylight,-97.72461247,One Motor Vehicle - Going Straight,Not Applicable,Not Applicable,False,NONE,City Street,"Straight, Level",Main/Proper Lane,On Roadway,0,E CESAR CHAVEZ ST,1898,Dry,Signal Light,Clear,Not Worn,-10878654.098130392,3536641.2613085974
12189507,False,False,"Department Of Public Safety, State Of Texas",False,False,No,0,0,1,0,0,Non-Incapacitating Injury,105,1,1,2011,Thursday,Pedalcyclist,Non Intersection,30.27395832,"Dark, Lighted",-97.74325676,One Motor Vehicle - Going Straight,Not Applicable,Not Applicable,False,KHS 24 SPD MOUNTAIN BIKE S/N: U11J00337,City Street,"Straight, Grade",Main/Proper Lane,On Roadway,30,LAVACA ST,1128,Dry,Bike Lane,Clear,Not Worn,-10880729.570999393,3538813.46214847
12195643,False,False,Austin Police Department,True,False,No,0,0,1,1,0,Non-Incapacitating Injury,1928,1,0,2011,Thursday,Pedalcyclist,Intersection,30.24016478,Daylight,-97.72707247,One Motor Vehicle - Going Straight,Not Applicable,Not Applicable,False,NONE,City Street,"Straight, Level",Main/Proper Lane,On Roadway,35,E RIVERSIDE DR,NO DATA,Dry,Signal Light,Clear,Not Worn,-10878927.944077743,3534458.2924782904
12228420,False,False,Austin Police Department,False,False,No,0,0,0,3,1,Possible Injury,1318,1,0,2011,Friday,Pedalcyclist,Driveway Access,30.43383005,Daylight,-97.66973914,One Motor Vehicle - Going Straight,One Vehicle Leaving Driveway,Entrance To Or Exit From Private Property Or Driveway,False,NONE,Interstate,"Straight, Level",Service/Frontage Road,On Roadway,0,IH0035,NO DATA,Dry,Center Stripe/Divider,Clear,Not Worn,-10872545.626976661,3559437.4331424576
12195628,False,False,Austin Police Department,False,False,No,0,0,0,7,0,Not Injured,226,0,0,2011,Sunday,Pedalcyclist,Non Intersection,30.26618478,"Dark, Unknown Lighting",-97.74350246,One Motor Vehicle - Going Straight,Not Applicable,Not Applicable,False,NONE,City Street,"Straight, Grade",Main/Proper Lane,On Roadway,30,W 4TH ST,100,Dry,Marked Lanes,Clear,Not Worn,-10880756.922198283,3537811.5082027307
12195628,False,False,Austin Police Department,False,False,No,0,0,0,7,0,Not Injured,226,0,0,2011,Sunday,Pedalcyclist,Non Intersection,30.26618478,"Dark, Unknown Lighting",-97.74350246,One Motor Vehicle - Going Straight,Not Applicable,Not Applicable,False,NONE,City Street,"Straight, Grade",Main/Proper Lane,On Roadway,30,W 4TH ST,100,Dry,Marked Lanes,Clear,Not Worn,-10880756.922198283,3537811.5082027307
12195628,False,False,Austin Police Department,False,False,No,0,0,0,7,0,Not Injured,226,0,0,2011,Sunday,Pedalcyclist,Non Intersection,30.26618478,"Dark, Unknown Lighting",-97.74350246,One Motor Vehicle - Going Straight,Not Applicable,Not Applicable,False,NONE,City Street,"Straight, Grade",Main/Proper Lane,On Roadway,30,W 4TH ST,100,Dry,Marked Lanes,Clear,Not Worn,-10880756.922198283,3537811.5082027307
12195628,False,False,Austin Police Department,False,False,No,0,0,0,7,0,Not Injured,226,0,0,2011,Sunday,Pedalcyclist,Non Intersection,30.26618478,"Dark, Unknown Lighting",-97.74350246,One Motor Vehicle - Going Straight,Not Applicable,Not Applicable,False,NONE,City Street,"Straight, Grade",Main/Proper Lane,On Roadway,30,W 4TH ST,100,Dry,Marked Lanes,Clear,Not Worn,-10880756.922198283,3537811.5082027307
12195696,False,False,Austin Police Department,False,False,No,0,0,1,0,0,Non-Incapacitating Injury,245,1,1,2011,Sunday,Pedalcyclist,Intersection Related,30.27894659,"Dark, Lighted",-97.7321752,One Motor Vehicle - Going Straight,Not Applicable,Not Applicable,False,NONE,City Street,"Straight, Grade",Main/Proper Lane,On Roadway,35,RED RIVER ST,1898,Dry,Signal Light,Clear,Not Worn,-10879495.977382999,3539456.456425043
12195758,False,False,Austin Police Department,False,False,No,0,0,0,1,1,Possible Injury,1038,1,0,2011,Wednesday,Pedalcyclist,Intersection Related,30.23362083,Daylight,-97.74125817,One Motor Vehicle - Going Straight,Not Applicable,Not Applicable,False,NONE,Interstate,"Straight, Level",Service/Frontage Road,On Roadway,0,IH0035,NO DATA,Dry,Signal Light,Clear,Not Worn,-10880507.08897829,3533615.108765379
12195760,False,False,Austin Police Department,False,False,No,0,0,1,1,0,Non-Incapacitating Injury,1853,1,0,2011,Wednesday,Pedalcyclist,Driveway Access,30.2474335,Daylight,-97.77414677,One Motor Vehicle - Turning Right,One Vehicle Leaving Driveway,Entrance To Or Exit From Private Property Or Driveway,False,BICYCLE,US & State Highways,"Straight, Level",Main/Proper Lane,On Roadway,35,SL0343,2224,Dry,None,Clear,Not Worn,-10884168.231183194,3535394.928149594
12207897,True,False,Austin Police Department,True,False,No,0,0,1,1,0,Non-Incapacitating Injury,1853,1,0,2011,Wednesday,Pedalcyclist,Intersection,30.26527478,Daylight,-97.74768246,One Motor Vehicle - Turning Left,Not Applicable,Not Applicable,False,NONE,City Street,"Straight, Level",Main/Proper Lane,On Roadway,0,W 2ND ST,400,Dry,Signal Light,Clear,Not Worn,-10881222.237669798,3537694.2208706224
12195780,False,False,Austin Police Department,True,False,No,0,0,1,0,0,Non-Incapacitating Injury,1343,1,0,2011,Thursday,Pedalcyclist,Intersection,30.30720477,Daylight,-97.74942246,One Motor Vehicle - Going Straight,Not Applicable,Not Applicable,False,NONE,City Street,"Straight, Level",Main/Proper Lane,On Roadway,0,W 35TH STREET CUTOFF,NO DATA,Dry,Stop Sign,Clear,Unknown If Worn,-10881415.93358378,3543099.5886476766
12196128,False,False,Austin Police Department,True,False,No,0,0,0,1,0,Not Injured,1827,0,1,2011,Friday,Pedalcyclist,Intersection,30.26429478,Daylight,-97.74420246,One Motor Vehicle - Turning Left,Not Applicable,Not Applicable,False,NONE,City Street,"Straight, Level",Main/Proper Lane,On Roadway,0,CONGRESS AVE,199,Dry,Center Stripe/Divider,Clear,Not Worn,-10880834.845841838,3537567.9126517065
12196058,False,False,Austin Police Department,False,False,No,0,0,0,2,1,Possible Injury,1542,1,0,2011,Saturday,Pedalcyclist,Driveway Access,30.17516964,Daylight,-97.82311759,One Motor Vehicle - Going Straight,One Vehicle Leaving Driveway,Entrance To Or Exit From Private Property Or Driveway,False,NONE,Farm To Market,"Straight, Level",Main/Proper Lane,On Roadway,40,FM2304,9724,Dry,Marked Lanes,Clear,Not Worn,-10889619.637929322,3526086.1981626353
12196031,False,False,Austin Police Department,True,False,No,0,0,0,1,1,Possible Injury,1807,1,0,2011,Tuesday,Pedalcyclist,Intersection,30.24739478,Daylight,-97.75920246,One Motor Vehicle - Going Straight,Not Applicable,Not Applicable,False,NONE,City Street,Other (Explain In Narrative),Main/Proper Lane,On Roadway,25,MARY ST W,798,Dry,Yield Sign,Clear,Not Worn,-10882504.638203736,3535389.938568571
12195978,False,False,Austin Police Department,True,False,No,0,0,0,1,1,Possible Injury,1300,1,0,2011,Wednesday,Pedalcyclist,Intersection,30.22659312,Daylight,-97.76940506,One Motor Vehicle - Turning Right,Not Applicable,Not Applicable,False,NONE,US & State Highways,"Straight, Level",Service/Frontage Road,On Roadway,0,US0290,3940,Dry,Signal Light,Clear,Unknown If Worn,-10883640.386440504,3532709.6553899264
12289695,True,False,Austin Police Department,False,False,No,0,0,1,0,0,Non-Incapacitating Injury,1927,1,1,2011,Friday,Pedalcyclist,Intersection Related,30.27379187,Daylight,-97.71965832,One Motor Vehicle - Other,Not Applicable,Not Applicable,False,NONE,City Street,"Straight, Level",Main/Proper Lane,On Roadway,0,E 12TH ST,1924,Dry,None,Clear,Unknown If Worn,-10878102.604675079,3538792.0070975604