Crash ID,$1000 Damage to Any One Person's Property,Active School Zone Flag,Agency,At Intersection Flag,Construction Zone Flag,Construction Zone Workers Present Flag,Crash Death Count,Crash Incapacitating Injury Count,Crash Non-incapacitating Injury Count,Crash Not Injured Count,Crash Possible Injury Count,Crash Severity,Crash Time,Crash Total Injury Count,Crash Unknown Injury Count,Crash Year,Day of Week,First Harmful Event,Intersection Related,Latitude,Light Condition,Longitude,Manner of Collision,Other Factor,Physical Feature 1,Private Drive Flag,Property Damages,Road Class,Roadway Alignment,Roadway Part,Roadway Relation,Speed Limit,Street Name,Street Number,Surface Condition,Traffic Control Type,Weather Condition,Person Helmet,MercatorX,MercatorY
12207863,False,False,Austin Police Department,False,False,No,0,0,1,0,0,Non-Incapacitating Injury,2230,1,1,2011,Saturday,Pedalcyclist,Driveway Access,30.29481798,"Dark, Lighted",-97.7385435,One Motor Vehicle - Turning Left,One Vehicle Leaving Driveway,Entrance To Or Exit From Private Property Or Driveway,False,NONE,City Street,"Straight, Grade",Main/Proper Lane,On Roadway,35,W 30TH ST,211,Dry,None,Clear,Not Worn,-10880204.89329622,3541502.516040122
12208033,False,False,Austin Police Department,False,False,No,0,0,2,0,0,Non-Incapacitating Injury,1314,2,0,2011,Monday,Pedalcyclist,Driveway Access,30.27595417,Daylight,-97.7472499,One Motor Vehicle - Going Straight,One Vehicle Leaving Driveway,Entrance To Or Exit From Private Property Or Driveway,False,NONE,City Street,"Straight, Level",Other (Explain In Narrative),On Roadway,0,RIO GRANDE ST,1202,Dry,None,Clear,Not Worn,-10881174.085310861,3539070.7258014986
12208022,False,False,Austin Police Department,False,False,No,0,0,1,1,0,Non-Incapacitating Injury,1200,1,0,2011,Wednesday,Pedalcyclist,Driveway Access,30.25482525,Daylight,-97.76225357,One Motor Vehicle - Turning Left,One Vehicle Entering Driveway,Entrance To Or Exit From Private Property Or Driveway,False,NONE,US & State Highways,"Straight, Level",Main/Proper Lane,On Roadway,40,SL0343,1204,Dry,Center Stripe/Divider,Clear,Not Worn,-10882844.286215292,3536347.488331711
12614359,False,False,Austin Police Department,False,False,No,0,0,1,2,0,Non-Incapacitating Injury,1928,1,0,2011,Wednesday,Pedalcyclist,Non Intersection,30.26952861,Dusk,-97.78036289,One Motor Vehicle - Going Straight,Vision Obstructed By Headlight Or Sun Glare,Not Applicable,False,NONE,City Street,"Straight, Grade",Main/Proper Lane,On Roadway,30,ROLLINGWOOD DR,2401,Dry,None,Clear,"Worn, Damaged",-10884860.206496304,3538242.4943521917
12340681,False,False,Austin Police Department,False,False,No,0,0,1,1,0,Non-Incapacitating Injury,752,1,0,2011,Thursday,Pedalcyclist,Driveway Access,30.23223315,Daylight,-97.72938124,One Motor Vehicle - Turning Right,One Vehicle Entering Driveway,Entrance To Or Exit From Private Property Or Driveway,False,NONE,City Street,"Straight, Hillcrest",Main/Proper Lane,On Roadway,35,WILLOW CREEK DR,2000,Dry,None,Clear,"Worn, Not Damaged",-10879184.955178503,3533436.314310598
12207879,False,False,Austin Police Department,False,False,No,0,0,0,1,1,Possible Injury,1511,1,0,2011,Friday,Pedalcyclist,Intersection Related,30.26493046,Daylight,-97.7389774,One Motor Vehicle - Going Straight,Not Applicable,Not Applicable,False,NONE,City Street,"Straight, Level",Main/Proper Lane,On Roadway,30,E 4TH ST,501,Dry,Stop Sign,Clear,Not Worn,-10880253.194823273,3537649.84272091
12261049,True,False,Austin Police Department,True,False,No,0,0,1,1,0,Non-Incapacitating Injury,1124,1,0,2011,Friday,Pedalcyclist,Intersection Related,30.41178475,Daylight,-97.72342246,One Motor Vehicle - Going Straight,Not Applicable,Not Applicable,False,NONE,City Street,"Straight, Level",Main/Proper Lane,On Roadway,30,ASPENDALE DR,NO DATA,Dry,Stop Sign,Clear,Not Worn,-10878521.626823153,3556591.512964072
12204645,False,False,Sunset Valley Police Department,True,False,No,0,0,1,1,0,Non-Incapacitating Injury,1900,1,0,2011,Saturday,Pedalcyclist,Intersection Related,30.21978479,Daylight,-97.82660244,One Motor Vehicle - Going Straight,Not Applicable,Not Applicable,False,NONE,City Street,"Straight, Level",Main/Proper Lane,On Roadway,30,OAKDALE DR,700,Dry,Signal Light,Clear,Not Worn,-10890007.569656814,3531832.5287412405
12265669,False,False,Austin Police Department,True,False,No,0,0,0,1,1,Possible Injury,1419,1,0,2011,Sunday,Pedalcyclist,Intersection,30.33101152,Daylight,-97.68277079,One Motor Vehicle - Going Straight,Not Applicable,Not Applicable,False,BICYCLE,US & State Highways,"Straight, Level",Main/Proper Lane,On Roadway,45,US0183,1700,Dry,Signal Light,Clear,Not Worn,-10873996.303618858,3546169.6438877457
12803641,False,False,Austin Police Department,True,False,No,0,0,1,0,0,Non-Incapacitating Injury,1219,1,1,2011,Tuesday,Pedalcyclist,Intersection Related,30.25001478,Daylight,-97.75494246,One Motor Vehicle - Going Straight,Not Applicable,Not Applicable,False,NONE,City Street,"Straight, Level",Main/Proper Lane,On Roadway,30,ELIZABETH ST W,598,Dry,Stop Sign,Clear,Unknown If Worn,-10882030.417172957,3535727.564446731
12265768,False,False,Austin Police Department,False,False,No,0,0,0,2,1,Possible Injury,2035,1,0,2011,Thursday,Pedalcyclist,Non Intersection,30.25658066,"Dark, Lighted",-97.72306107,One Motor Vehicle - Going Straight,Not Applicable,Not Applicable,False,NONE,City Street,"Straight, Level",Main/Proper Lane,On Roadway,30,E CESAR CHAVEZ ST,2013,Dry,None,Clear,Not Worn,-10878481.397072375,3536573.715073834
12227725,True,False,Austin Police Department,False,False,No,0,1,0,1,0,Incapacitating Injury,1929,1,0,2011,Tuesday,Pedalcyclist,Intersection Related,30.42912248,Daylight,-97.7495577,One Motor Vehicle - Going Straight,Not Applicable,Not Applicable,False,NONE,City Street,"Straight, Level",Main/Proper Lane,On Roadway,45,RIATA TRACE PKWY,12280,Dry,Marked Lanes,Clear,"Worn, Damaged",-10881430.988431714,3558829.6591991046
12227530,True,False,Austin Police Department,True,False,No,0,0,1,3,1,Non-Incapacitating Injury,134,2,0,2011,Saturday,Pedalcyclist,Intersection,30.26550478,"Dark, Lighted",-97.74108246,One Motor Vehicle - Going Straight,Vehicle Changing Lanes,Not Applicable,False,NONE,City Street,"Straight, Level",Main/Proper Lane,On Roadway,35,SAN JACINTO BLVD,399,Dry,Stop Sign,Clear,Not Worn,-10880487.529030563,3537723.8648189413
12227530,True,False,Austin Police Department,True,False,No,0,0,1,3,1,Non-Incapacitating Injury,134,2,0,2011,Saturday,Pedalcyclist,Intersection,30.26550478,"Dark, Lighted",-97.74108246,One Motor Vehicle - Going Straight,Vehicle Changing Lanes,Not Applicable,False,NONE,City Street,"Straight, Level",Main/Proper Lane,On Roadway,35,SAN JACINTO BLVD,399,Dry,Stop Sign,Clear,Not Worn,-10880487.529030563,3537723.8648189413
12227530,True,False,Austin Police Department,True,False,No,0,0,1,3,1,Non-Incapacitating Injury,134,2,0,2011,Saturday,Pedalcyclist,Intersection,30.26550478,"Dark, Lighted",-97.74108246,One Motor Vehicle - Going Straight,Vehicle Changing Lanes,Not Applicable,False,NONE,City Street,"Straight, Level",Main/Proper Lane,On Roadway,35,SAN JACINTO BLVD,399,Dry,Stop Sign,Clear,Not Worn,-10880487.529030563,3537723.8648189413
12260984,True,False,Austin Police Department,True,False,No,0,0,0,1,1,Possible Injury,2122,1,0,2011,Saturday,Pedalcyclist,Intersection,30.30783477,"Dark, Not Lighted",-97.69001247,One Motor Vehicle - Going Straight,Not Applicable,Not Applicable,False,NONE,City Street,"Straight, Level",Main/Proper Lane,On Roadway,0,WESTMINSTER DR,5501,Dry,Stop Sign,Clear,Not Worn,-10874802.443748945,3543180.8221666147
12246551,True,False,Austin Police Department,False,False,No,0,0,0,1,1,Possible Injury,2049,1,0,2011,Monday,Pedalcyclist,Non Intersection,30.36313965,"Dark, Lighted",-97.6972338,One Motor Vehicle - Going Straight,Not Applicable,Not Applicable,False,NONE,City Street,"Straight, Level",Main/Proper Lane,On Roadway,35,W RUNDBERG LN,NO DATA,Dry,Marked Lanes,Clear,Not Worn,-10875606.318527397,3550313.985745908
12265741,False,False,Austin Police Department,False,False,No,0,0,1,2,0,Non-Incapacitating Injury,1417,1,0,2011,Monday,Pedalcyclist,Intersection Related,30.43727953,Daylight,-97.73587539,One Motor Vehicle - Going Straight,Not Applicable,Not Applicable,False,NONE,Farm To Market,"Straight, Level",Main/Proper Lane,On Roadway,0,FM0734,5524,Dry,Stop Sign,Clear,Not Worn,-10879907.88064964,3559882.7991673173
12289301,False,False,Austin Police Department,False,False,No,0,0,1,2,0,Non-Incapacitating Injury,752,1,0,2011,Tuesday,Pedalcyclist,Intersection Related,30.2007271,Daylight,-97.86615755,One Motor Vehicle - Going Straight,Not Applicable,Not Applicable,False,NONE,US & State Highways,"Straight, Level",Main/Proper Lane,On Roadway,45,SL0001,NO DATA,Dry,Signal Light,Clear,"Worn, Unk Damage",-10894410.824360285,3529377.622693708
12377081,False,True,Austin Police Department,False,False,No,0,0,1,1,0,Non-Incapacitating Injury,821,1,0,2011,Tuesday,Pedalcyclist,Driveway Access,30.21454589,Daylight,-97.79897748,One Motor Vehicle - Turning Left,One Vehicle Entering Driveway,Entrance To Or Exit From Private Property Or Driveway,False,NONE,City Street,"Straight, Level",Main/Proper Lane,On Roadway,20,MANCHACA RD,5601,Dry,Signal Light,Clear,Not Worn,-10886932.37317643,3531157.635278694
12614453,False,False,Austin Police Department,True,False,No,0,0,0,0,1,Possible Injury,1237,1,1,2011,Tuesday,Pedalcyclist,Intersection Related,30.31581581,Daylight,-97.70141548,One Motor Vehicle - Going Straight,Not Applicable,Not Applicable,False,NONE,City Street,"Straight, Level",Main/Proper Lane,On Roadway,0,CAMERON RD,5801,Dry,Signal Light,Clear,Not Worn,-10876071.821015656,3544209.959381806
12246584,False,False,Austin Police Department,True,False,No,0,0,0,1,1,Possible Injury,738,1,0,2011,Wednesday,Pedalcyclist,Intersection,30.25851478,Daylight,-97.72865247,One Motor Vehicle - Turning Left,Not Applicable,Not Applicable,False,NONE,City Street,"Straight, Level",Main/Proper Lane,On Roadway,35,COMAL ST,101,Dry,Signal Light,Clear,"Worn, Unk Damage",-10879103.828873198,3536822.9775735084
12289685,False,False,Austin Police Department,True,False,No,0,0,1,0,0,Non-Incapacitating Injury,2056,1,1,2011,Wednesday,Pedalcyclist,Intersection Related,30.26449154,"Dark, Lighted",-97.75711525,One Motor Vehicle - Turning Left,Not Applicable,Not Applicable,False,NONE,US & State Highways,"Straight, Level",Main/Proper Lane,On Roadway,35,SL0343,NO DATA,Dry,Signal Light,Clear,Unknown If Worn,-10882272.291049358,3537593.2721476564
12298483,False,False,Austin Police Department,True,False,No,0,0,1,1,0,Non-Incapacitating Injury,1722,1,0,2011,Wednesday,Pedalcyclist,Intersection,30.24479478,Daylight,-97.72547247,One Motor Vehicle - Turning Left,Not Applicable,Not Applicable,False,NONE,City Street,"Curve, Level",Main/Proper Lane,On Roadway,35,S LAKESHORE BLVD,2000,Dry,Center Stripe/Divider,Clear,Not Worn,-10878749.832892476,3535054.898886971
12246424,False,False,Austin Police Department,False,False,No,0,0,1,1,0,Non-Incapacitating Injury,1330,1,0,2011,Saturday,Pedalcyclist,Driveway Access,30.41569475,Daylight,-97.74835245,One Motor Vehicle - Going Straight,One Vehicle Leaving Driveway,Entrance To Or Exit From Private Property Or Driveway,False,NONE,City Street,"Straight, Level",Other (Explain In Narrative),On Roadway,0,JOLLYVILLE RD,11581,Dry,Bike Lane,Clear,"Worn, Not Damaged",-10881296.820615435,3557096.224348195
12245170,False,False,Austin Police Department,False,False,No,0,0,1,1,0,Non-Incapacitating Injury,2349,1,0,2011,Sunday,Pedalcyclist,Driveway Access,30.22429773,"Dark, Lighted",-97.7649054,One Motor Vehicle - Going Straight,One Vehicle Leaving Driveway,Entrance To Or Exit From Private Property Or Driveway,False,UNIT #1 BICYCLE,City Street,"Straight, Level",Service/Frontage Road,On Roadway,55,W BEN WHITE BLVD,200,Dry,None,Clear,Not Worn,-10883139.486580562,3532413.9303104104
12246285,False,False,Austin Police Department,False,False,No,0,1,0,0,0,Incapacitating Injury,2330,1,1,2011,Wednesday,Pedalcyclist,Non Intersection,30.39190583,"Dark, Not Lighted",-97.72157252,One Motor Vehicle - Going Straight,Not Applicable,Not Applicable,False,NONE,Farm To Market,"Straight, Level",Main/Proper Lane,On Roadway,0,BURNET RD,10707,Dry,None,Clear,Not Worn,-10878315.692444356,3554025.8109173775
12326495,False,False,Austin Police Department,True,False,No,0,0,1,0,0,Non-Incapacitating Injury,216,1,4,2011,Friday,Pedalcyclist,Intersection,30.26429478,"Dark, Lighted",-97.74420246,One Motor Vehicle - Going Straight,Not Applicable,Not Applicable,False,NONE,City Street,"Straight, Level",Main/Proper Lane,On Roadway,35,CONGRESS AVE,199,Dry,Signal Light,Clear,Not Worn,-10880834.845841838,3537567.9126517065
12259794,False,False,Austin Police Department,True,False,No,0,1,0,0,0,Incapacitating Injury,2101,1,0,2011,Saturday,Pedalcyclist,Intersection Related,30.23146479,"Dark, Lighted",-97.73573247,One Motor Vehicle - Going Straight,Not Applicable,Not Applicable,False,NONE,City Street,"Straight, Level",Main/Proper Lane,On Roadway,40,E OLTORF ST,NO DATA,Dry,Signal Light,Clear,Not Worn,-10879891.970868014,3533337.316702397
12270231,True,False,Austin Police Department,True,False,No,0,0,1,1,0,Non-Incapacitating Injury,1901,1,0,2011,Saturday,Pedalcyclist,Intersection Related,30.35134476,Daylight,-97.75814246,One Motor Vehicle - Going Straight,Not Applicable,Not Applicable,False,NONE,City Street,"Curve, Grade",Main/Proper Lane,On Roadway,30,THORNCLIFFE DR,6800,Dry,Stop Sign,Clear,Not Worn,-10882386.639543496,3548792.35548741
12314093,False,False,Austin Police Department,True,False,No,0,0,1,1,0,Non-Incapacitating Injury,2203,1,0,2011,Saturday,Pedalcyclist,Intersection Related,30.26574519,"Dark, Lighted",-97.73465308,One Motor Vehicle - Going Straight,Not Applicable,Not Applicable,False,NONE,Interstate,"Straight, Grade",Service/Frontage Road,On Roadway,0,IH0035,NO DATA,Dry,Signal Light,Clear,Not Worn,-10879771.813722847,3537754.8505523666
12315007,False,False,Austin Police Department,True,False,No,0,0,1,1,0,Non-Incapacitating Injury,1621,1,0,2011,Saturday,Pedalcyclist,Intersection Related,30.25478478,Daylight,-97.71195247,One Motor Vehicle - Going Straight,Not Applicable,Not Applicable,False,NONE,City Street,"Straight, Level",Main/Proper Lane,On Roadway,30,E 3RD ST,2798,Dry,Stop Sign,Clear,"Worn, Unk Damage",-10877244.79337695,3536342.2728478303
12314983,False,False,Austin Police Department,False,False,No,0,0,1,0,0,Non-Incapacitating Injury,1130,1,1,2011,Tuesday,Pedalcyclist,Non Intersection,30.29325555,Daylight,-97.73590487,One Motor Vehicle - Going Straight,Not Applicable,Not Applicable,False,NONE,City Street,"Straight, Level",Main/Proper Lane,On Roadway,25,SPEEDWAY,3014,Dry,Marked Lanes,Clear,Unknown If Worn,-10879911.162348226,3541301.0807473324
12259791,True,False,Austin Police Department,False,False,No,0,0,1,3,0,Non-Incapacitating Injury,1355,1,0,2011,Wednesday,Pedalcyclist,Intersection Related,30.23396026,Daylight,-97.86570892,One Motor Vehicle - Going Straight,Not Applicable,Not Applicable,False,NONE,US & State Highways,"Straight, Level",Main/Proper Lane,On Roadway,50,US0290,NO DATA,Dry,Stop Sign,Clear,Not Worn,-10894360.88309713,3533658.842720512
12259792,False,False,Austin Police Department,True,False,No,0,0,1,1,0,Non-Incapacitating Injury,2126,1,0,2011,Wednesday,Pedalcyclist,Intersection Related,30.23356479,"Dark, Lighted",-97.72378247,One Motor Vehicle - Going Straight,Not Applicable,Not Applicable,False,NONE,City Street,"Straight, Level",Main/Proper Lane,On Roadway,35,E RIVERSIDE DR,NO DATA,Dry,Signal Light With Red Light Running Camera,Clear,Not Worn,-10878561.702953033,3533607.888290122
12270131,False,False,Austin Police Department,True,False,No,0,0,1,1,0,Non-Incapacitating Injury,1037,1,0,2011,Thursday,Pedalcyclist,Intersection,30.22964479,Daylight,-97.76025246,One Motor Vehicle - Going Straight,Not Applicable,Not Applicable,False,NONE,City Street,"Straight, Level",Main/Proper Lane,On Roadway,35,S CONGRESS AVE,3401,Dry,Signal Light,Clear,Not Worn,-10882621.52366907,3533102.8260009955
12270167,False,False,Austin Police Department,True,False,No,0,0,1,1,0,Non-Incapacitating Injury,1509,1,0,2011,Friday,Pedalcyclist,Intersection Related,30.26437854,Daylight,-97.74801969,One Motor Vehicle - Going Straight,Not Applicable,Not Applicable,False,NONE,US & State Highways,"Straight, Level",Main/Proper Lane,On Roadway,30,SL0343,400,Dry,Signal Light,Clear,Not Worn,-10881259.77794168,3537578.7080885763
12272124,True,False,Austin Police Department,False,True,No,0,0,1,5,0,Non-Incapacitating Injury,2200,1,0,2011,Friday,Pedalcyclist,Intersection Related,30.28858185,"Dark, Lighted",-97.72929991,One Motor Vehicle - Turning Right,Construction - Within Posted Road Construction Zone (Not Related To Crash),Not Applicable,False,NONE,City Street,"Straight, Level",Main/Proper Lane,On Roadway,30,E DEAN KEETON ST,820,Dry,Signal Light,Clear,Not Worn,-10879175.901564315,3540698.5461064056
12356835,False,False,Austin Police Department,True,False,No,0,0,1,1,0,Non-Incapacitating Injury,900,1,0,2011,Friday,Pedalcyclist,Intersection Related,30.27807478,Daylight,-97.77256246,One Motor Vehicle - Turning Right,Not Applicable,Not Applicable,False,NONE,City Street,"Straight, Level",Main/Proper Lane,On Roadway,35,LAKE AUSTIN BLVD,NO DATA,Dry,Marked Lanes,Clear,"Worn, Damaged",-10883991.866600735,3539344.0766627737
12270155,False,False,Austin Police Department,False,False,No,0,0,1,1,0,Non-Incapacitating Injury,702,1,0,2011,Saturday,Pedalcyclist,Non Intersection,30.31066597,"Dark, Lighted",-97.73258911,One Motor Vehicle - Going Straight,Not Applicable,Not Applicable,False,NONE,City Street,"Straight, Level",Main/Proper Lane,On Roadway,30,W 45TH ST,558,Dry,Marked Lanes,Clear,"Worn, Not Damaged",-10879542.053633435,3543545.8894675565
12272264,False,False,Austin Police Department,True,False,No,0,0,0,2,0,Not Injured,1223,0,0,2011,Saturday,Pedalcyclist,Intersection,30.33241213,Daylight,-97.73473934,One Motor Vehicle - Going Straight,Not Applicable,Not Applicable,False,NONE,Farm To Market,"Straight, Level",Main/Proper Lane,On Roadway,35,RM2222,1700,Dry,Stop Sign,Clear,"Worn, Not Damaged",-10879781.416142123,3546350.2860731194
12280245,False,False,Austin Police Department,True,False,No,0,0,0,1,0,Not Injured,1000,0,1,2011,Monday,Pedalcyclist,Intersection,30.28778478,Daylight,-97.74263246,One Motor Vehicle - Turning Left,Not Applicable,Not Applicable,False,NONE,City Street,"Straight, Level",Main/Proper Lane,On Roadway,30,W 24TH ST,504,Dry,Signal Light,Clear,Unknown If Worn,-10880660.074241292,3540595.7904966054
12270425,False,False,Austin Police Department,False,False,No,0,0,1,1,0,Non-Incapacitating Injury,708,1,0,2011,Tuesday,Pedalcyclist,Intersection Related,30.26711478,Daylight,-97.74316246,One Motor Vehicle - Turning Left,Not Applicable,Not Applicable,False,NONE,City Street,"Straight, Level",Main/Proper Lane,On Roadway,40,CONGRESS AVE,500,Dry,Signal Light,Clear,Not Worn,-10880719.073571412,3537931.374401575
12289124,True,False,Austin Police Department,True,False,No,0,0,1,1,0,Non-Incapacitating Injury,806,1,0,2011,Tuesday,Pedalcyclist,Intersection Related,30.23816479,Daylight,-97.76212246,One Motor Vehicle - Turning Left,Not Applicable,Not Applicable,False,NONE,City Street,"Straight, Level",Main/Proper Lane,On Roadway,35,S 1ST ST,2701,Dry,Signal Light,Clear,Not Worn,-10882829.691116855,3534200.589107726
12314020,False,False,Austin Police Department,True,False,No,0,0,1,2,0,Non-Incapacitating Injury,2217,1,0,2011,Tuesday,Pedalcyclist,Intersection,30.25001478,"Dark, Not Lighted",-97.75494246,One Motor Vehicle - Going Straight,Not Applicable,Not Applicable,False,NONE,City Street,"Straight, Level",Main/Proper Lane,On Roadway,35,S 1ST ST,1499,Dry,Stop Sign,Clear,Not Worn,-10882030.417172957,3535727.564446731
12314021,False,False,Austin Police Department,True,False,No,0,0,1,1,0,Non-Incapacitating Injury,1731,1,0,2011,Tuesday,Pedalcyclist,Intersection,30.24423478,Daylight,-97.74035246,One Motor Vehicle - Going Straight,Not Applicable,Not Applicable,False,NONE,City Street,"Straight, Grade",Main/Proper Lane,On Roadway,30,REAGAN TER,1099,Dry,Stop Sign,Clear,Not Worn,-10880406.265802285,3534982.7376543065
12270074,False,False,Austin Police Department,False,False,No,0,0,0,4,1,Possible Injury,2025,1,0,2011,Wednesday,Pedalcyclist,Non Intersection,30.27125379,"Dark, Not Lighted",-97.70536516,One Motor Vehicle - Going Straight,Not Applicable,Not Applicable,False,NONE,City Street,"Straight, Grade",Main/Proper Lane,On Roadway,30,GOODWIN AVE,2715,Dry,Stop Sign,Clear,Not Worn,-10876511.497382052,3538464.858491887
12280232,False,False,Austin Police Department,True,False,No,0,0,0,1,1,Possible Injury,800,1,0,2011,Thursday,Pedalcyclist,Intersection Related,30.21137479,Daylight,-97.83195244,One Motor Vehicle - Going Straight,Not Applicable,Not Applicable,False,NONE,City Street,"Straight, Level",Main/Proper Lane,On Roadway,30,CONVICT HILL RD,NO DATA,Dry,Signal Light,Clear,Not Worn,-10890603.128932558,3530749.140520437
12280172,False,False,Austin Police Department,True,False,No,0,0,1,1,0,Non-Incapacitating Injury,1405,1,0,2011,Friday,Pedalcyclist,Intersection Related,30.29195477,Daylight,-97.74119246,One Motor Vehicle - Going Straight,Not Applicable,Not Applicable,False,NONE,City Street,"Straight, Level",Main/Proper Lane,On Roadway,30,GUADALUPE ST,2701,Dry,Signal Light,Clear,Unknown If Worn,-10880499.774174549,3541133.380962084
12280218,False,False,Austin Police Department,False,False,No,0,0,0,2,1,Possible Injury,1150,1,0,2011,Friday,Pedalcyclist,Non Intersection,30.19310018,Daylight,-97.77934234,One Motor Vehicle - Going Straight,Not Applicable,Not Applicable,False,NONE,City Street,"Straight, Level",Main/Proper Lane,On Roadway,40,W WILLIAM CANNON DR,NO DATA,Dry,Marked Lanes,Cloudy,Not Worn,-10884746.599389974,3528395.2982827914
12279721,False,False,Austin Police Department,False,True,Yes,0,0,1,1,0,Non-Incapacitating Injury,1108,1,0,2011,Saturday,Pedalcyclist,Driveway Access,30.23709939,Daylight,-97.75059243,One Motor Vehicle - Turning Left,Construction - Within Posted Road Construction Zone (Not Related To Crash),Entrance To Or Exit From Private Property Or Driveway,False,NONE,City Street,"Straight, Grade",Main/Proper Lane,On Roadway,35,OLTORF ST E,500,Dry,None,Clear,Not Worn,-10881546.174048422,3534063.3119764472
12314135,True,False,Austin Police Department,True,False,No,0,0,1,2,0,Non-Incapacitating Injury,1728,1,0,2011,Monday,Pedalcyclist,Intersection Related,30.26541478,Daylight,-97.70902247,One Motor Vehicle - Turning Right,Not Applicable,Not Applicable,False,NONE,City Street,"Straight, Grade",Main/Proper Lane,On Roadway,35,WEBBERVILLE RD,2901,Dry,Signal Light,Clear,"Worn, Not Damaged",-10876918.627268925,3537712.2650048076
12314958,False,False,Austin Police Department,True,False,No,0,0,1,1,0,Non-Incapacitating Injury,938,1,0,2011,Monday,Pedalcyclist,Intersection,30.28930477,Daylight,-97.73460246,One Motor Vehicle - Turning Left,Not Applicable,Not Applicable,False,NONE,City Street,"Straight, Level",Main/Proper Lane,On Roadway,30,SAN JACINTO BLVD,NO DATA,Dry,Signal Light,Clear,"Worn, Not Damaged",-10879766.178730223,3540791.7432672065
12279788,False,False,Austin Police Department,True,False,No,0,0,1,1,0,Non-Incapacitating Injury,1828,1,0,2011,Tuesday,Pedalcyclist,Intersection,30.28380478,Daylight,-97.74191246,One Motor Vehicle - Turning Right,Not Applicable,Not Applicable,False,NONE,City Street,"Straight, Level",Main/Proper Lane,On Roadway,35,GUADALUPE ST,2099,Dry,Signal Light,Clear,"Worn, Damaged",-10880579.924207922,3540082.714643976
12341719,False,False,Austin Police Department,True,False,No,0,0,1,2,0,Non-Incapacitating Injury,2042,1,0,2011,Thursday,Pedalcyclist,Intersection,30.27198478,"Dark, Not Lighted",-97.73090247,One Motor Vehicle - Turning Right,Not Applicable,Not Applicable,False,NONE,City Street,"Straight, Grade",Main/Proper Lane,On Roadway,30,E 12TH ST,901,Dry,Marked Lanes,Clear,Not Worn,-10879354.297727484,3538559.079382472
12289177,False,False,Austin Police Department,True,False,No,0,0,1,1,0,Non-Incapacitating Injury,1940,1,0,2011,Friday,Pedalcyclist,Intersection,30.28978477,"Dark, Lighted",-97.74140246,One Motor Vehicle - Turning Right,Not Applicable,Not Applicable,False,NONE,City Street,"Straight, Level",Main/Proper Lane,On Roadway,30,GUADALUPE ST,2525,Dry,Signal Light,Clear,Not Worn,-10880523.151267618,3540853.6241274383
12289178,False,False,Austin Police Department,True,False,No,0,0,1,2,0,Non-Incapacitating Injury,1928,1,0,2011,Friday,Pedalcyclist,Intersection,30.30699442,"Dark, Lighted",-97.72457973,One Motor Vehicle - Turning Left,Not Applicable,Not Applicable,False,NONE,City Street,"Straight, Level",Main/Proper Lane,On Roadway,30,E 45TH ST,497,Dry,Signal Light,Clear,Not Worn,-10878650.453530263,3543072.4657945624
12289434,True,False,Austin Police Department,False,False,No,0,0,2,0,0,Non-Incapacitating Injury,2142,2,0,2011,Friday,Pedalcyclist,Non Intersection,30.27563478,Daylight,-97.70818247,One Motor Vehicle - Going Straight,Not Applicable,Not Applicable,False,NONE,City Street,"Straight, Grade",Main/Proper Lane,On Roadway,40,E 12TH ST,2899,Dry,None,Clear,Not Worn,-10876825.118896658,3539029.556304846
12289550,False,False,Austin Police Department,True,False,No,0,0,1,4,0,Non-Incapacitating Injury,945,1,0,2011,Saturday,Pedalcyclist,Intersection,30.26805478,Daylight,-97.74281246,One Motor Vehicle - Going Straight,Not Applicable,Not Applicable,False,NONE,City Street,"Straight, Level",Main/Proper Lane,On Roadway,0,CONGRESS AVE,600,Dry,Signal Light,Clear,"Worn, Not Damaged",-10880680.111749634,3538052.5306380917
12289558,False,False,Austin Police Department,True,False,No,0,0,1,1,0,Non-Incapacitating Injury,2029,1,0,2011,Saturday,Pedalcyclist,Intersection,30.22559479,"Dark, Lighted",-97.80384245,One Motor Vehicle - Turning Left,Not Applicable,Not Applicable,False,NONE,City Street,"Straight, Level",Main/Proper Lane,On Roadway,0,WEST GATE BLVD,5099,Dry,Signal Light,Clear,Not Worn,-10887473.939159553,3532581.0353447264
12289427,False,False,Austin Police Department,True,False,No,0,0,1,4,0,Non-Incapacitating Injury,1153,1,0,2011,Sunday,Pedalcyclist,Intersection,30.28081313,Daylight,-97.64800951,One Motor Vehicle - Turning Left,Not Applicable,Not Applicable,False,NONE,Farm To Market,"Straight, Level",Other (Explain In Narrative),On Roadway,50,FM0969,7598,Dry,Center Stripe/Divider,Clear,Not Worn,-10870126.695629934,3539697.064181523