Crash ID,$1000 Damage to Any One Person's Property,Active School Zone Flag,Agency,At Intersection Flag,Construction Zone Flag,Construction Zone Workers Present Flag,Crash Death Count,Crash Incapacitating Injury Count,Crash Non-incapacitating Injury Count,Crash Not Injured Count,Crash Possible Injury Count,Crash Severity,Crash Time,Crash Total Injury Count,Crash Unknown Injury Count,Crash Year,Day of Week,First Harmful Event,Intersection Related,Latitude,Light Condition,Longitude,Manner of Collision,Other Factor,Physical Feature 1,Private Drive Flag,Property Damages,Road Class,Roadway Alignment,Roadway Part,Roadway Relation,Speed Limit,Street Name,Street Number,Surface Condition,Traffic Control Type,Weather Condition,Person Helmet,MercatorX,MercatorY
12446276,False,False,Austin Police Department,True,False,No,0,0,1,1,0,Non-Incapacitating Injury,1600,1,0,2011,Thursday,Pedalcyclist,Intersection,30.25229478,Daylight,-97.71080247,One Motor Vehicle - Going Straight,Not Applicable,Not Applicable,False,NONE,City Street,"Straight, Level",Main/Proper Lane,On Roadway,0,CESAR CHAVEZ ST E,2998,Dry,Marked Lanes,Clear,"Worn, Not Damaged",-10877116.775962539,3536021.3836065466
12446307,False,False,Austin Police Department,True,False,No,0,0,1,1,0,Non-Incapacitating Injury,1757,1,0,2011,Monday,Pedalcyclist,Intersection,30.32542477,"Dark, Lighted",-97.73262246,One Motor Vehicle - Going Straight,Not Applicable,Not Applicable,False,NONE,City Street,"Straight, Level",Main/Proper Lane,On Roadway,0,HOUSTON ST,1200,Dry,Stop Sign,Cloudy,"Worn, Not Damaged",-10879545.766138451,3545449.124451429
12446369,True,False,Austin Police Department,True,False,No,0,0,0,2,0,Not Injured,1822,0,0,2011,Monday,Pedalcyclist,Intersection,30.36819666,Daylight,-97.74248905,One Motor Vehicle - Turning Left,Not Applicable,Not Applicable,False,NONE,US & State Highways,"Straight, Grade",Service/Frontage Road,On Roadway,35,SL0001,NO DATA,Dry,Signal Light,Clear,"Worn, Not Damaged",-10880644.109913118,3550966.434589077
12446291,False,False,Austin Police Department,False,False,No,0,0,1,2,0,Non-Incapacitating Injury,1506,1,0,2011,Wednesday,Pedalcyclist,Non Intersection,30.28686481,Daylight,-97.74162879,One Motor Vehicle - Going Straight,Open Door Or Object Projecting From Vehicle,Not Applicable,False,NONE,City Street,"Straight, Level",Main/Proper Lane,On Roadway,35,GUADALUPE ST,2335,Dry,Bike Lane,Clear,Not Worn,-10880548.346207967,3540477.192066052
12667665,True,False,Austin Police Department,True,False,No,0,0,1,2,0,Non-Incapacitating Injury,721,1,0,2011,Thursday,Pedalcyclist,Intersection,30.29264477,Daylight,-97.73363246,One Motor Vehicle - Going Straight,Not Applicable,Not Applicable,False,NONE,City Street,"Straight, Grade",Main/Proper Lane,On Roadway,30,RATHERVUE PL,NO DATA,Wet,Stop Sign,Rain,"Worn, Unk Damage",-10879658.198824152,3541222.337197208
12469887,False,False,Austin Police Department,False,False,No,0,0,0,1,1,Possible Injury,2315,1,0,2011,Wednesday,Pedalcyclist,Intersection Related,30.25153194,"Dark, Lighted",-97.75429801,One Motor Vehicle - Going Straight,Not Applicable,Not Applicable,False,NONE,City Street,"Straight, Level",Main/Proper Lane,On Roadway,35,S 1ST ST,1301,Wet,None,Rain,Unknown If Worn,-10881958.677327117,3535923.0771422638
12470025,True,False,Austin Police Department,False,False,No,0,14,0,2,1,Incapacitating Injury,1830,15,0,2011,Wednesday,Pedalcyclist,Non Intersection,30.27406572,"Dark, Lighted",-97.76065126,One Motor Vehicle - Going Straight,Slowing/Stopping-For Traffic,Not Applicable,False,NONE,City Street,"Straight, Level",Main/Proper Lane,On Roadway,30,W 6TH ST,1407,Wet,None,Rain,Not Worn,-10882665.917882,3538827.305799309
12470025,True,False,Austin Police Department,False,False,No,0,14,0,2,1,Incapacitating Injury,1830,15,0,2011,Wednesday,Pedalcyclist,Non Intersection,30.27406572,"Dark, Lighted",-97.76065126,One Motor Vehicle - Going Straight,Slowing/Stopping-For Traffic,Not Applicable,False,NONE,City Street,"Straight, Level",Main/Proper Lane,On Roadway,30,W 6TH ST,1407,Wet,None,Rain,Unknown If Worn,-10882665.917882,3538827.305799309
12470025,True,False,Austin Police Department,False,False,No,0,14,0,2,1,Incapacitating Injury,1830,15,0,2011,Wednesday,Pedalcyclist,Non Intersection,30.27406572,"Dark, Lighted",-97.76065126,One Motor Vehicle - Going Straight,Slowing/Stopping-For Traffic,Not Applicable,False,NONE,City Street,"Straight, Level",Main/Proper Lane,On Roadway,30,W 6TH ST,1407,Wet,None,Rain,Unknown If Worn,-10882665.917882,3538827.305799309
12470025,True,False,Austin Police Department,False,False,No,0,14,0,2,1,Incapacitating Injury,1830,15,0,2011,Wednesday,Pedalcyclist,Non Intersection,30.27406572,"Dark, Lighted",-97.76065126,One Motor Vehicle - Going Straight,Slowing/Stopping-For Traffic,Not Applicable,False,NONE,City Street,"Straight, Level",Main/Proper Lane,On Roadway,30,W 6TH ST,1407,Wet,None,Rain,Unknown If Worn,-10882665.917882,3538827.305799309
12470025,True,False,Austin Police Department,False,False,No,0,14,0,2,1,Incapacitating Injury,1830,15,0,2011,Wednesday,Pedalcyclist,Non Intersection,30.27406572,"Dark, Lighted",-97.76065126,One Motor Vehicle - Going Straight,Slowing/Stopping-For Traffic,Not Applicable,False,NONE,City Street,"Straight, Level",Main/Proper Lane,On Roadway,30,W 6TH ST,1407,Wet,None,Rain,Unknown If Worn,-10882665.917882,3538827.305799309
12470025,True,False,Austin Police Department,False,False,No,0,14,0,2,1,Incapacitating Injury,1830,15,0,2011,Wednesday,Pedalcyclist,Non Intersection,30.27406572,"Dark, Lighted",-97.76065126,One Motor Vehicle - Going Straight,Slowing/Stopping-For Traffic,Not Applicable,False,NONE,City Street,"Straight, Level",Main/Proper Lane,On Roadway,30,W 6TH ST,1407,Wet,None,Rain,Unknown If Worn,-10882665.917882,3538827.305799309
12470025,True,False,Austin Police Department,False,False,No,0,14,0,2,1,Incapacitating Injury,1830,15,0,2011,Wednesday,Pedalcyclist,Non Intersection,30.27406572,"Dark, Lighted",-97.76065126,One Motor Vehicle - Going Straight,Slowing/Stopping-For Traffic,Not Applicable,False,NONE,City Street,"Straight, Level",Main/Proper Lane,On Roadway,30,W 6TH ST,1407,Wet,None,Rain,Unknown If Worn,-10882665.917882,3538827.305799309
12470025,True,False,Austin Police Department,False,False,No,0,14,0,2,1,Incapacitating Injury,1830,15,0,2011,Wednesday,Pedalcyclist,Non Intersection,30.27406572,"Dark, Lighted",-97.76065126,One Motor Vehicle - Going Straight,Slowing/Stopping-For Traffic,Not Applicable,False,NONE,City Street,"Straight, Level",Main/Proper Lane,On Roadway,30,W 6TH ST,1407,Wet,None,Rain,Unknown If Worn,-10882665.917882,3538827.305799309
12470025,True,False,Austin Police Department,False,False,No,0,14,0,2,1,Incapacitating Injury,1830,15,0,2011,Wednesday,Pedalcyclist,Non Intersection,30.27406572,"Dark, Lighted",-97.76065126,One Motor Vehicle - Going Straight,Slowing/Stopping-For Traffic,Not Applicable,False,NONE,City Street,"Straight, Level",Main/Proper Lane,On Roadway,30,W 6TH ST,1407,Wet,None,Rain,Unknown If Worn,-10882665.917882,3538827.305799309
12470025,True,False,Austin Police Department,False,False,No,0,14,0,2,1,Incapacitating Injury,1830,15,0,2011,Wednesday,Pedalcyclist,Non Intersection,30.27406572,"Dark, Lighted",-97.76065126,One Motor Vehicle - Going Straight,Slowing/Stopping-For Traffic,Not Applicable,False,NONE,City Street,"Straight, Level",Main/Proper Lane,On Roadway,30,W 6TH ST,1407,Wet,None,Rain,Unknown If Worn,-10882665.917882,3538827.305799309
12470025,True,False,Austin Police Department,False,False,No,0,14,0,2,1,Incapacitating Injury,1830,15,0,2011,Wednesday,Pedalcyclist,Non Intersection,30.27406572,"Dark, Lighted",-97.76065126,One Motor Vehicle - Going Straight,Slowing/Stopping-For Traffic,Not Applicable,False,NONE,City Street,"Straight, Level",Main/Proper Lane,On Roadway,30,W 6TH ST,1407,Wet,None,Rain,Unknown If Worn,-10882665.917882,3538827.305799309
12470025,True,False,Austin Police Department,False,False,No,0,14,0,2,1,Incapacitating Injury,1830,15,0,2011,Wednesday,Pedalcyclist,Non Intersection,30.27406572,"Dark, Lighted",-97.76065126,One Motor Vehicle - Going Straight,Slowing/Stopping-For Traffic,Not Applicable,False,NONE,City Street,"Straight, Level",Main/Proper Lane,On Roadway,30,W 6TH ST,1407,Wet,None,Rain,Unknown If Worn,-10882665.917882,3538827.305799309
12470025,True,False,Austin Police Department,False,False,No,0,14,0,2,1,Incapacitating Injury,1830,15,0,2011,Wednesday,Pedalcyclist,Non Intersection,30.27406572,"Dark, Lighted",-97.76065126,One Motor Vehicle - Going Straight,Slowing/Stopping-For Traffic,Not Applicable,False,NONE,City Street,"Straight, Level",Main/Proper Lane,On Roadway,30,W 6TH ST,1407,Wet,None,Rain,Unknown If Worn,-10882665.917882,3538827.305799309
12470025,True,False,Austin Police Department,False,False,No,0,14,0,2,1,Incapacitating Injury,1830,15,0,2011,Wednesday,Pedalcyclist,Non Intersection,30.27406572,"Dark, Lighted",-97.76065126,One Motor Vehicle - Going Straight,Slowing/Stopping-For Traffic,Not Applicable,False,NONE,City Street,"Straight, Level",Main/Proper Lane,On Roadway,30,W 6TH ST,1407,Wet,None,Rain,Unknown If Worn,-10882665.917882,3538827.305799309
12470025,True,False,Austin Police Department,False,False,No,0,14,0,2,1,Incapacitating Injury,1830,15,0,2011,Wednesday,Pedalcyclist,Non Intersection,30.27406572,"Dark, Lighted",-97.76065126,One Motor Vehicle - Going Straight,Slowing/Stopping-For Traffic,Not Applicable,False,NONE,City Street,"Straight, Level",Main/Proper Lane,On Roadway,30,W 6TH ST,1407,Wet,None,Rain,Unknown If Worn,-10882665.917882,3538827.305799309
12470025,True,False,Austin Police Department,False,False,No,0,14,0,2,1,Incapacitating Injury,1830,15,0,2011,Wednesday,Pedalcyclist,Non Intersection,30.27406572,"Dark, Lighted",-97.76065126,One Motor Vehicle - Going Straight,Slowing/Stopping-For Traffic,Not Applicable,False,NONE,City Street,"Straight, Level",Main/Proper Lane,On Roadway,30,W 6TH ST,1407,Wet,None,Rain,Unknown If Worn,-10882665.917882,3538827.305799309
12485071,False,False,Austin Police Department,True,False,No,0,0,1,1,0,Non-Incapacitating Injury,2332,1,0,2011,Thursday,Pedalcyclist,Intersection,30.27043897,"Dark, Lighted",-97.73289554,One Motor Vehicle - Turning Left,Not Applicable,Not Applicable,False,NONE,Interstate,"Straight, Grade",Service/Frontage Road,On Roadway,40,IH0035,NO DATA,Dry,Signal Light,Clear,"Worn, Not Damaged",-10879576.165264998,3538359.8331679
12484951,True,False,Austin Police Department,True,False,No,0,0,1,2,0,Non-Incapacitating Injury,1547,1,0,2011,Friday,Pedalcyclist,Intersection,30.42100475,Daylight,-97.76318245,One Motor Vehicle - Going Straight,Not Applicable,Not Applicable,False,NONE,City Street,"Straight, Level",Main/Proper Lane,On Roadway,30,DANWOOD DR,6600,Dry,Stop Sign,Clear,"Worn, Damaged",-10882947.6886639,3557781.6831834735
12485124,False,False,Austin Police Department,True,True,No,0,0,0,2,1,Possible Injury,1351,1,0,2011,Saturday,Pedalcyclist,Intersection,30.25495724,Daylight,-97.76217282,One Motor Vehicle - Turning Right,Construction - Within Posted Road Construction Zone (Not Related To Crash),Not Applicable,False,NONE,US & State Highways,"Straight, Level",Main/Proper Lane,On Roadway,40,SL0343,1199,Dry,None,Clear,Not Worn,-10882835.29716641,3536364.4982729433
12618127,False,False,Austin Police Department,True,False,No,0,0,1,1,0,Non-Incapacitating Injury,1511,1,0,2012,Sunday,Pedalcyclist,Intersection,30.22463479,Daylight,-97.87487243,One Motor Vehicle - Going Straight,Not Applicable,Not Applicable,False,NONE,City Street,"Curve, Grade",Main/Proper Lane,On Roadway,30,DEBCOE DR,6600,Dry,None,Clear,"Worn, Not Damaged",-10895380.96036421,3532457.3547841916
12614754,False,False,Austin Police Department,True,False,No,0,0,1,1,0,Non-Incapacitating Injury,1457,1,0,2012,Monday,Pedalcyclist,Intersection,30.26899478,Daylight,-97.70689247,One Motor Vehicle - Going Straight,Not Applicable,Not Applicable,False,NONE,City Street,"Straight, Hillcrest",Main/Proper Lane,On Roadway,35,WEBBERVILLE RD,3401,Dry,Stop Sign,Clear,Not Worn,-10876681.516753536,3538173.6880346457
12484284,True,False,Austin Police Department,True,False,No,0,0,1,1,0,Non-Incapacitating Injury,1822,1,0,2012,Wednesday,Pedalcyclist,Intersection,30.24095479,"Dark, Lighted",-97.76542246,One Motor Vehicle - Turning Left,Not Applicable,Not Applicable,False,NONE,City Street,"Straight, Level",Main/Proper Lane,On Roadway,30,5TH ST S,2601,Dry,None,Clear,"Worn, Unk Damage",-10883197.045436472,3534560.0885519455
12614657,True,False,Austin Police Department,True,False,No,0,0,1,1,0,Non-Incapacitating Injury,808,1,0,2012,Wednesday,Pedalcyclist,Intersection,30.27292478,Daylight,-97.71377247,One Motor Vehicle - Turning Left,Not Applicable,Not Applicable,False,NONE,City Street,"Curve, Hillcrest",Main/Proper Lane,On Roadway,30,N PLEASANT VALLEY RD,1169,Dry,Bike Lane,Unknown,"Worn, Damaged",-10877447.394850193,3538680.241629566
12499171,False,False,Austin Police Department,True,False,No,0,0,1,2,0,Non-Incapacitating Injury,1749,1,0,2012,Friday,Pedalcyclist,Non Intersection,30.33166477,"Dark, Lighted",-97.81137244,One Motor Vehicle - Going Straight,Not Applicable,Not Applicable,False,NONE,City Street,"Curve, Grade",Main/Proper Lane,On Roadway,30,WESTLAKE DR,4432,Wet,None,Clear,Not Worn,-10888312.173812032,3546253.895790341
12499135,False,False,Austin Police Department,True,False,No,0,0,1,1,0,Non-Incapacitating Injury,1459,1,0,2012,Sunday,Pedalcyclist,Intersection,30.30699477,Daylight,-97.72457247,One Motor Vehicle - Turning Right,Not Applicable,Not Applicable,False,NONE,City Street,"Straight, Grade",Main/Proper Lane,On Roadway,35,DUVAL ST,4431,Dry,Signal Light,Cloudy,Not Worn,-10878649.64535076,3543072.5109240534
12614709,False,False,Austin Police Department,False,False,No,0,0,0,1,1,Possible Injury,1540,1,0,2012,Monday,Pedalcyclist,Driveway Access,30.35171694,Daylight,-97.74901678,One Motor Vehicle - Going Straight,One Vehicle Leaving Driveway,Entrance To Or Exit From Private Property Or Driveway,False,NONE,US & State Highways,"Straight, Grade",Main/Proper Lane,On Roadway,0,SL0001,NO DATA,Wet,None,Rain,"Worn, Unk Damage",-10881370.773492755,3548840.3667269484
12498630,False,False,Austin Police Department,True,False,No,0,0,1,1,0,Non-Incapacitating Injury,1728,1,0,2012,Tuesday,Pedalcyclist,Intersection,30.28953477,Daylight,-97.71498247,One Motor Vehicle - Turning Left,Not Applicable,Not Applicable,False,BICYCLE,City Street,"Straight, Hillcrest",Main/Proper Lane,On Roadway,0,CHERRYWOOD RD,3401,Dry,None,Clear,Unknown If Worn,-10877582.091434054,3540821.394474949
12498787,False,False,Austin Police Department,True,False,No,0,0,1,1,0,Non-Incapacitating Injury,1717,1,0,2012,Wednesday,Pedalcyclist,Intersection Related,30.21555479,Daylight,-97.74008247,One Motor Vehicle - Going Straight,Not Applicable,Not Applicable,False,NONE,City Street,"Straight, Level",Main/Proper Lane,On Roadway,40,E BEN WHITE BLVD,NO DATA,Dry,Stop Sign,Clear,Not Worn,-10880376.210652964,3531287.6025191485
12629246,False,False,Austin Police Department,True,False,No,0,0,0,2,0,Not Injured,1419,0,0,2012,Thursday,Pedalcyclist,Intersection Related,30.26437854,Daylight,-97.74801969,One Motor Vehicle - Going Straight,Not Applicable,Not Applicable,False,BICYCLE,US & State Highways,"Straight, Level",Main/Proper Lane,On Roadway,35,SL0343,400,Dry,Signal Light,Cloudy,Not Worn,-10881259.77794168,3537578.7080885763
12610407,True,False,Austin Police Department,True,False,No,0,0,0,2,0,Not Injured,1551,0,0,2012,Friday,Pedalcyclist,Intersection,30.27360478,Daylight,-97.75170246,One Motor Vehicle - Turning Left,Not Applicable,Not Applicable,False,NONE,City Street,"Straight, Level",Main/Proper Lane,On Roadway,30,W 9TH ST,900,Dry,Stop Sign,Clear,Not Worn,-10881669.742022788,3538767.891637991
12510523,True,False,Austin Police Department,False,False,No,0,0,1,3,0,Non-Incapacitating Injury,1650,1,0,2012,Tuesday,Pedalcyclist,Non Intersection,30.2723823,Daylight,-97.7646222,One Motor Vehicle - Going Straight,Not Applicable,Not Applicable,False,NONE,US & State Highways,"Straight, Grade",Main/Proper Lane,On Roadway,40,W CESAR CHAVEZ ST,1715,Dry,Marked Lanes,Clear,"Worn, Damaged",-10883107.960900769,3538610.317981804
12510712,True,False,Austin Police Department,True,False,No,0,0,1,2,0,Non-Incapacitating Injury,1647,1,0,2012,Tuesday,Pedalcyclist,Intersection,30.26925478,Daylight,-97.73972246,One Motor Vehicle - Turning Right,Not Applicable,Not Applicable,False,NONE,City Street,"Straight, Level",Main/Proper Lane,On Roadway,30,SAN JACINTO BLVD,799,Dry,Signal Light,Clear,Not Worn,-10880336.134523083,3538207.199859781
12524850,False,False,Austin Police Department,False,False,No,0,0,1,1,0,Non-Incapacitating Injury,1644,1,0,2012,Wednesday,Pedalcyclist,Intersection,30.22747147,Daylight,-97.86776629,One Motor Vehicle - Going Straight,Not Applicable,Not Applicable,False,NONE,City Street,"Straight, Level",Main/Proper Lane,On Roadway,30,RIDGE OAK RD,7200,Dry,Stop Sign,Clear,Not Worn,-10894589.908477906,3532822.8188676173
12618114,False,False,Austin Police Department,False,False,No,0,0,0,0,1,Possible Injury,1100,1,1,2012,Wednesday,Pedalcyclist,Intersection,30.2884695,Daylight,-97.69977302,One Motor Vehicle - Turning Right,Not Applicable,Not Applicable,False,NONE,City Street,"Straight, Level",Main/Proper Lane,On Roadway,35,MANOR RD,3532,Dry,Signal Light,Clear,"Worn, Not Damaged",-10875888.983204808,3540684.062268033
12629201,False,False,Austin Police Department,True,False,No,0,0,0,3,0,Not Injured,1028,0,0,2012,Thursday,Pedalcyclist,Intersection,30.26462109,Daylight,-97.78600996,One Motor Vehicle - Going Straight,Not Applicable,Not Applicable,False,NONE,US & State Highways,"Straight, Hillcrest",Service/Frontage Road,On Roadway,40,SL0001,NO DATA,Dry,Stop Sign,Clear,Not Worn,-10885488.835453179,3537609.969282031
12629201,False,False,Austin Police Department,True,False,No,0,0,0,3,0,Not Injured,1028,0,0,2012,Thursday,Pedalcyclist,Intersection,30.26462109,Daylight,-97.78600996,One Motor Vehicle - Going Straight,Not Applicable,Not Applicable,False,NONE,US & State Highways,"Straight, Hillcrest",Service/Frontage Road,On Roadway,40,SL0001,NO DATA,Dry,Stop Sign,Clear,Not Worn,-10885488.835453179,3537609.969282031
12610089,False,False,Austin Police Department,True,False,No,0,0,1,1,0,Non-Incapacitating Injury,2358,1,0,2012,Friday,Pedalcyclist,Intersection Related,30.28992358,"Dark, Lighted",-97.74443624,One Motor Vehicle - Turning Left,Not Applicable,Not Applicable,False,NONE,City Street,"Straight, Level",Main/Proper Lane,On Roadway,0,RIO GRANDE ST,2507,Dry,Stop Sign,Clear,Not Worn,-10880860.870112395,3540871.5193551523
12510358,False,False,Austin Police Department,True,False,No,0,0,1,1,0,Non-Incapacitating Injury,935,1,0,2012,Sunday,Pedalcyclist,Intersection,30.18983422,Daylight,-97.91885756,One Motor Vehicle - Going Straight,Not Applicable,Not Applicable,False,NONE,US & State Highways,"Straight, Level",Main/Proper Lane,On Roadway,65,SH0045,NO DATA,Dry,Yield Sign,Clear,"Worn, Damaged",-10900277.362638287,3527974.675701218
12510797,True,False,Austin Police Department,False,False,No,0,0,1,1,0,Non-Incapacitating Injury,1651,1,0,2012,Sunday,Pedalcyclist,Driveway Access,30.23422479,Daylight,-97.72247247,One Motor Vehicle - Turning Right,One Vehicle Entering Driveway,Entrance To Or Exit From Private Property Or Driveway,False,NONE,City Street,"Straight, Level",Main/Proper Lane,On Roadway,35,S PLEASANT VALLEY RD,NO DATA,Dry,None,Clear,Not Worn,-10878415.874420095,3533692.926268482
12524591,True,False,Austin Police Department,False,False,No,1,0,0,1,0,Killed,2226,0,0,2012,Monday,Pedalcyclist,Non Intersection,30.43193358,"Dark, Not Lighted",-97.76490165,One Motor Vehicle - Going Straight,Vehicle Changing Lanes,Not Applicable,False,BICYCLE,US & State Highways,"Straight, Level",Service/Frontage Road,On Roadway,50,US0183,NO DATA,Dry,Marked Lanes,Clear,Not Worn,-10883139.069132471,3559192.5845983983
12524945,False,False,Austin Police Department,True,False,No,0,0,1,2,0,Non-Incapacitating Injury,1235,1,0,2012,Wednesday,Pedalcyclist,Intersection,30.30566477,Daylight,-97.74414246,One Motor Vehicle - Going Straight,Not Applicable,Not Applicable,False,NONE,City Street,"Straight, Level",Main/Proper Lane,On Roadway,35,W 38TH ST,1100,Dry,Signal Light,Cloudy,"Worn, Not Damaged",-10880828.16667239,3542901.0200215406
12525247,False,False,Austin Police Department,False,False,No,0,0,1,1,0,Non-Incapacitating Injury,1818,1,0,2012,Friday,Pedalcyclist,Driveway Access,30.3092906,"Dark, Lighted",-97.68113748,One Motor Vehicle - Turning Right,One Vehicle Entering Driveway,Entrance To Or Exit From Private Property Or Driveway,False,NONE,City Street,"Straight, Level",Main/Proper Lane,On Roadway,0,WHELESS LN,2606,Dry,Center Stripe/Divider,Clear,Unknown If Worn,-10873814.484381352,3543368.5419320073
12584842,True,False,Austin Police Department,False,False,No,0,0,1,2,0,Non-Incapacitating Injury,825,1,0,2012,Thursday,Pedalcyclist,Driveway Access,30.44198864,Daylight,-97.66590392,One Motor Vehicle - Turning Left,One Vehicle Entering Driveway,Entrance To Or Exit From Private Property Or Driveway,False,CABEROLE SALSA 12 SPEED BICYCLE (1500.00,Farm To Market,"Straight, Level",Main/Proper Lane,On Roadway,40,FM1825,14914,Dry,Center Stripe/Divider,Clear,"Worn, Not Damaged",-10872118.692239182,3560490.8227943513
12539247,False,False,Austin Police Department,True,False,No,0,0,1,1,0,Non-Incapacitating Injury,1707,1,0,2012,Friday,Pedalcyclist,Intersection Related,30.28624739,Daylight,-97.67889652,One Motor Vehicle - Going Straight,Not Applicable,Not Applicable,False,NONE,Farm To Market,"Straight, Hillcrest",Main/Proper Lane,On Roadway,30,FM0969,4901,Dry,Stop Sign,Clear,Not Worn,-10873565.021855261,3540397.59765621
12599244,False,False,Austin Police Department,True,False,No,0,1,0,1,0,Incapacitating Injury,1649,1,0,2012,Friday,Pedalcyclist,Intersection Related,30.17646878,Daylight,-97.83190185,One Motor Vehicle - Going Straight,Not Applicable,Not Applicable,False,BICYCLE,City Street,"Straight, Level",Main/Proper Lane,On Roadway,0,PIPING ROCK TRL,2699,Dry,Stop Sign,Clear,Not Worn,-10890597.49727952,3526253.4876655214
12539272,True,False,Austin Police Department,True,True,No,0,0,0,1,1,Possible Injury,1418,1,0,2012,Saturday,Pedalcyclist,Intersection Related,30.21064479,Daylight,-97.78708245,One Motor Vehicle - Going Straight,Construction - Within Posted Road Construction Zone (Not Related To Crash),Not Applicable,False,NONE,City Street,"Straight, Level",Main/Proper Lane,On Roadway,35,EMERALD FOREST DR,5601,Dry,Signal Light,Clear,Not Worn,-10885608.22449386,3530655.105244923
12539426,False,False,Austin Police Department,True,False,No,0,0,1,1,0,Non-Incapacitating Injury,1617,1,0,2012,Saturday,Pedalcyclist,Intersection Related,30.32582652,Daylight,-97.73959274,One Motor Vehicle - Turning Right,Not Applicable,Not Applicable,False,NONE,US & State Highways,"Straight, Level",Main/Proper Lane,On Roadway,30,W NORTH LOOP BLVD,1685,Dry,Signal Light,Clear,Not Worn,-10880321.694158738,3545500.93651058
12558913,True,False,Austin Police Department,False,False,No,0,0,1,1,0,Non-Incapacitating Injury,1515,1,0,2012,Tuesday,Pedalcyclist,Non Intersection,30.35941037,Daylight,-97.69270438,One Motor Vehicle - Going Straight,Not Applicable,Not Applicable,False,NONE,City Street,"Straight, Level",Main/Proper Lane,On Roadway,30,HACKBERRY LN,331,Dry,Stop Sign,Clear,Not Worn,-10875102.105799407,3549832.8605102533
12558951,False,False,Austin Police Department,True,False,No,0,1,0,1,0,Incapacitating Injury,1128,1,0,2012,Tuesday,Pedalcyclist,Intersection Related,30.22329479,Daylight,-97.84169244,One Motor Vehicle - Going Straight,Not Applicable,Not Applicable,False,NONE,City Street,"Straight, Level",Main/Proper Lane,On Roadway,45,BRUSH COUNTRY RD,NO DATA,Dry,Signal Light,Clear,Unknown If Worn,-10891687.380772885,3532284.719353796
12609367,False,False,Austin Police Department,True,False,No,0,0,1,1,0,Non-Incapacitating Injury,1542,1,0,2012,Tuesday,Pedalcyclist,Intersection,30.28978477,Daylight,-97.74140246,One Motor Vehicle - Going Straight,Not Applicable,Not Applicable,False,NONE,City Street,"Straight, Level",Main/Proper Lane,On Roadway,0,W DEAN KEETON ST,398,Dry,Marked Lanes,Clear,Not Worn,-10880523.151267618,3540853.6241274383
12641867,False,False,Austin Police Department,True,False,No,0,0,1,1,0,Non-Incapacitating Injury,2113,1,0,2012,Thursday,Pedalcyclist,Intersection,30.37320328,"Dark, Lighted",-97.72640319,One Motor Vehicle - Turning Right,Not Applicable,Not Applicable,False,NONE,US & State Highways,"Straight, Level",Service/Frontage Road,On Roadway,50,US0183,NO DATA,Dry,Signal Light,Clear,"Worn, Not Damaged",-10878853.440168947,3551612.4154208614
12559151,True,False,Austin Police Department,True,False,No,0,0,0,4,1,Possible Injury,1649,1,0,2012,Friday,Pedalcyclist,Intersection,30.26606478,Daylight,-97.76887246,One Motor Vehicle - Going Straight,Not Applicable,Not Applicable,False,NONE,City Street,"Straight, Hillcrest",Main/Proper Lane,On Roadway,30,WILLIAM BARTON DR,NO DATA,Dry,None,Clear,"Worn, Damaged",-10883581.097679708,3537796.0416791313
12559271,False,False,Austin Police Department,True,False,No,0,0,1,1,0,Non-Incapacitating Injury,1302,1,0,2012,Monday,Pedalcyclist,Intersection Related,30.29560477,Daylight,-97.72339247,One Motor Vehicle - Going Straight,Not Applicable,Not Applicable,False,NONE,City Street,"Straight, Level",Main/Proper Lane,On Roadway,35,E 38TH ST,898,Dry,Signal Light,Cloudy,Not Worn,-10878518.288351625,3541603.9536547614
12559293,False,False,Austin Police Department,True,False,No,0,0,1,2,0,Non-Incapacitating Injury,1521,1,0,2012,Tuesday,Pedalcyclist,Intersection Related,30.36410476,Daylight,-97.76276245,One Motor Vehicle - Going Straight,Not Applicable,Not Applicable,False,NONE,City Street,"Straight, Level",Main/Proper Lane,On Roadway,30,GREYSTONE DR,4018,Dry,Bike Lane,Clear,"Worn, Not Damaged",-10882900.934477765,3550438.5003760005
12609310,False,False,Austin Police Department,False,False,No,0,0,1,1,0,Non-Incapacitating Injury,917,1,0,2012,Wednesday,Pedalcyclist,Intersection Related,30.26468258,Daylight,-97.74910943,One Motor Vehicle - Going Straight,Not Applicable,Not Applicable,False,NONE,City Street,Unknown,Main/Proper Lane,On Roadway,30,SAN ANTONIO ST,102,Dry,Signal Light,Cloudy,"Worn, Not Damaged",-10881381.087243576,3537617.8944676076