Crash ID,$1000 Damage to Any One Person's Property,Active School Zone Flag,Agency,At Intersection Flag,Construction Zone Flag,Construction Zone Workers Present Flag,Crash Death Count,Crash Incapacitating Injury Count,Crash Non-incapacitating Injury Count,Crash Not Injured Count,Crash Possible Injury Count,Crash Severity,Crash Time,Crash Total Injury Count,Crash Unknown Injury Count,Crash Year,Day of Week,First Harmful Event,Intersection Related,Latitude,Light Condition,Longitude,Manner of Collision,Other Factor,Physical Feature 1,Private Drive Flag,Property Damages,Road Class,Roadway Alignment,Roadway Part,Roadway Relation,Speed Limit,Street Name,Street Number,Surface Condition,Traffic Control Type,Weather Condition,Person Helmet,MercatorX,MercatorY
12712944,True,False,Austin Police Department,False,False,No,0,0,1,1,0,Non-Incapacitating Injury,1600,1,0,2012,Thursday,Pedalcyclist,Driveway Access,30.37743476,Daylight,-97.75342246,One Motor Vehicle - Turning Left,One Vehicle Entering Driveway,Entrance To Or Exit From Private Property Or Driveway,False,NONE,City Street,"Straight, Level",Main/Proper Lane,On Roadway,0,MESA DR,8501,Dry,Bike Lane,Clear,"Worn, Not Damaged",-10881861.21154695,3552158.4093489796
12609273,False,False,Austin Police Department,False,False,No,0,0,1,3,0,Non-Incapacitating Injury,1330,1,0,2012,Sunday,Pedalcyclist,Driveway Access,30.43748947,Daylight,-97.8381948,One Motor Vehicle - Turning Left,One Vehicle Entering Driveway,Entrance To Or Exit From Private Property Or Driveway,False,NONE,Farm To Market,"Straight, Level",Main/Proper Lane,On Roadway,60,RM0620,NO DATA,Dry,Marked Lanes,Clear,"Worn, Not Damaged",-10891298.025269106,3559909.90525218
12560378,False,False,Austin Police Department,True,False,No,0,0,1,1,0,Non-Incapacitating Injury,1906,1,0,2012,Monday,Pedalcyclist,Intersection Related,30.26244633,"Dark, Lighted",-97.7410236,One Motor Vehicle - Going Straight,Not Applicable,Not Applicable,False,NONE,US & State Highways,"Straight, Level",Main/Proper Lane,On Roadway,0,SL0343,398,Dry,Crosswalk,Clear,Not Worn,-10880480.976765336,3537329.6768714855
12601359,False,False,Austin Police Department,True,False,No,0,0,0,2,1,Possible Injury,2132,1,0,2012,Tuesday,Pedalcyclist,Intersection Related,30.21521479,"Dark, Lighted",-97.76879246,One Motor Vehicle - Turning Left,Not Applicable,Not Applicable,False,NONE,City Street,"Straight, Level",Main/Proper Lane,On Roadway,40,SHERATON AVE,100,Dry,Signal Light,Clear,Not Worn,-10883572.192120444,3531243.8033200502
12575604,False,False,Austin Police Department,False,False,No,0,0,0,1,1,Possible Injury,1732,1,0,2012,Wednesday,Pedalcyclist,Intersection Related,30.30026477,Daylight,-97.74621246,One Motor Vehicle - Going Straight,Not Applicable,Not Applicable,False,NONE,City Street,"Straight, Level",Main/Proper Lane,On Roadway,30,W 31ST ST,1000,Dry,Stop Sign,Clear,Not Worn,-10881058.598018331,3542204.765068621
12575612,False,False,Austin Police Department,True,False,No,0,0,0,1,1,Possible Injury,1939,1,0,2012,Wednesday,Pedalcyclist,Intersection,30.27605478,"Dark, Lighted",-97.74843246,One Motor Vehicle - Turning Left,Not Applicable,Not Applicable,False,NONE,City Street,"Straight, Level",Main/Proper Lane,On Roadway,35,W 12TH ST,800,Dry,Signal Light,Clear,Not Worn,-10881305.727287894,3539083.6944978293
12609409,False,False,Austin Police Department,True,False,No,0,0,0,0,1,Possible Injury,217,1,1,2012,Wednesday,Pedalcyclist,Intersection,30.38062476,"Dark, Lighted",-97.71594246,One Motor Vehicle - Other,Not Applicable,Not Applicable,False,NONE,City Street,"Straight, Level",Main/Proper Lane,On Roadway,0,METRIC BLVD,NO DATA,Wet,Signal Light,Rain,Not Worn,-10877688.95703202,3552570.035246242
12575491,False,False,Austin Police Department,True,False,No,0,0,1,1,0,Non-Incapacitating Injury,1734,1,0,2012,Saturday,Pedalcyclist,Intersection,30.24843051,Daylight,-97.76999678,One Motor Vehicle - Turning Left,Not Applicable,Not Applicable,False,NONE,US & State Highways,"Straight, Level",Main/Proper Lane,On Roadway,40,SL0343,2057,Dry,Signal Light,Clear,"Worn, Unk Damage",-10883706.256409597,3535523.4066721974
12587785,True,False,Austin Police Department,False,False,No,0,0,1,1,0,Non-Incapacitating Injury,1904,1,0,2012,Wednesday,Pedalcyclist,Driveway Access,30.18935899,"Dark, Lighted",-97.76778658,One Motor Vehicle - Turning Left,One Vehicle Leaving Driveway,Entrance To Or Exit From Private Property Or Driveway,False,NONE,City Street,"Straight, Level",Main/Proper Lane,On Roadway,30,BLUFF SPRINGS RD,6582,Dry,None,Cloudy,Not Worn,-10883460.218071045,3527913.4720512656
12588178,False,False,Austin Police Department,True,False,No,0,0,1,2,0,Non-Incapacitating Injury,1948,1,0,2012,Wednesday,Pedalcyclist,Intersection,30.26217478,"Dark, Lighted",-97.71590247,One Motor Vehicle - Turning Left,Not Applicable,Not Applicable,False,NONE,City Street,"Straight, Grade",Main/Proper Lane,On Roadway,25,WEBBERVILLE RD,2299,Dry,None,Clear,Not Worn,-10877684.505365582,3537294.678776988
12614556,False,False,Austin Police Department,True,False,No,0,0,1,0,0,Non-Incapacitating Injury,2200,1,1,2012,Friday,Pedalcyclist,Intersection Related,30.26404478,Dawn,-97.72947247,One Motor Vehicle - Going Straight,Not Applicable,Not Applicable,False,NONE,City Street,"Straight, Level",Main/Proper Lane,On Roadway,30,ATTAYAC ST,601,Dry,None,Clear,Not Worn,-10879195.110855648,3537535.691369104
12629254,True,False,Austin Police Department,True,False,No,0,0,1,1,0,Non-Incapacitating Injury,1315,1,0,2012,Friday,Pedalcyclist,Intersection Related,30.23360863,Daylight,-97.74126543,One Motor Vehicle - Going Straight,Not Applicable,Not Applicable,False,NONE,Interstate,"Straight, Level",Service/Frontage Road,On Roadway,0,IH0035,NO DATA,Dry,Signal Light,Clear,Not Worn,-10880507.897157794,3533613.536855711
12587778,False,False,Austin Police Department,True,False,No,0,0,0,1,1,Possible Injury,19,1,0,2012,Saturday,Pedalcyclist,Intersection,30.30274477,"Dark, Lighted",-97.73815246,One Motor Vehicle - Going Straight,Not Applicable,Not Applicable,False,NONE,City Street,"Straight, Level",Main/Proper Lane,On Roadway,0,GUADALUPE ST,3801,Dry,Signal Light,Clear,Not Worn,-10880161.362922538,3542524.5218406403
12588135,False,False,Austin Police Department,True,False,No,0,0,1,2,0,Non-Incapacitating Injury,225,1,0,2012,Saturday,Pedalcyclist,Intersection,30.23879479,"Dark, Lighted",-97.75354246,One Motor Vehicle - Going Straight,Not Applicable,Not Applicable,False,NONE,City Street,"Straight, Level",Main/Proper Lane,On Roadway,0,S CONGRESS AVE,2401,Dry,Signal Light,Clear,Not Worn,-10881874.569885848,3534281.765509607
12588139,True,False,Austin Police Department,False,False,No,0,0,1,1,0,Non-Incapacitating Injury,1739,1,0,2012,Saturday,Pedalcyclist,Non Intersection,30.19848619,Daylight,-97.75214796,One Motor Vehicle - Going Straight,Not Applicable,Not Applicable,False,NONE,City Street,"Straight, Grade",Main/Proper Lane,On Roadway,30,SORRET TREE CT,2240,Dry,None,Clear,Not Worn,-10881719.334855936,3529088.992315007
12638460,False,False,Austin Police Department,True,False,No,0,0,0,1,1,Possible Injury,839,1,0,2012,Sunday,Pedalcyclist,Intersection,30.23246117,Daylight,-97.8764604,One Motor Vehicle - Going Straight,Not Applicable,Not Applicable,False,NONE,US & State Highways,"Straight, Level",Main/Proper Lane,On Roadway,30,US0290,NO DATA,Dry,Stop Sign,Clear,Not Worn,-10895557.732376006,3533465.6931811855
12588047,False,False,Austin Police Department,True,False,No,0,0,1,1,0,Non-Incapacitating Injury,1313,1,0,2012,Monday,Pedalcyclist,Intersection Related,30.40315475,Daylight,-97.70037247,One Motor Vehicle - Turning Right,Not Applicable,Not Applicable,False,NONE,City Street,"Straight, Hillcrest",Other (Explain In Narrative),On Roadway,30,BITTERN HOLW,NO DATA,Dry,Signal Light,Clear,Not Worn,-10875955.713673564,3555477.6051654764
12596673,True,False,Austin Police Department,True,False,No,0,0,1,2,0,Non-Incapacitating Injury,846,1,0,2012,Thursday,Pedalcyclist,Intersection,30.28131478,Daylight,-97.75838246,One Motor Vehicle - Turning Left,Not Applicable,Not Applicable,False,NONE,City Street,"Straight, Level",Main/Proper Lane,On Roadway,30,W LYNN ST,1301,Dry,Stop Sign,Cloudy,"Worn, Not Damaged",-10882413.356221288,3539761.7305361344
12596655,False,False,Austin Police Department,False,False,No,0,0,1,1,0,Non-Incapacitating Injury,400,1,0,2012,Friday,Pedalcyclist,Non Intersection,30.27203063,"Dark, Lighted",-97.75904667,One Motor Vehicle - Going Straight,Not Applicable,Not Applicable,False,NONE,City Street,"Straight, Level",Other (Explain In Narrative),Off Roadway,30,W 5TH ST,1218,Wet,Bike Lane,Rain,"Worn, Not Damaged",-10882487.295740267,3538564.989237501
12646999,False,False,Austin Police Department,True,False,No,0,0,1,1,0,Non-Incapacitating Injury,1711,1,0,2012,Friday,Pedalcyclist,Intersection,30.26210109,Daylight,-97.73995869,One Motor Vehicle - Turning Left,Not Applicable,Not Applicable,False,NONE,City Street,Unknown,Main/Proper Lane,On Roadway,0,E CESAR CHAVEZ ST,500,Dry,Signal Light,Clear,Not Worn,-10880362.431526393,3537285.1814282495
12647013,False,False,Austin Police Department,False,False,No,0,0,1,1,0,Non-Incapacitating Injury,1317,1,0,2012,Friday,Pedalcyclist,Intersection Related,30.29178159,Daylight,-97.7498409,One Motor Vehicle - Going Straight,Not Applicable,Not Applicable,False,NONE,City Street,"Straight, Level",Main/Proper Lane,On Roadway,0,SHOAL CREEK BLVD,2606,Dry,Crosswalk,Clear,Not Worn,-10881462.514111506,3541111.054334534
12604071,True,False,Austin Police Department,True,False,No,0,0,1,1,0,Non-Incapacitating Injury,1146,1,0,2012,Saturday,Pedalcyclist,Intersection,30.24694096,Daylight,-97.77715953,One Motor Vehicle - Turning Right,Not Applicable,Not Applicable,False,NONE,US & State Highways,"Straight, Grade",Main/Proper Lane,On Roadway,40,SL0343,2421,Dry,Bike Lane,Cloudy,Unknown If Worn,-10884503.610092277,3535331.458042112
12667746,False,False,Austin Police Department,True,False,No,0,0,0,2,0,Not Injured,1404,0,0,2012,Wednesday,Pedalcyclist,Intersection,30.26028478,Daylight,-97.74963246,One Motor Vehicle - Turning Left,Not Applicable,Not Applicable,False,NONE,City Street,"Straight, Level",Main/Proper Lane,On Roadway,30,S 1ST ST,NO DATA,Dry,Signal Light,Clear,Not Worn,-10881439.310676847,3537051.0931735416
12629539,True,False,Austin Police Department,True,False,No,0,0,1,1,0,Non-Incapacitating Injury,1819,1,0,2012,Thursday,Pedalcyclist,Intersection,30.2618442,Daylight,-97.73886871,One Motor Vehicle - Turning Left,Not Applicable,Not Applicable,False,NONE,US & State Highways,"Straight, Level",Main/Proper Lane,On Roadway,35,SL0343,598,Dry,Signal Light,Clear,"Worn, Not Damaged",-10880241.09550782,3537252.072867916
12629475,True,False,Austin Police Department,False,False,No,0,0,1,1,0,Non-Incapacitating Injury,1435,1,0,2012,Friday,Pedalcyclist,Driveway Access,30.29096493,Daylight,-97.74282875,One Motor Vehicle - Turning Left,One Vehicle Leaving Driveway,Entrance To Or Exit From Private Property Or Driveway,False,NONE,City Street,"Straight, Level",Main/Proper Lane,On Roadway,30,NUECES ST,2629,Dry,None,Clear,Not Worn,-10880681.92514414,3541005.769823323
12674713,False,False,Austin Police Department,True,False,No,0,0,0,1,1,Possible Injury,1814,1,0,2012,Sunday,Pedalcyclist,Intersection Related,30.26678478,Daylight,-97.73825246,One Motor Vehicle - Going Straight,Not Applicable,Not Applicable,False,NONE,City Street,"Straight, Level",Main/Proper Lane,On Roadway,35,E 6TH ST,498,Dry,Signal Light,Clear,"Worn, Not Damaged",-10880172.494871616,3537888.8411042793
12629655,True,False,Austin Police Department,True,True,No,0,0,0,2,0,Not Injured,1419,0,0,2012,Monday,Pedalcyclist,Intersection Related,30.24819973,Daylight,-97.73538932,One Motor Vehicle - Going Straight,Construction - Within Posted Road Construction Zone (Not Related To Crash),Not Applicable,False,NONE,Interstate,"Straight, Level",Service/Frontage Road,On Roadway,35,IH0035,NO DATA,Dry,Signal Light,Clear,Not Worn,-10879853.771584747,3535493.667362603
12705797,False,False,Austin Police Department,False,False,No,0,0,1,6,0,Non-Incapacitating Injury,1511,1,0,2012,Tuesday,Pedalcyclist,Intersection,30.25889609,Daylight,-97.75161856,One Motor Vehicle - Going Straight,Not Applicable,Not Applicable,False,NONE,City Street,"Straight, Level",Main/Proper Lane,On Roadway,35,BARTON SPRINGS RD,717,Dry,Signal Light,Clear,Unknown If Worn,-10881660.402317509,3536872.12002802
12676052,False,False,Austin Police Department,False,False,No,0,0,1,0,0,Non-Incapacitating Injury,2151,1,1,2012,Wednesday,Pedalcyclist,Non Intersection,30.2584348,"Dark, Lighted",-97.75021259,One Motor Vehicle - Going Straight,Not Applicable,Not Applicable,False,NONE,City Street,"Curve, Grade",Main/Proper Lane,On Roadway,0,BARTON SPRINGS RD,610,Wet,None,Rain,Not Worn,-10881503.890453039,3536812.669938562
12674776,False,False,Austin Police Department,False,False,No,0,0,1,1,0,Non-Incapacitating Injury,920,1,0,2012,Thursday,Pedalcyclist,Driveway Access,30.23868436,Daylight,-97.75363644,One Motor Vehicle - Turning Left,One Vehicle Entering Driveway,Entrance To Or Exit From Private Property Or Driveway,False,NONE,City Street,"Straight, Level",Other (Explain In Narrative),On Roadway,35,S CONGRESS AVE,2407,Dry,Marked Lanes,Cloudy,Not Worn,-10881885.031691592,3534267.536408413
12635847,False,False,Austin Police Department,True,False,No,0,0,1,1,0,Non-Incapacitating Injury,2314,1,0,2012,Friday,Pedalcyclist,Intersection,30.26143478,"Dark, Lighted",-97.76001246,One Motor Vehicle - Turning Right,Not Applicable,Not Applicable,False,NONE,City Street,"Straight, Level",Main/Proper Lane,On Roadway,35,BARTON SPRINGS RD,NO DATA,Dry,Stop Sign,Clear,Not Worn,-10882594.80699128,3537199.306077525
12635930,False,False,Austin Police Department,True,False,No,0,0,1,2,0,Non-Incapacitating Injury,1957,1,0,2012,Saturday,Pedalcyclist,Intersection,30.26404478,Daylight,-97.72947247,One Motor Vehicle - Turning Left,Not Applicable,Not Applicable,False,NONE,City Street,"Straight, Level",Main/Proper Lane,On Roadway,30,E 6TH ST,1300,Dry,Marked Lanes,Clear,Not Worn,-10879195.110855648,3537535.691369104
12712159,True,False,Austin Police Department,False,False,No,0,0,1,1,0,Non-Incapacitating Injury,1216,1,0,2012,Sunday,Pedalcyclist,Driveway Access,30.1782248,Unknown,-97.83872245,One Motor Vehicle - Turning Right,One Vehicle Entering Driveway,Entrance To Or Exit From Private Property Or Driveway,False,"TAG HEUR WATCH, TREK BIKE",City Street,Unknown,Main/Proper Lane,On Roadway,45,W SLAUGHTER LN,2900,Unknown,Bike Lane,Unknown,Not Worn,-10891356.762998424,3526479.6128460406
12636027,False,False,Austin Police Department,False,False,No,0,0,0,1,1,Possible Injury,1647,1,0,2012,Monday,Pedalcyclist,Driveway Access,30.23085127,Daylight,-97.73336731,One Motor Vehicle - Going Straight,One Vehicle Leaving Driveway,Entrance To Or Exit From Private Property Or Driveway,False,NONE,City Street,"Straight, Level",Main/Proper Lane,On Roadway,0,E OLTORF ST,2030,Dry,Marked Lanes,Clear,Not Worn,-10879628.68246117,3533258.269659662
12677534,False,False,Austin Police Department,False,False,No,0,0,1,1,0,Non-Incapacitating Injury,1533,1,0,2012,Monday,Pedalcyclist,Non Intersection,30.28725728,Daylight,-97.72675997,One Motor Vehicle - Turning Right,Not Applicable,Not Applicable,False,NONE,City Street,"Straight, Hillcrest",Main/Proper Lane,On Roadway,35,E DEAN KEETON ST,924,Dry,Signal Light,Clear,Not Worn,-10878893.156736871,3540527.7874125247
12705824,False,False,Austin Police Department,False,False,No,0,0,1,1,0,Non-Incapacitating Injury,1209,1,0,2012,Monday,Pedalcyclist,Non Intersection,30.23105479,Daylight,-97.75934246,One Motor Vehicle - Going Straight,Not Applicable,Not Applicable,False,NONE,City Street,"Straight, Level",Main/Proper Lane,On Roadway,35,S CONGRESS AVE,3200,Dry,Bike Lane,Clear,Not Worn,-10882520.222932449,3533284.4914952912
12635986,False,False,Austin Police Department,False,False,No,0,0,1,0,0,Non-Incapacitating Injury,1707,1,1,2012,Tuesday,Pedalcyclist,Driveway Access,30.27355915,Daylight,-97.69108431,One Motor Vehicle - Turning Left,One Vehicle Entering Driveway,Entrance To Or Exit From Private Property Or Driveway,False,NONE,City Street,"Straight, Level",Main/Proper Lane,On Roadway,30,OAK SPRINGS DR,3824,Dry,None,Clear,Unknown If Worn,-10874921.760431956,3538762.010045625
12648853,False,False,Austin Police Department,False,False,No,0,0,1,6,0,Non-Incapacitating Injury,1743,1,0,2012,Wednesday,Pedalcyclist,Driveway Access,30.41873816,Daylight,-97.84637097,One Motor Vehicle - Turning Left,One Vehicle Entering Driveway,Entrance To Or Exit From Private Property Or Driveway,False,NONE,Farm To Market,"Straight, Level",Main/Proper Lane,On Roadway,60,RM0620,NO DATA,Dry,None,Clear,"Worn, Not Damaged",-10892208.192350145,3557489.0883871806
12648792,False,False,Austin Police Department,True,False,No,0,0,1,1,0,Non-Incapacitating Injury,705,1,0,2012,Thursday,Pedalcyclist,Intersection,30.1936748,Daylight,-97.88590243,One Motor Vehicle - Going Straight,Not Applicable,Not Applicable,False,NONE,City Street,"Straight, Grade",Main/Proper Lane,On Roadway,30,ESCARPMENT BLVD,NO DATA,Dry,Stop Sign,Clear,"Worn, Not Damaged",-10896608.81434766,3528469.3049641494
12648839,False,False,Austin Police Department,False,False,No,0,1,0,2,0,Incapacitating Injury,216,1,0,2012,Thursday,Pedalcyclist,Non Intersection,30.35993437,"Dark, Lighted",-97.72982256,One Motor Vehicle - Going Straight,Not Applicable,Not Applicable,False,NONE,City Street,"Straight, Level",Main/Proper Lane,On Roadway,40,BURNET RD,NO DATA,Dry,Marked Lanes,Clear,Unknown If Worn,-10879234.08269618,3549900.4621633035
12648844,True,False,Austin Police Department,True,False,No,0,0,0,3,0,Not Injured,2229,0,0,2012,Thursday,Motor Vehicle In Transport,Intersection,30.29871477,"Dark, Lighted",-97.72979246,Opposite Direction - One Straight-One Left Turn,Not Applicable,Not Applicable,False,NONE,City Street,"Straight, Level",Main/Proper Lane,On Roadway,35,DUVAL ST,3799,Dry,Signal Light,Clear,Not Worn,-10879230.731979508,3542004.92119319
12677565,True,False,Austin Police Department,True,False,No,0,0,1,2,0,Non-Incapacitating Injury,1617,1,0,2012,Thursday,Pedalcyclist,Intersection,30.26028478,Daylight,-97.74963246,One Motor Vehicle - Turning Left,Not Applicable,Not Applicable,False,NONE,City Street,Unknown,Main/Proper Lane,On Roadway,0,S 1ST ST,NO DATA,Dry,Signal Light,Clear,Not Worn,-10881439.310676847,3537051.0931735416
12648769,False,False,Austin Police Department,False,False,No,0,0,1,2,0,Non-Incapacitating Injury,1733,1,0,2012,Friday,Pedalcyclist,Driveway Access,30.24168775,Daylight,-97.75870456,One Motor Vehicle - Turning Left,One Vehicle Entering Driveway,Entrance To Or Exit From Private Property Or Driveway,False,NONE,City Street,"Straight, Level",Main/Proper Lane,On Roadway,35,OLTORF ST W,509,Dry,None,Clear,"Worn, Damaged",-10882449.21222927,3534654.5342276213
12648787,False,False,Austin Police Department,True,False,No,0,0,1,1,0,Non-Incapacitating Injury,1235,1,0,2012,Friday,Pedalcyclist,Intersection,30.30789175,Daylight,-97.74139229,One Motor Vehicle - Turning Left,Not Applicable,Not Applicable,False,NONE,US & State Highways,"Straight, Level",Main/Proper Lane,On Roadway,40,N LAMAR BLVD,4005,Dry,Signal Light,Clear,Not Worn,-10880522.019148394,3543188.169312852
12650225,True,False,Austin Police Department,False,False,No,0,0,1,1,0,Non-Incapacitating Injury,2130,1,0,2012,Saturday,Pedalcyclist,Driveway Access,30.23172585,Daylight,-97.75895108,One Motor Vehicle - Turning Left,One Vehicle Entering Driveway,Entrance To Or Exit From Private Property Or Driveway,False,NONE,City Street,"Straight, Level",Main/Proper Lane,On Roadway,45,S CONGRESS AVE,3107,Dry,None,Clear,Not Worn,-10882476.654710142,3533370.9523014934
12650238,False,False,Austin Police Department,True,False,No,0,0,1,1,0,Non-Incapacitating Injury,1339,1,0,2012,Saturday,Pedalcyclist,Intersection,30.25890478,Daylight,-97.74621246,One Motor Vehicle - Going Straight,Not Applicable,Not Applicable,False,NONE,US & State Highways,"Curve, Grade",Main/Proper Lane,On Roadway,0,CONGRESS AVE S,301,Dry,Signal Light,Clear,Not Worn,-10881058.598018331,3536873.2399797062
12677502,False,False,Austin Police Department,True,False,No,0,0,1,4,0,Non-Incapacitating Injury,1748,1,0,2012,Saturday,Pedalcyclist,Intersection,30.37683476,Daylight,-97.65911248,One Motor Vehicle - Going Straight,Not Applicable,Not Applicable,False,NONE,City Street,"Straight, Level",Main/Proper Lane,On Roadway,0,DESSAU RD,11700,Dry,Signal Light,Clear,"Worn, Not Damaged",-10871362.672596628,3552080.98905113
12706507,True,False,Austin Police Department,False,False,No,0,0,1,1,0,Non-Incapacitating Injury,202,1,0,2012,Saturday,Pedalcyclist,Non Intersection,30.22235501,"Dark, Lighted",-97.77208757,One Motor Vehicle - Going Straight,Not Applicable,Not Applicable,False,NONE,City Street,"Straight, Grade",Main/Proper Lane,On Roadway,35,S 1ST ST,4300,Dry,Flashing Yellow Light,Clear,"Worn, Not Damaged",-10883939.002087751,3532163.646634064
12648999,True,False,Austin Police Department,True,False,No,0,0,1,7,2,Non-Incapacitating Injury,1823,3,0,2012,Sunday,Pedalcyclist,Intersection,30.24138478,Daylight,-97.72593247,One Motor Vehicle - Turning Left,Not Applicable,Not Applicable,False,NONE,City Street,"Curve, Level",Main/Proper Lane,On Roadway,30,ELMONT DR,2100,Dry,Yield Sign,Clear,Not Worn,-10878801.03985824,3534615.494895386
12650227,True,False,Austin Police Department,True,False,No,0,0,1,1,0,Non-Incapacitating Injury,1155,1,0,2012,Monday,Pedalcyclist,Intersection,30.25677478,Daylight,-97.71683247,One Motor Vehicle - Going Straight,Not Applicable,Not Applicable,False,NONE,City Street,"Straight, Grade",Main/Proper Lane,On Roadway,30,JULIAN TERAN ST,301,Dry,Stop Sign,Clear,Not Worn,-10877788.032492021,3536598.7323467205
12648868,False,False,Austin Police Department,False,False,No,0,0,1,2,0,Non-Incapacitating Injury,1050,1,0,2012,Tuesday,Pedalcyclist,Non Intersection,30.29546203,Daylight,-97.7367638,One Motor Vehicle - Going Straight,Not Applicable,Not Applicable,False,NONE,City Street,"Curve, Grade",Main/Proper Lane,On Roadway,30,SPEEDWAY,3104,Dry,None,Clear,"Worn, Damaged",-10880006.777998455,3541585.550710319
12660367,False,False,Austin Police Department,False,False,No,0,1,0,1,0,Incapacitating Injury,250,1,0,2012,Saturday,Pedalcyclist,Non Intersection,30.2695939,"Dark, Lighted",-97.73840994,One Motor Vehicle - Going Straight,Not Applicable,Not Applicable,False,NONE,City Street,"Straight, Hillcrest",Main/Proper Lane,On Roadway,0,TRINITY ST,871,Dry,None,Clear,Not Worn,-10880190.025465026,3538250.9097244665
12712164,False,False,Austin Police Department,False,False,No,0,0,0,3,1,Possible Injury,1637,1,0,2012,Saturday,Pedalcyclist,Non Intersection,30.18382461,Daylight,-97.74983702,One Motor Vehicle - Going Straight,Not Applicable,Not Applicable,False,NONE,City Street,"Straight, Level",Main/Proper Lane,On Roadway,25,CREEK BEND DR,4786,Dry,None,Clear,Unknown If Worn,-10881462.082191883,3527200.7352234917
12660477,False,False,Austin Police Department,False,False,No,0,0,1,1,0,Non-Incapacitating Injury,1252,1,1,2012,Tuesday,Pedalcyclist,Non Intersection,30.26787352,Daylight,-97.73850006,One Motor Vehicle - Going Straight,Not Applicable,Not Applicable,False,NONE,City Street,"Straight, Level",Main/Proper Lane,On Roadway,45,E 7TH ST,444,Dry,Center Stripe/Divider,Clear,"Worn, Not Damaged",-10880200.05757754,3538029.1680165045
12712190,False,False,Austin Police Department,False,False,No,0,0,1,1,0,Non-Incapacitating Injury,1039,1,0,2012,Thursday,Pedalcyclist,Driveway Access,30.24645044,Daylight,-97.77829459,One Motor Vehicle - Turning Right,One Vehicle Entering Driveway,Entrance To Or Exit From Private Property Or Driveway,False,NONE,US & State Highways,Unknown,Main/Proper Lane,On Roadway,35,SL0343,2511,Dry,None,Clear,Not Worn,-10884629.964393497,3535268.2485537846
12677620,True,False,Austin Police Department,True,False,No,0,0,1,0,0,Non-Incapacitating Injury,2204,1,1,2012,Monday,Pedalcyclist,Intersection,30.30274477,"Dark, Lighted",-97.73815246,One Motor Vehicle - Turning Left,Not Applicable,Not Applicable,False,NONE,City Street,"Straight, Level",Main/Proper Lane,On Roadway,35,GUADALUPE ST,3801,Dry,Signal Light,Clear,Not Worn,-10880161.362922538,3542524.5218406403
12678281,False,False,Austin Police Department,False,False,No,0,0,1,1,0,Non-Incapacitating Injury,1141,1,0,2012,Wednesday,Pedalcyclist,Intersection,30.24284866,Daylight,-97.75217206,One Motor Vehicle - Turning Left,Not Applicable,Not Applicable,False,NONE,City Street,"Straight, Level",Main/Proper Lane,On Roadway,40,CONGRESS AVE S,2111,Dry,Bike Lane,Clear,"Worn, Unk Damage",-10881722.017655665,3534804.1249089455
12705913,True,False,Austin Police Department,False,False,No,0,1,0,1,0,Incapacitating Injury,29,1,0,2012,Wednesday,Pedalcyclist,Non Intersection,30.23471796,"Dark, Not Lighted",-97.74383661,One Motor Vehicle - Going Straight,Vehicle Changing Lanes,Not Applicable,False,NONE,City Street,"Straight, Hillcrest",Main/Proper Lane,On Roadway,0,OLTORF ST E,1277,Dry,None,Clear,Not Worn,-10880794.119606132,3533756.4693378117
12678335,True,False,Austin Police Department,False,False,No,0,0,1,5,0,Non-Incapacitating Injury,1812,1,0,2012,Thursday,Pedalcyclist,Non Intersection,30.246376,Daylight,-97.71473287,One Motor Vehicle - Going Straight,Not Applicable,Not Applicable,False,NONE,City Street,"Straight, Level",Main/Proper Lane,On Roadway,35,S PLEASANT VALLEY RD,500,Dry,None,Clear,Not Worn,-10877554.306089152,3535258.6560788923
12686725,False,False,Austin Police Department,False,False,No,0,1,0,1,0,Incapacitating Injury,1821,1,0,2012,Wednesday,Pedalcyclist,Intersection Related,30.19705742,Daylight,-97.74431384,One Motor Vehicle - Going Straight,Not Applicable,Not Applicable,False,NONE,City Street,"Straight, Level",Main/Proper Lane,On Roadway,30,TERI RD,4586,Dry,Marked Lanes,Clear,Unknown If Worn,-10880847.244606722,3528904.969422344
12686840,False,False,Austin Police Department,True,False,No,0,0,1,0,0,Non-Incapacitating Injury,1853,1,1,2012,Thursday,Pedalcyclist,Intersection Related,30.22705479,Daylight,-97.79015245,One Motor Vehicle - Going Straight,Not Applicable,Not Applicable,False,NONE,City Street,"Straight, Level",Main/Proper Lane,On Roadway,35,MANCHACA RD,4517,Dry,Stop Sign,Clear,Not Worn,-10885949.975330593,3532769.1351782335
12696955,False,False,Austin Police Department,True,False,No,0,0,1,2,0,Non-Incapacitating Injury,629,1,0,2012,Saturday,Pedalcyclist,Intersection,30.25577478,Unknown,-97.75728246,One Motor Vehicle - Turning Right,Not Applicable,Not Applicable,False,NONE,City Street,"Straight, Hillcrest",Main/Proper Lane,On Roadway,0,5TH ST S,999,Dry,None,Cloudy,"Worn, Not Damaged",-10882290.904781414,3536469.8575772136