Crash ID,$1000 Damage to Any One Person's Property,Active School Zone Flag,Agency,At Intersection Flag,Construction Zone Flag,Construction Zone Workers Present Flag,Crash Death Count,Crash Incapacitating Injury Count,Crash Non-incapacitating Injury Count,Crash Not Injured Count,Crash Possible Injury Count,Crash Severity,Crash Time,Crash Total Injury Count,Crash Unknown Injury Count,Crash Year,Day of Week,First Harmful Event,Intersection Related,Latitude,Light Condition,Longitude,Manner of Collision,Other Factor,Physical Feature 1,Private Drive Flag,Property Damages,Road Class,Roadway Alignment,Roadway Part,Roadway Relation,Speed Limit,Street Name,Street Number,Surface Condition,Traffic Control Type,Weather Condition,Person Helmet,MercatorX,MercatorY
12722355,False,False,Austin Police Department,True,False,No,0,1,0,0,0,Incapacitating Injury,108,1,1,2012,Saturday,Pedalcyclist,Intersection,30.291161,"Dark, Lighted",-97.72705394,One Motor Vehicle - Going Straight,Not Applicable,Not Applicable,False,NONE,City Street,"Curve, Grade",Main/Proper Lane,On Roadway,30,RED RIVER ST,3215,Dry,Flashing Red Light,Clear,Not Worn,-10878925.881327579,3541031.0472567794
12696870,True,False,Austin Police Department,False,False,No,0,0,1,1,0,Non-Incapacitating Injury,1210,1,0,2012,Monday,Pedalcyclist,Non Intersection,30.38292895,Daylight,-97.77079716,One Motor Vehicle - Going Straight,Attention Diverted From Driving,Not Applicable,False,NONE,US & State Highways,"Straight, Level",Main/Proper Lane,Shoulder,60,SL0360,NO DATA,Dry,Signal Light,Clear,"Worn, Damaged",-10883795.354303638,3552867.367827924
12737969,False,False,Austin Police Department,True,False,No,0,0,1,0,0,Non-Incapacitating Injury,957,1,1,2012,Monday,Pedalcyclist,Intersection,30.28751477,Daylight,-97.70131247,One Motor Vehicle - Turning Right,Not Applicable,Not Applicable,False,NONE,City Street,"Straight, Level",Main/Proper Lane,On Roadway,35,MANOR RD,3399,Dry,Marked Lanes,Clear,"Worn, Damaged",-10876060.35399491,3540560.98189598
12697034,False,False,Austin Police Department,True,True,Yes,0,1,0,1,0,Incapacitating Injury,1216,1,0,2012,Wednesday,Pedalcyclist,Intersection,30.26654478,Daylight,-97.74482246,One Motor Vehicle - Going Straight,Construction - Within Posted Road Construction Zone (Not Related To Crash),One Or More Traffic Lanes Closed,False,NONE,City Street,"Straight, Level",Main/Proper Lane,On Roadway,30,W 4TH ST,200,Dry,Stop Sign,Clear,Not Worn,-10880903.86392613,3537857.9078869494
12697013,False,False,Austin Police Department,False,False,No,0,0,1,1,0,Non-Incapacitating Injury,335,1,0,2012,Friday,Pedalcyclist,Non Intersection,30.26592916,"Dark, Lighted",-97.73458853,One Motor Vehicle - Going Straight,Not Applicable,Not Applicable,False,NONE,Interstate,"Straight, Grade",Main/Proper Lane,On Roadway,60,IH0035,NO DATA,Wet,Marked Lanes,Cloudy,Not Worn,-10879764.628049716,3537778.5619524643
12835403,False,False,Austin Police Department,False,False,No,0,0,1,1,0,Non-Incapacitating Injury,1746,1,0,2012,Friday,Pedalcyclist,Driveway Access,30.24419449,Daylight,-97.73010044,One Motor Vehicle - Turning Right,One Vehicle Entering Driveway,Private Drive Or Road,False,NONE,City Street,"Straight, Level",Other (Explain In Narrative),On Roadway,35,E RIVERSIDE DR,NO DATA,Dry,None,Clear,Unknown If Worn,-10879265.01615628,3534977.5459271926
12696971,False,False,Austin Police Department,True,False,No,0,0,0,1,0,Not Injured,142,0,1,2012,Sunday,Pedalcyclist,Intersection,30.24016478,"Dark, Not Lighted",-97.72707247,One Motor Vehicle - Going Straight,Not Applicable,Not Applicable,False,NONE,City Street,"Straight, Grade",Main/Proper Lane,On Roadway,30,BURTON DR,1501,Dry,Signal Light,Clear,Not Worn,-10878927.944077743,3534458.2924782904
12706141,False,False,Austin Police Department,True,False,No,0,0,1,4,0,Non-Incapacitating Injury,2225,1,0,2012,Tuesday,Pedalcyclist,Intersection,30.29539477,"Dark, Lighted",-97.74279246,One Motor Vehicle - Turning Left,Not Applicable,Not Applicable,False,NONE,City Street,"Straight, Level",Main/Proper Lane,On Roadway,25,W 29TH ST,600,Dry,Signal Light,Clear,"Worn, Not Damaged",-10880677.88535982,3541576.8791346005
12706319,False,False,Austin Police Department,True,False,No,0,1,0,1,0,Incapacitating Injury,1729,1,0,2012,Thursday,Pedalcyclist,Intersection,30.31200477,Daylight,-97.72134247,One Motor Vehicle - Going Straight,Not Applicable,Not Applicable,False,NONE,City Street,"Straight, Level",Main/Proper Lane,On Roadway,30,DUVAL ST,4815,Dry,Stop Sign,Clear,"Worn, Not Damaged",-10878290.083395498,3543718.523862859
12749265,False,False,Austin Police Department,True,False,No,0,0,1,6,0,Non-Incapacitating Injury,1618,1,0,2012,Friday,Pedalcyclist,Intersection Related,30.25809478,Daylight,-97.74792246,One Motor Vehicle - Turning Right,Not Applicable,Not Applicable,False,NONE,City Street,"Straight, Level",Main/Proper Lane,On Roadway,30,HAYWOOD AVE,401,Dry,Stop Sign,Clear,Not Worn,-10881248.954347588,3536768.849051583
12718188,False,False,Austin Police Department,True,False,No,0,0,0,1,1,Possible Injury,1013,1,0,2012,Saturday,Pedalcyclist,Intersection Related,30.23779193,Daylight,-97.72562194,One Motor Vehicle - Turning Right,Not Applicable,Not Applicable,False,NONE,City Street,"Straight, Grade",Other (Explain In Narrative),On Roadway,35,E RIVERSIDE DR,2300,Dry,Yield Sign,Clear,Unknown If Worn,-10878766.471816763,3534152.545808044
12718111,False,False,Austin Police Department,False,False,No,0,0,0,1,1,Possible Injury,1812,1,0,2012,Monday,Pedalcyclist,Driveway Access,30.23224206,Daylight,-97.73694691,One Motor Vehicle - Turning Right,One Vehicle Leaving Driveway,Entrance To Or Exit From Private Property Or Driveway,False,NONE,City Street,Other (Explain In Narrative),Main/Proper Lane,On Roadway,0,PARKER LN,2307,Dry,Other (Explain In Narrative),Clear,Not Worn,-10880027.161710413,3533437.4623039546
12718062,True,False,Austin Police Department,True,False,No,0,0,0,1,1,Possible Injury,1938,1,0,2012,Tuesday,Pedalcyclist,Intersection,30.40069475,Daylight,-97.74884246,One Motor Vehicle - Turning Left,Not Applicable,Not Applicable,False,NONE,City Street,"Straight, Level",Main/Proper Lane,On Roadway,40,JOLLYVILLE RD,10729,Dry,Signal Light,Clear,"Worn, Not Damaged",-10881351.36827912,3555160.101391726
12718033,True,False,Austin Police Department,False,False,No,0,0,1,1,0,Non-Incapacitating Injury,833,1,0,2012,Wednesday,Pedalcyclist,Driveway Access,30.39058487,Daylight,-97.80215215,One Motor Vehicle - Backing,One Vehicle Leaving Driveway,Entrance To Or Exit From Private Property Or Driveway,False,NONE,City Street,"Straight, Level",Main/Proper Lane,On Roadway,40,JESTER BLVD,7918,Dry,None,Clear,"Worn, Unk Damage",-10887285.775824266,3553855.3377754083
12733524,True,False,Austin Police Department,False,False,No,0,0,1,1,0,Non-Incapacitating Injury,2302,1,0,2012,Saturday,Pedalcyclist,Intersection Related,30.29522713,"Dark, Not Lighted",-97.74163391,One Motor Vehicle - Turning Left,Not Applicable,Not Applicable,False,NONE,City Street,"Straight, Level",Main/Proper Lane,On Roadway,0,FRUTH ST,2902,Dry,Stop Sign,Clear,Not Worn,-10880548.916163761,3541555.265973549
12765024,False,False,Austin Police Department,False,False,No,0,0,1,1,0,Non-Incapacitating Injury,1900,1,0,2012,Tuesday,Pedalcyclist,Non Intersection,30.41023475,Daylight,-97.75132245,One Motor Vehicle - Turning Left,Not Applicable,Not Applicable,False,NONE,City Street,"Straight, Grade",Main/Proper Lane,On Roadway,40,TAYLOR DRAPER LN,11250,Dry,None,Clear,Not Worn,-10881627.43950309,3556391.441156991
12733677,False,False,Austin Police Department,True,False,No,0,0,0,1,1,Possible Injury,827,1,0,2012,Friday,Pedalcyclist,Intersection,30.28089478,Daylight,-97.71429247,One Motor Vehicle - Turning Left,Not Applicable,Not Applicable,False,NONE,City Street,"Straight, Level",Main/Proper Lane,On Roadway,0,CEDAR AVE,1899,Dry,Signal Light,Clear,Not Worn,-10877505.280985408,3539707.589441274
12784023,False,False,Austin Police Department,False,True,No,0,0,1,4,0,Non-Incapacitating Injury,1834,1,0,2012,Friday,Pedalcyclist,Driveway Access,30.32061562,Daylight,-97.69608325,One Motor Vehicle - Turning Right,Construction - Within Posted Road Construction Zone (Not Related To Crash),Entrance To Or Exit From Private Property Or Driveway,False,NONE,City Street,"Straight, Level",Main/Proper Lane,On Roadway,35,CAMERON RD,NO DATA,Dry,Bike Lane,Clear,"Worn, Unk Damage",-10875478.239887264,3544828.924484135
12784056,False,False,Austin Police Department,False,False,No,0,0,0,2,0,Not Injured,1925,0,0,2012,Friday,Pedalcyclist,Intersection Related,30.26243787,Daylight,-97.74099345,One Motor Vehicle - Going Straight,Not Applicable,Not Applicable,False,NONE,US & State Highways,"Straight, Level",Main/Proper Lane,On Roadway,30,SL0343,403,Dry,Crosswalk,Clear,"Worn, Unk Damage",-10880477.620482689,3537328.5865224674
12733978,False,False,Austin Police Department,True,False,No,0,0,1,0,0,Non-Incapacitating Injury,1925,1,1,2012,Sunday,Pedalcyclist,Intersection,30.30385901,Daylight,-97.71398637,One Motor Vehicle - Turning Right,Slowing/Stopping-To Make Right Turn,Not Applicable,False,NONE,Interstate,"Straight, Level",Service/Frontage Road,On Roadway,0,IH0035,NO DATA,Dry,None,Clear,Not Worn,-10877471.206089275,3542668.188097305
12853414,False,False,Austin Police Department,True,False,No,0,0,0,1,1,Possible Injury,1854,1,0,2012,Tuesday,Pedalcyclist,Intersection,30.1926748,Daylight,-97.77756246,One Motor Vehicle - Going Straight,Not Applicable,Not Applicable,False,NONE,City Street,"Straight, Level",Main/Proper Lane,On Roadway,35,CIRCLE S RD,6601,Dry,None,Clear,Not Worn,-10884548.464054702,3528340.512855435
12748050,False,False,Austin Police Department,True,False,No,0,0,0,2,0,Not Injured,1405,0,0,2012,Wednesday,Pedalcyclist,Intersection,30.26965478,Daylight,-97.74485246,One Motor Vehicle - Going Straight,Not Applicable,Not Applicable,False,NONE,City Street,"Straight, Grade",Main/Proper Lane,On Roadway,30,W 7TH ST,300,Dry,Signal Light,Clear,Not Worn,-10880907.203510854,3538258.756687144
12748055,False,False,Austin Police Department,False,False,No,0,0,1,1,0,Non-Incapacitating Injury,1729,1,0,2012,Wednesday,Pedalcyclist,Driveway Access,30.29003983,Daylight,-97.7654004,One Motor Vehicle - Backing,One Vehicle Leaving Driveway,Private Drive Or Road,False,NONE,City Street,"Straight, Level",Main/Proper Lane,On Roadway,25,WOODMONT AVE,2243,Dry,None,Clear,"Worn, Not Damaged",-10883194.589728504,3540886.5061927466
12748692,False,False,Austin Police Department,False,False,No,0,0,1,0,0,Non-Incapacitating Injury,1825,1,1,2012,Thursday,Pedalcyclist,Driveway Access,30.32196864,Daylight,-97.7256368,One Motor Vehicle - Turning Left,One Vehicle Leaving Driveway,Private Drive Or Road,False,NONE,City Street,"Straight, Level",Main/Proper Lane,On Roadway,35,GUADALUPE ST,5437,Dry,None,Cloudy,Not Worn,-10878768.126024397,3545003.4102367177
12748693,False,False,Austin Police Department,True,False,No,0,0,1,1,0,Non-Incapacitating Injury,1510,1,0,2012,Thursday,Pedalcyclist,Intersection,30.30919477,Daylight,-97.69551247,One Motor Vehicle - Going Straight,Not Applicable,Not Applicable,False,NONE,City Street,"Straight, Level",Main/Proper Lane,On Roadway,35,BERKMAN DR,5601,Dry,Marked Lanes,Cloudy,Not Worn,-10875414.700948307,3543356.185193981
12785072,True,False,Austin Police Department,True,False,No,0,0,1,1,0,Non-Incapacitating Injury,837,1,0,2012,Friday,Pedalcyclist,Intersection,30.36298476,Daylight,-97.73163246,One Motor Vehicle - Turning Left,Not Applicable,Not Applicable,False,NONE,City Street,"Straight, Level",Main/Proper Lane,On Roadway,30,STECK AVE,2600,Wet,None,Cloudy,"Worn, Unk Damage",-10879435.559842566,3550294.002572357
12835141,False,False,Austin Police Department,False,False,No,0,0,1,0,0,Non-Incapacitating Injury,1042,1,1,2012,Saturday,Pedalcyclist,Driveway Access,30.31168601,Daylight,-97.70908535,One Motor Vehicle - Going Straight,One Vehicle Leaving Driveway,Entrance To Or Exit From Private Property Or Driveway,False,NONE,Interstate,"Straight, Level",Service/Frontage Road,On Roadway,45,IH0035,NO DATA,Dry,Stop Sign,Clear,"Worn, Unk Damage",-10876925.627038505,3543677.420467117
12747797,False,False,Austin Police Department,False,False,No,0,0,0,2,1,Possible Injury,1559,1,0,2012,Monday,Pedalcyclist,Driveway Access,30.23630446,Daylight,-97.72515962,One Motor Vehicle - Turning Right,One Vehicle Leaving Driveway,Entrance To Or Exit From Private Property Or Driveway,False,NONE,City Street,"Straight, Level",Main/Proper Lane,On Roadway,35,E RIVERSIDE DR,NO DATA,Dry,Marked Lanes,Clear,Unknown If Worn,-10878715.00658978,3533960.8859605477
12803804,True,False,Austin Police Department,True,False,No,0,0,1,0,0,Non-Incapacitating Injury,1450,1,1,2012,Tuesday,Pedalcyclist,Intersection,30.36698989,Daylight,-97.70064582,One Motor Vehicle - Going Straight,Not Applicable,Not Applicable,False,NONE,City Street,"Straight, Level",Main/Proper Lane,On Roadway,35,RUTLAND DR,1007,Dry,Signal Light,Clear,Not Worn,-10875986.142856373,3550810.735630501
12758958,True,False,Austin Police Department,True,False,No,0,0,1,1,0,Non-Incapacitating Injury,2223,1,0,2012,Friday,Pedalcyclist,Intersection,30.26028478,"Dark, Lighted",-97.74963246,One Motor Vehicle - Turning Left,Not Applicable,Not Applicable,False,NONE,City Street,"Straight, Level",Main/Proper Lane,On Roadway,35,S 1ST ST,NO DATA,Dry,Signal Light,Clear,Not Worn,-10881439.310676847,3537051.0931735416
12760890,False,False,Austin Police Department,True,False,No,0,0,1,1,0,Non-Incapacitating Injury,1705,1,0,2012,Friday,Pedalcyclist,Intersection Related,30.33398477,Daylight,-97.72127247,One Motor Vehicle - Going Straight,Not Applicable,Not Applicable,False,NONE,City Street,"Straight, Level",Main/Proper Lane,On Roadway,0,N LAMAR BLVD,6599,Dry,Signal Light,Clear,Not Worn,-10878282.291031143,3546553.1187241226
12760892,False,False,Austin Police Department,False,False,No,0,0,0,2,0,Not Injured,827,0,0,2012,Friday,Pedalcyclist,Driveway Access,30.28032806,Daylight,-97.75902311,One Motor Vehicle - Turning Right,One Vehicle Entering Driveway,Entrance To Or Exit From Private Property Or Driveway,False,NONE,City Street,"Straight, Level",Main/Proper Lane,On Roadway,0,W LYNN ST,1204,Dry,None,Cloudy,"Worn, Not Damaged",-10882484.673053063,3539634.535424582
12767125,True,False,Austin Police Department,False,False,No,0,0,0,1,1,Possible Injury,539,1,0,2012,Saturday,Pedalcyclist,Non Intersection,30.19039416,"Dark, Lighted",-97.77057019,One Motor Vehicle - Going Straight,Not Applicable,Not Applicable,False,NONE,Interstate,"Straight, Level",Service/Frontage Road,On Roadway,0,IH0035,NO DATA,Dry,Signal Light,Clear,Not Worn,-10883770.088118812,3528046.789313285
12832878,False,False,Austin Police Department,True,False,No,0,0,1,1,0,Non-Incapacitating Injury,1112,1,0,2012,Saturday,Pedalcyclist,Intersection Related,30.28686478,Daylight,-97.75313246,One Motor Vehicle - Going Straight,Not Applicable,Not Applicable,False,NONE,City Street,"Straight, Level",Main/Proper Lane,On Roadway,0,SHOAL CREEK BLVD,2201,Dry,Yield Sign,Clear,"Worn, Not Damaged",-10881828.928894622,3540477.1881986037
12919603,True,False,Austin Police Department,False,False,No,0,0,4,0,0,Non-Incapacitating Injury,221,4,1,2012,Saturday,Pedalcyclist,Non Intersection,30.27197469,"Dark, Lighted",-97.75513021,One Motor Vehicle - Going Straight,Not Applicable,Not Applicable,False,NONE,City Street,"Straight, Level",Main/Proper Lane,On Roadway,30,W 6TH ST,1102,Dry,Marked Lanes,Clear,Not Worn,-10882051.317407355,3538557.77882805
12919603,True,False,Austin Police Department,False,False,No,0,0,4,0,0,Non-Incapacitating Injury,221,4,1,2012,Saturday,Pedalcyclist,Non Intersection,30.27197469,"Dark, Lighted",-97.75513021,One Motor Vehicle - Going Straight,Not Applicable,Not Applicable,False,NONE,City Street,"Straight, Level",Main/Proper Lane,On Roadway,30,W 6TH ST,1102,Dry,Marked Lanes,Clear,Not Worn,-10882051.317407355,3538557.77882805
12919603,True,False,Austin Police Department,False,False,No,0,0,4,0,0,Non-Incapacitating Injury,221,4,1,2012,Saturday,Pedalcyclist,Non Intersection,30.27197469,"Dark, Lighted",-97.75513021,One Motor Vehicle - Going Straight,Not Applicable,Not Applicable,False,NONE,City Street,"Straight, Level",Main/Proper Lane,On Roadway,30,W 6TH ST,1102,Dry,Marked Lanes,Clear,Not Worn,-10882051.317407355,3538557.77882805
12919603,True,False,Austin Police Department,False,False,No,0,0,4,0,0,Non-Incapacitating Injury,221,4,1,2012,Saturday,Pedalcyclist,Non Intersection,30.27197469,"Dark, Lighted",-97.75513021,One Motor Vehicle - Going Straight,Not Applicable,Not Applicable,False,NONE,City Street,"Straight, Level",Main/Proper Lane,On Roadway,30,W 6TH ST,1102,Dry,Marked Lanes,Clear,Not Worn,-10882051.317407355,3538557.77882805
12757336,False,False,Austin Police Department,True,False,No,0,0,1,1,0,Non-Incapacitating Injury,1733,1,0,2012,Monday,Pedalcyclist,Intersection Related,30.36733476,Daylight,-97.70628247,One Motor Vehicle - Going Straight,Not Applicable,Not Applicable,False,NONE,City Street,"Straight, Level",Main/Proper Lane,On Roadway,45,W RUNDBERG LN,NO DATA,Dry,Signal Light,Clear,Not Worn,-10876613.611864151,3550855.2309885225
12803766,False,False,Austin Police Department,False,False,No,0,0,1,1,0,Non-Incapacitating Injury,1348,1,0,2012,Wednesday,Pedalcyclist,Driveway Access,30.2099831,Daylight,-97.78579031,One Motor Vehicle - Going Straight,One Vehicle Leaving Driveway,Private Drive Or Road,False,NONE,City Street,"Straight, Grade",Main/Proper Lane,On Roadway,35,W STASSNEY LN,NO DATA,Dry,Marked Lanes,Cloudy,Not Worn,-10885464.384127025,3530569.8699552584
12767225,True,False,Austin Police Department,True,False,No,0,0,0,1,1,Possible Injury,719,1,0,2012,Thursday,Pedalcyclist,Intersection Related,30.30361477,Daylight,-97.71599247,One Motor Vehicle - Turning Left,Not Applicable,Not Applicable,False,NONE,City Street,"Straight, Level",Main/Proper Lane,On Roadway,0,AIRPORT BLVD,4509,Dry,Signal Light,Clear,"Worn, Not Damaged",-10877694.524119755,3542636.696495656
12766636,False,False,Austin Police Department,False,False,No,0,0,1,1,0,Non-Incapacitating Injury,906,1,0,2012,Friday,Pedalcyclist,Driveway Access,30.27296426,Daylight,-97.74481732,One Motor Vehicle - Turning Left,One Vehicle Entering Driveway,Private Drive Or Road,False,NONE,City Street,"Straight, Level",Main/Proper Lane,On Roadway,0,GUADALUPE ST,1023,Dry,Marked Lanes,Clear,Not Worn,-10880903.291743947,3538685.330469333
12766743,False,False,Austin Police Department,True,False,No,0,0,1,4,0,Non-Incapacitating Injury,1508,1,0,2012,Saturday,Pedalcyclist,Intersection,30.26716478,Daylight,-97.74698246,One Motor Vehicle - Going Straight,Not Applicable,Not Applicable,False,NONE,City Street,"Straight, Grade",Main/Proper Lane,On Roadway,35,GUADALUPE ST,401,Dry,Signal Light,Clear,Not Worn,-10881144.314026242,3537937.818853031
12766684,False,False,Austin Police Department,True,False,No,0,0,1,1,0,Non-Incapacitating Injury,901,1,0,2012,Monday,Pedalcyclist,Intersection,30.27508478,Daylight,-97.74520246,One Motor Vehicle - Turning Left,Not Applicable,Not Applicable,False,NONE,City Street,"Straight, Grade",Main/Proper Lane,On Roadway,30,W 12TH ST,NO DATA,Dry,Stop Sign,Cloudy,Not Worn,-10880946.165332632,3538958.6614024667
12833010,False,False,Austin Police Department,True,False,No,0,0,1,3,0,Non-Incapacitating Injury,931,1,0,2012,Sunday,Pedalcyclist,Intersection,30.32781477,Daylight,-97.73975246,One Motor Vehicle - Going Straight,Not Applicable,Not Applicable,False,NONE,City Street,Unknown,Main/Proper Lane,On Roadway,45,BURNET RD,5355,Wet,Stop Sign,Rain,"Worn, Not Damaged",-10880339.47410781,3545757.356133381
12781979,False,False,Austin Police Department,True,False,No,0,1,0,1,0,Incapacitating Injury,726,1,0,2012,Monday,Pedalcyclist,Intersection,30.22964479,Daylight,-97.76025246,One Motor Vehicle - Turning Left,Not Applicable,Not Applicable,False,NONE,City Street,"Straight, Grade",Main/Proper Lane,On Roadway,35,S CONGRESS AVE,3401,Dry,Signal Light,Cloudy,"Worn, Damaged",-10882621.52366907,3533102.8260009955
12793595,False,False,Austin Police Department,True,False,No,0,0,1,2,0,Non-Incapacitating Injury,1920,1,0,2012,Monday,Pedalcyclist,Non Intersection,30.26899478,Daylight,-97.74246246,One Motor Vehicle - Going Straight,Not Applicable,Not Applicable,False,NONE,City Street,"Straight, Level",Main/Proper Lane,On Roadway,35,CONGRESS AVE,699,Dry,Signal Light,Clear,"Worn, Not Damaged",-10880641.149927858,3538173.6880346457
12782082,False,False,Austin Police Department,False,False,No,0,0,1,1,0,Non-Incapacitating Injury,1641,1,0,2012,Tuesday,Pedalcyclist,Driveway Access,30.22189362,Daylight,-97.76459313,One Motor Vehicle - Turning Right,One Vehicle Leaving Driveway,Entrance To Or Exit From Private Property Or Driveway,False,NONE,City Street,"Straight, Level",Main/Proper Lane,On Roadway,40,S CONGRESS AVE,4109,Dry,None,Clear,Not Worn,-10883104.724843172,3532104.205760397
12793559,False,False,Austin Police Department,True,False,No,0,0,1,0,0,Non-Incapacitating Injury,223,1,2,2012,Saturday,Pedalcyclist,Intersection,30.26901478,"Dark, Lighted",-97.74629246,One Motor Vehicle - Going Straight,Not Applicable,Not Applicable,False,NONE,City Street,"Straight, Level",Main/Proper Lane,On Roadway,30,GUADALUPE ST,599,Dry,Signal Light,Clear,Unknown If Worn,-10881067.503577596,3538176.265864197
12828561,False,False,Austin Police Department,True,False,No,0,0,1,3,0,Non-Incapacitating Injury,1712,1,0,2012,Saturday,Pedalcyclist,Intersection,30.26678478,Daylight,-97.73825246,One Motor Vehicle - Turning Left,Not Applicable,Not Applicable,False,NONE,City Street,"Straight, Level",Main/Proper Lane,On Roadway,30,NECHES ST,599,Dry,Signal Light,Clear,Not Worn,-10880172.494871616,3537888.8411042793
12833019,False,False,Austin Police Department,True,False,No,0,0,1,3,0,Non-Incapacitating Injury,1501,1,0,2012,Saturday,Pedalcyclist,Intersection,30.31229477,Daylight,-97.68808247,One Motor Vehicle - Going Straight,Not Applicable,Not Applicable,False,NONE,City Street,"Curve, Grade",Main/Proper Lane,On Roadway,30,GASTON PLACE DR,2098,Dry,Bike Lane,Clear,"Worn, Damaged",-10874587.597131714,3543755.918836465
12840808,False,False,Austin Police Department,True,False,No,0,0,1,0,0,Non-Incapacitating Injury,1600,1,1,2012,Saturday,Pedalcyclist,Intersection Related,30.3213932,Daylight,-97.68908316,One Motor Vehicle - Turning Right,Not Applicable,Not Applicable,False,NONE,US & State Highways,"Straight, Level",Service/Frontage Road,On Roadway,45,US0290,NO DATA,Dry,Bike Lane,Clear,"Worn, Damaged",-10874698.993432956,3544929.2010750356
12793501,True,False,Austin Police Department,True,False,No,0,1,0,5,0,Incapacitating Injury,1011,1,0,2012,Monday,Pedalcyclist,Intersection Related,30.22964479,Daylight,-97.76025246,One Motor Vehicle - Going Straight,Not Applicable,Not Applicable,False,NONE,City Street,"Straight, Grade",Main/Proper Lane,On Roadway,35,WOODWARD ST,100,Dry,Signal Light,Clear,Not Worn,-10882621.52366907,3533102.8260009955
12835118,True,False,Austin Police Department,False,False,No,0,0,1,4,0,Non-Incapacitating Injury,1303,1,0,2012,Monday,Pedalcyclist,Non Intersection,30.26104754,Daylight,-97.75896891,One Motor Vehicle - Going Straight,Not Applicable,Not Applicable,False,NONE,City Street,"Straight, Level",Main/Proper Lane,On Roadway,35,BARTON SPRINGS RD,1375,Dry,Marked Lanes,Clear,Not Worn,-10882478.639536662,3537149.398088108
12835138,True,False,Austin Police Department,False,False,No,0,0,0,1,0,Not Injured,1200,0,1,2012,Monday,Pedalcyclist,Intersection,30.26629493,Daylight,-97.74077327,One Motor Vehicle - Going Straight,Not Applicable,Not Applicable,False,NONE,City Street,"Straight, Level",Main/Proper Lane,On Roadway,30,SAN JACINTO BLVD,485,Dry,None,Clear,Not Worn,-10880453.110157205,3537825.7051991574
12793753,False,False,Austin Police Department,False,False,No,0,0,1,1,0,Non-Incapacitating Injury,1743,1,0,2012,Wednesday,Pedalcyclist,Non Intersection,30.30161425,Daylight,-97.69542018,One Motor Vehicle - Going Straight,Not Applicable,Not Applicable,False,NONE,City Street,"Curve, Grade",Main/Proper Lane,On Roadway,40,E 51ST ST,1900,Dry,None,Cloudy,Unknown If Worn,-10875404.427272504,3542378.7581657637
12835448,False,False,Austin Police Department,False,False,No,0,0,1,0,0,Non-Incapacitating Injury,700,1,1,2012,Friday,Pedalcyclist,Non Intersection,30.32342977,Dusk,-97.72385747,One Motor Vehicle - Going Straight,Not Applicable,Not Applicable,False,NONE,City Street,"Straight, Level",Main/Proper Lane,On Roadway,0,GUADALUPE ST,5589,Dry,Bike Lane,Clear,Not Worn,-10878570.051914845,3545191.8405847945
12805600,True,False,Austin Police Department,True,False,No,0,0,1,2,0,Non-Incapacitating Injury,856,1,0,2012,Saturday,Pedalcyclist,Driveway Access,30.35812476,Daylight,-97.73030246,One Motor Vehicle - Going Straight,One Vehicle Leaving Driveway,Private Drive Or Road,False,NONE,City Street,"Straight, Level",Main/Proper Lane,On Roadway,45,BURNET RD,8001,Dry,None,Clear,Not Worn,-10879287.504919812,3549667.0044849096
12835250,True,False,Austin Police Department,False,False,No,0,0,0,3,0,Not Injured,1259,0,0,2012,Saturday,Pedalcyclist,Intersection Related,30.26526478,Daylight,-97.74385246,One Motor Vehicle - Turning Left,Not Applicable,Not Applicable,False,NONE,City Street,Unknown,Main/Proper Lane,On Roadway,35,W 3RD ST,100,Dry,Signal Light,Clear,Not Worn,-10880795.88402006,3537692.932004879
12835254,False,False,Austin Police Department,False,False,No,0,0,0,1,1,Possible Injury,1952,1,0,2012,Saturday,Pedalcyclist,Intersection Related,30.33474457,Daylight,-97.75200171,One Motor Vehicle - Going Straight,Not Applicable,Not Applicable,False,BIKE OF CYCLIST (COLNAGO),Farm To Market,Unknown,Main/Proper Lane,On Roadway,0,RM2222,2954,Dry,Signal Light,Clear,Not Worn,-10881703.054380408,3546651.1157760555
12805704,False,False,Austin Police Department,False,False,No,0,0,0,1,1,Possible Injury,1200,1,0,2012,Sunday,Pedalcyclist,Driveway Access,30.2505259,Daylight,-97.74934528,One Motor Vehicle - Turning Left,One Vehicle Entering Driveway,Private Drive Or Road,False,NONE,City Street,"Straight, Grade",Main/Proper Lane,On Roadway,0,S CONGRESS AVE,1321,Dry,None,Clear,Not Worn,-10881407.341945479,3535793.4308927795
12835312,False,False,Austin Police Department,True,False,No,0,0,1,0,0,Non-Incapacitating Injury,1721,1,1,2012,Wednesday,Pedalcyclist,Intersection,30.30274477,Daylight,-97.73815246,One Motor Vehicle - Turning Left,Not Applicable,Not Applicable,False,NONE,City Street,"Straight, Level",Main/Proper Lane,On Roadway,35,GUADALUPE ST,3801,Dry,Signal Light,Clear,Not Worn,-10880161.362922538,3542524.5218406403