Crash ID,$1000 Damage to Any One Person's Property,Active School Zone Flag,Agency,At Intersection Flag,Construction Zone Flag,Construction Zone Workers Present Flag,Crash Death Count,Crash Incapacitating Injury Count,Crash Non-incapacitating Injury Count,Crash Not Injured Count,Crash Possible Injury Count,Crash Severity,Crash Time,Crash Total Injury Count,Crash Unknown Injury Count,Crash Year,Day of Week,First Harmful Event,Intersection Related,Latitude,Light Condition,Longitude,Manner of Collision,Other Factor,Physical Feature 1,Private Drive Flag,Property Damages,Road Class,Roadway Alignment,Roadway Part,Roadway Relation,Speed Limit,Street Name,Street Number,Surface Condition,Traffic Control Type,Weather Condition,Person Helmet,MercatorX,MercatorY
12805382,True,False,Austin Police Department,True,False,No,0,0,1,1,0,Non-Incapacitating Injury,1755,1,0,2012,Thursday,Pedalcyclist,Intersection,30.30470477,Daylight,-97.75184246,One Motor Vehicle - Turning Right,Not Applicable,Not Applicable,False,NONE,City Street,"Straight, Level",Main/Proper Lane,On Roadway,30,KERBEY LN,3301,Dry,Stop Sign,Clear,"Worn, Not Damaged",-10881685.326751499,3542777.238560293
12805205,False,False,Austin Police Department,True,False,No,0,0,1,3,0,Non-Incapacitating Injury,1400,1,0,2012,Sunday,Pedalcyclist,Intersection Related,30.21683479,Daylight,-97.83423244,One Motor Vehicle - Going Straight,Not Applicable,Not Applicable,False,NONE,City Street,"Straight, Level",Main/Proper Lane,On Roadway,0,BANNOCKBURN DR,3998,Dry,Stop Sign,Cloudy,Not Worn,-10890856.937371565,3531452.4949792405
12816731,False,False,"Department Of Public Safety, State Of Texas",True,False,No,0,0,1,1,0,Non-Incapacitating Injury,741,1,0,2012,Monday,Pedalcyclist,Intersection,30.27558478,Daylight,-97.73481246,One Motor Vehicle - Turning Left,Not Applicable,Not Applicable,False,NONE,City Street,"Straight, Level",Main/Proper Lane,On Roadway,30,RED RIVER ST,1499,Dry,Signal Light,Clear,Not Worn,-10879789.555823289,3539023.111297304
12819682,False,False,Austin Police Department,True,False,No,0,0,1,1,0,Non-Incapacitating Injury,2010,1,0,2012,Wednesday,Pedalcyclist,Intersection Related,30.30033477,Daylight,-97.73968246,One Motor Vehicle - Going Straight,Not Applicable,Not Applicable,False,NONE,City Street,"Straight, Level",Main/Proper Lane,On Roadway,0,GUADALUPE ST,3401,Dry,Signal Light,Clear,Not Worn,-10880331.681743452,3542213.790350456
12819814,False,False,Austin Police Department,True,False,No,0,0,0,1,1,Possible Injury,2111,1,0,2012,Thursday,Pedalcyclist,Intersection Related,30.19035979,"Dark, Lighted",-97.77059653,One Motor Vehicle - Going Straight,Not Applicable,Not Applicable,False,NONE,Interstate,"Straight, Level",Service/Frontage Road,On Roadway,50,IH0035,NO DATA,Dry,Signal Light,Clear,Not Worn,-10883773.0202742,3528042.362854271
12840884,True,False,Austin Police Department,True,False,No,0,0,1,0,0,Non-Incapacitating Injury,2307,1,1,2012,Friday,Pedalcyclist,Intersection Related,30.21362479,"Dark, Lighted",-97.78047246,One Motor Vehicle - Turning Left,Not Applicable,Not Applicable,False,NONE,City Street,"Straight, Level",Main/Proper Lane,On Roadway,35,ABERDEEN DR,5199,Dry,None,Clear,Unknown If Worn,-10884872.403772911,3531038.9796626614
12828608,True,False,Austin Police Department,True,False,No,0,0,1,1,0,Non-Incapacitating Injury,1837,1,0,2012,Monday,Pedalcyclist,Intersection,30.19728479,Daylight,-97.77841246,One Motor Vehicle - Turning Left,Not Applicable,Not Applicable,False,NONE,City Street,"Straight, Level",Main/Proper Lane,On Roadway,30,EBERHART LN,122,Dry,None,Clear,"Worn, Unk Damage",-10884643.085621877,3528934.25407265
12828619,False,False,Austin Police Department,False,False,No,0,0,1,1,0,Non-Incapacitating Injury,2228,1,0,2012,Tuesday,Pedalcyclist,Non Intersection,30.22079479,"Dark, Lighted",-97.79406245,One Motor Vehicle - Going Straight,Not Applicable,Not Applicable,False,NONE,City Street,"Straight, Level",Main/Proper Lane,On Roadway,35,MANCHACA RD,5100,Dry,Center Stripe/Divider,Clear,Not Worn,-10886385.234539595,3531962.6446143454
12850446,False,False,Austin Police Department,True,False,No,0,0,1,2,0,Non-Incapacitating Injury,1951,1,0,2012,Tuesday,Pedalcyclist,Intersection,30.30483477,Daylight,-97.71590247,One Motor Vehicle - Turning Left,Not Applicable,Not Applicable,False,NONE,City Street,Unknown,Main/Proper Lane,On Roadway,45,E 46TH ST,NO DATA,Dry,Stop Sign,Clear,Not Worn,-10877684.505365582,3542794.0005622096
12828503,True,False,Austin Police Department,False,False,No,0,0,1,1,0,Non-Incapacitating Injury,824,1,0,2012,Wednesday,Pedalcyclist,Non Intersection,30.32076336,Daylight,-97.70700568,One Motor Vehicle - Going Straight,Not Applicable,Not Applicable,False,NONE,Interstate,"Curve, Level",Service/Frontage Road,On Roadway,45,IH0035,NO DATA,Dry,Yield Sign,Clear,Unknown If Worn,-10876694.119233089,3544847.9769493695
12828406,False,False,Austin Police Department,True,False,No,0,0,1,2,0,Non-Incapacitating Injury,1252,1,0,2012,Thursday,Pedalcyclist,Intersection,30.26805478,Daylight,-97.74281246,One Motor Vehicle - Turning Left,Not Applicable,Not Applicable,False,NONE,City Street,"Straight, Level",Main/Proper Lane,On Roadway,30,CONGRESS AVE,599,Dry,Signal Light,Clear,Not Worn,-10880680.111749634,3538052.5306380917
12879946,False,False,Austin Police Department,True,False,No,0,0,1,1,0,Non-Incapacitating Injury,757,1,0,2012,Friday,Pedalcyclist,Intersection,30.27356299,Daylight,-97.69790834,One Motor Vehicle - Turning Right,Not Applicable,Not Applicable,False,NONE,US & State Highways,"Straight, Hillcrest",Main/Proper Lane,On Roadway,45,SL0111,1149,Dry,Marked Lanes,Clear,"Worn, Damaged",-10875681.407976715,3538762.5050118724
12932906,True,False,Austin Police Department,True,False,No,0,0,1,0,0,Non-Incapacitating Injury,1806,1,3,2012,Saturday,Pedalcyclist,Intersection,30.27623478,Daylight,-97.70431245,One Motor Vehicle - Going Straight,Not Applicable,Not Applicable,False,NONE,City Street,"Straight, Level",Main/Proper Lane,On Roadway,35,E 12TH ST,3000,Dry,Stop Sign,Clear,Not Worn,-10876394.3102409,3539106.896651458
12885527,True,False,Austin Police Department,False,False,No,0,0,1,0,1,Non-Incapacitating Injury,1210,2,0,2012,Sunday,Pedalcyclist,Non Intersection,30.33402857,Daylight,-97.73812153,One Motor Vehicle - Going Straight,Not Applicable,Not Applicable,False,NONE,Farm To Market,"Straight, Level",Main/Proper Lane,On Roadway,35,RM2222,1983,Dry,Marked Lanes,Clear,Not Worn,-10880157.919810688,3546558.767914938
12878703,False,False,Austin Police Department,True,False,No,0,0,1,1,0,Non-Incapacitating Injury,830,1,0,2012,Monday,Pedalcyclist,Intersection,30.36697476,Daylight,-97.70061247,One Motor Vehicle - Going Straight,Not Applicable,Not Applicable,False,NONE,City Street,"Straight, Level",Main/Proper Lane,On Roadway,35,RUTLAND DR,1004,Dry,Signal Light,Clear,Not Worn,-10875982.430351354,3550808.7835513763
12839825,True,False,Austin Police Department,False,False,No,0,0,1,1,0,Non-Incapacitating Injury,1040,1,0,2012,Tuesday,Pedalcyclist,Intersection Related,30.27355807,Daylight,-97.69794945,One Motor Vehicle - Going Straight,Not Applicable,Not Applicable,False,NONE,City Street,"Straight, Level",Main/Proper Lane,On Roadway,30,OAK SPRINGS DR,3292,Dry,Signal Light,Clear,Not Worn,-10875685.984320981,3538761.8708363716
12839592,False,False,Austin Police Department,True,False,No,0,0,1,1,0,Non-Incapacitating Injury,932,1,0,2012,Thursday,Pedalcyclist,Intersection,30.30996477,Daylight,-97.74006246,One Motor Vehicle - Going Straight,Not Applicable,Not Applicable,False,NONE,City Street,"Straight, Level",Main/Proper Lane,On Roadway,30,W 42ND ST,1000,Dry,None,Clear,Not Worn,-10880373.983149953,3543455.47269271
12878783,False,False,Austin Police Department,True,False,No,0,0,1,0,0,Non-Incapacitating Injury,1739,1,1,2012,Thursday,Pedalcyclist,Intersection,30.30949526,Daylight,-97.71035288,One Motor Vehicle - Turning Left,Not Applicable,Not Applicable,False,NONE,Interstate,"Straight, Level",Service/Frontage Road,On Roadway,50,IH0035,NO DATA,Dry,Signal Light,Clear,Not Worn,-10877066.727832671,3543394.931725193
12839484,False,False,Austin Police Department,True,False,No,0,0,1,1,0,Non-Incapacitating Injury,1651,1,0,2012,Friday,Pedalcyclist,Intersection Related,30.29099477,Daylight,-97.73475246,One Motor Vehicle - Turning Right,Not Applicable,Not Applicable,False,NONE,City Street,"Straight, Level",Main/Proper Lane,On Roadway,35,DUVAL ST,NO DATA,Dry,Signal Light,Clear,"Worn, Not Damaged",-10879782.87665384,3541009.616806417
12839520,True,False,Austin Police Department,True,False,No,0,0,1,1,0,Non-Incapacitating Injury,1702,1,0,2012,Saturday,Pedalcyclist,Intersection,30.28793478,Daylight,-97.74463246,One Motor Vehicle - Going Straight,Not Applicable,Not Applicable,False,NONE,City Street,"Straight, Level",Main/Proper Lane,On Roadway,35,W 24TH ST,700,Dry,Signal Light,Clear,Not Worn,-10880882.71322288,3540615.127933261
12848139,False,False,Austin Police Department,True,False,No,0,0,1,0,0,Non-Incapacitating Injury,325,1,1,2012,Sunday,Pedalcyclist,Intersection,30.28312424,"Dark, Lighted",-97.70035514,One Motor Vehicle - Turning Right,Not Applicable,Not Applicable,False,NONE,Farm To Market,"Straight, Level",Main/Proper Lane,On Roadway,45,FM0969,1901,Dry,None,Clear,Not Worn,-10875953.784506788,3539994.9859134615
12848305,False,False,Austin Police Department,True,False,No,0,0,1,0,0,Non-Incapacitating Injury,2145,1,1,2012,Sunday,Pedalcyclist,Intersection Related,30.3630463,"Dark, Lighted",-97.69702522,One Motor Vehicle - Going Straight,Not Applicable,Not Applicable,False,NONE,US & State Highways,"Straight, Level",Main/Proper Lane,On Roadway,0,SL0275,NO DATA,Dry,Signal Light,Clear,Not Worn,-10875583.099508006,3550301.9421676407
12848133,False,False,Austin Police Department,False,False,No,0,0,1,1,0,Non-Incapacitating Injury,1726,1,0,2012,Monday,Pedalcyclist,Driveway Access,30.28061478,Daylight,-97.74198246,One Motor Vehicle - Turning Right,One Vehicle Entering Driveway,Private Drive Or Road,False,NONE,City Street,"Straight, Level",Other (Explain In Narrative),On Roadway,35,GUADALUPE ST,1800,Dry,None,Clear,Not Worn,-10880587.716572277,3539671.495506777
12848185,False,False,Austin Police Department,False,True,No,0,1,0,2,0,Incapacitating Injury,1805,1,0,2012,Wednesday,Pedalcyclist,Non Intersection,30.32970894,Daylight,-97.63866607,One Motor Vehicle - Going Straight,Construction - Within Posted Road Construction Zone (Not Related To Crash),Not Applicable,False,BICYCLE,US & State Highways,"Straight, Level",Main/Proper Lane,On Roadway,55,US0290,NO DATA,Dry,Marked Lanes,Clear,Not Worn,-10869086.588646878,3546001.6473360662
12848409,False,False,Austin Police Department,False,False,No,0,0,1,0,0,Non-Incapacitating Injury,2230,1,1,2012,Wednesday,Pedalcyclist,Non Intersection,30.32562351,"Dark, Lighted",-97.72653448,One Motor Vehicle - Going Straight,Swerved Or Veered-Reason Not Specified,Not Applicable,False,NONE,Interstate,"Straight, Level",Main/Proper Lane,On Roadway,40,N LAMAR BLVD,NO DATA,Dry,Marked Lanes,Clear,"Worn, Unk Damage",-10878868.055304892,3545474.7551122005
12848180,False,False,Austin Police Department,False,True,Yes,0,0,0,1,1,Possible Injury,831,1,0,2012,Thursday,Pedalcyclist,Intersection Related,30.30268477,Daylight,-97.74471246,One Motor Vehicle - Going Straight,Construction - Within Posted Road Construction Zone (Not Related To Crash),Not Applicable,False,NONE,Interstate,"Straight, Level",Main/Proper Lane,On Roadway,30,W 34TH ST,1000,Dry,Signal Light,Clear,Not Worn,-10880891.618782142,3542516.7856942285
12848460,False,False,Austin Police Department,False,False,No,0,0,1,1,0,Non-Incapacitating Injury,1,1,0,2012,Friday,Pedalcyclist,Non Intersection,30.34835668,"Dark, Unknown Lighting",-97.73566622,One Motor Vehicle - Going Straight,Not Applicable,Not Applicable,False,NONE,City Street,"Straight, Level",Main/Proper Lane,On Roadway,0,BURNET RD,7227,Dry,Marked Lanes,Clear,Not Worn,-10879884.595951749,3548406.899628901
12885534,False,False,Austin Police Department,True,False,No,0,0,0,1,0,Not Injured,1946,0,1,2012,Friday,Pedalcyclist,Intersection Related,30.21424316,Daylight,-97.79501915,One Motor Vehicle - Turning Right,Not Applicable,Not Applicable,False,NONE,US & State Highways,"Straight, Level",Main/Proper Lane,On Roadway,0,KINGS HWY,5597,Dry,Stop Sign,Clear,Not Worn,-10886491.733896438,3531118.637637262
12863606,False,False,Austin Police Department,False,False,No,0,0,0,2,1,Possible Injury,1151,1,0,2012,Saturday,Pedalcyclist,Driveway Access,30.36626781,Daylight,-97.69518614,One Motor Vehicle - Turning Right,One Vehicle Entering Driveway,Private Drive Or Road,False,NONE,US & State Highways,"Straight, Level",Main/Proper Lane,On Roadway,45,SL0275,9675,Dry,None,Cloudy,Not Worn,-10875378.374058878,3550717.5728942724
12864561,True,False,Austin Police Department,True,False,No,0,1,0,1,0,Incapacitating Injury,1258,1,0,2012,Saturday,Pedalcyclist,Intersection,30.38954926,Daylight,-97.74504852,One Motor Vehicle - Going Straight,Not Applicable,Not Applicable,False,NONE,US & State Highways,"Straight, Level",Main/Proper Lane,On Roadway,0,US0183,NO DATA,Wet,Flashing Red Light,Rain,"Worn, Not Damaged",-10880929.028810218,3553721.6913657556
12864513,True,False,Austin Police Department,False,False,No,0,1,0,2,0,Incapacitating Injury,2105,1,0,2012,Wednesday,Pedalcyclist,Driveway Access,30.24344233,"Dark, Lighted",-97.75195526,One Motor Vehicle - Turning Left,One Vehicle Entering Driveway,Entrance To Or Exit From Private Property Or Driveway,False,CERNTO BICYCLE,City Street,"Straight, Level",Main/Proper Lane,On Roadway,35,CONGRESS AVE S,2102,Dry,None,Clear,"Worn, Not Damaged",-10881697.88359006,3534880.6237697997
12870282,False,False,Austin Police Department,False,False,No,0,0,1,1,0,Non-Incapacitating Injury,2353,1,0,2012,Wednesday,Pedalcyclist,Non Intersection,30.26237289,"Dark, Not Lighted",-97.7246249,One Motor Vehicle - Going Straight,Not Applicable,Not Applicable,False,NONE,City Street,"Straight, Level",Main/Proper Lane,On Roadway,30,E 6TH ST,1691,Dry,None,Clear,"Worn, Not Damaged",-10878655.481831662,3537320.2117171763
13027342,True,False,Austin Police Department,True,False,No,0,0,0,1,1,Possible Injury,1110,1,0,2012,Wednesday,Pedalcyclist,Intersection Related,30.28664478,Daylight,-97.74477246,One Motor Vehicle - Turning Left,Not Applicable,Not Applicable,False,NONE,City Street,"Straight, Level",Main/Proper Lane,On Roadway,0,RIO GRANDE ST,2299,Dry,Other (Explain In Narrative),Clear,Not Worn,-10880898.29795159,3540448.8269443046
12908625,False,False,Austin Police Department,False,False,No,0,0,1,2,0,Non-Incapacitating Injury,1510,1,0,2012,Thursday,Pedalcyclist,Driveway Access,30.28135268,Daylight,-97.74166547,One Motor Vehicle - Turning Left,One Vehicle Entering Driveway,Entrance To Or Exit From Private Property Or Driveway,False,NONE,City Street,Unknown,Main/Proper Lane,On Roadway,0,GUADALUPE ST,1845,Dry,None,Clear,Not Worn,-10880552.42940689,3539766.616136809
12870442,False,False,Austin Police Department,False,False,No,0,0,1,1,0,Non-Incapacitating Injury,1756,1,0,2012,Friday,Pedalcyclist,Driveway Access,30.23220541,Daylight,-97.73670098,One Motor Vehicle - Turning Left,One Vehicle Entering Driveway,Entrance To Or Exit From Private Property Or Driveway,False,NONE,City Street,"Straight, Level",Main/Proper Lane,On Roadway,35,E OLTORF ST,NO DATA,Dry,None,Clear,Not Worn,-10879999.784908041,3533432.7401995095
12908624,False,False,Austin Police Department,False,False,No,0,0,1,1,0,Non-Incapacitating Injury,1824,1,0,2012,Saturday,Pedalcyclist,Non Intersection,30.24800714,Daylight,-97.75042336,One Motor Vehicle - Going Straight,Not Applicable,Not Applicable,False,NONE,City Street,Unknown,Main/Proper Lane,On Roadway,0,MONROE ST W,113,Dry,None,Clear,Not Worn,-10881527.353262115,3535468.8494351604
12864428,True,False,Austin Police Department,False,False,No,0,0,1,0,0,Non-Incapacitating Injury,50,1,3,2012,Monday,Pedalcyclist,Non Intersection,30.30041977,Unknown,-97.71308747,One Motor Vehicle - Going Straight,Not Applicable,Not Applicable,False,NONE,City Street,"Straight, Level",Main/Proper Lane,On Roadway,40,AIRPORT BLVD,4400,Dry,Marked Lanes,Clear,Unknown If Worn,-10877371.140999,3542224.749629918
12948208,False,False,Austin Police Department,True,False,No,0,0,1,1,0,Non-Incapacitating Injury,1620,1,0,2012,Monday,Pedalcyclist,Intersection,30.29689477,Daylight,-97.73093246,One Motor Vehicle - Turning Left,Not Applicable,Not Applicable,False,NONE,City Street,"Straight, Level",Main/Proper Lane,On Roadway,35,DUVAL ST,3501,Dry,Stop Sign,Clear,Not Worn,-10879357.636199012,3541770.2698362954
12870253,False,False,Austin Police Department,False,False,No,0,1,0,1,0,Incapacitating Injury,1722,1,0,2012,Tuesday,Pedalcyclist,Intersection,30.2702227,Daylight,-97.73583285,One Motor Vehicle - Turning Left,Not Applicable,Not Applicable,False,NONE,City Street,"Straight, Grade",Main/Proper Lane,On Roadway,35,E 10TH ST,592,Dry,Signal Light,Clear,Unknown If Worn,-10879903.1451185,3538331.9574315036
12870434,False,False,Austin Police Department,False,False,No,0,1,0,1,0,Incapacitating Injury,828,1,0,2012,Tuesday,Pedalcyclist,Non Intersection,30.33788088,Daylight,-97.71888691,One Motor Vehicle - Turning Left,Not Applicable,Alley,False,NONE,Interstate,"Straight, Level",Other (Explain In Narrative),On Roadway,5,N LAMAR BLVD,NO DATA,Dry,None,Clear,Not Worn,-10878016.731706686,3547055.6370304935
12972243,False,False,Austin Police Department,True,False,No,0,0,1,1,0,Non-Incapacitating Injury,742,1,0,2012,Wednesday,Pedalcyclist,Intersection,30.28793478,Daylight,-97.74463246,One Motor Vehicle - Turning Left,Not Applicable,Not Applicable,False,NONE,City Street,"Straight, Level",Main/Proper Lane,On Roadway,30,W 24TH ST,700,Dry,Signal Light,Clear,Not Worn,-10880882.71322288,3540615.127933261
12880149,False,False,Austin Police Department,True,False,No,0,0,1,1,0,Non-Incapacitating Injury,1842,1,0,2012,Thursday,Pedalcyclist,Intersection,30.42903475,Daylight,-97.75113245,One Motor Vehicle - Going Straight,Not Applicable,Not Applicable,False,NONE,City Street,"Straight, Level",Service/Frontage Road,On Roadway,0,RESEARCH PARK LOOP,NO DATA,Dry,Marked Lanes,Clear,"Worn, Damaged",-10881606.288799841,3558818.3330377573
13088442,False,False,Austin Police Department,False,False,No,0,0,1,1,0,Non-Incapacitating Injury,2015,1,0,2012,Thursday,Pedalcyclist,Driveway Access,30.40089494,"Dark, Lighted",-97.74878812,One Motor Vehicle - Turning Left,One Vehicle Entering Driveway,Entrance To Or Exit From Private Property Or Driveway,False,NONE,City Street,"Straight, Level",Main/Proper Lane,On Roadway,0,JOLLYVILLE RD,10744,Dry,Bike Lane,Clear,Not Worn,-10881345.319177989,3555185.9389303527
12972046,False,False,Austin Police Department,True,False,No,0,0,1,4,0,Non-Incapacitating Injury,2038,1,0,2012,Sunday,Pedalcyclist,Intersection,30.29195477,"Dark, Lighted",-97.74119246,One Motor Vehicle - Turning Right,Not Applicable,Not Applicable,False,NONE,City Street,"Straight, Level",Main/Proper Lane,On Roadway,30,GUADALUPE ST,2701,Dry,Signal Light,Clear,Unknown If Worn,-10880499.774174549,3541133.380962084
12879908,False,False,Austin Police Department,True,False,No,0,0,1,1,0,Non-Incapacitating Injury,1844,1,0,2012,Wednesday,Pedalcyclist,Intersection,30.20703479,Daylight,-97.83498244,One Motor Vehicle - Turning Left,Attention Diverted From Driving,Not Applicable,False,NONE,City Street,"Straight, Level",Main/Proper Lane,On Roadway,30,HARPERS FERRY LN,3500,Dry,Signal Light,Clear,Not Worn,-10890940.426989662,3530190.091739548
12972242,False,False,Austin Police Department,True,False,No,0,0,0,2,0,Not Injured,46,0,0,2012,Friday,Pedalcyclist,Intersection,30.26303478,"Dark, Not Lighted",-97.72651247,One Motor Vehicle - Turning Left,Attention Diverted From Driving,Not Applicable,False,NONE,City Street,Other (Explain In Narrative),Main/Proper Lane,On Roadway,30,E 6TH ST,1600,Dry,Signal Light,Clear,Unknown If Worn,-10878865.6051629,3537405.518222584
13088429,False,False,Austin Police Department,True,False,No,0,0,0,1,1,Possible Injury,843,1,0,2012,Friday,Pedalcyclist,Intersection Related,30.26841478,Daylight,-97.72715247,One Motor Vehicle - Going Straight,Open Door Or Object Projecting From Vehicle,Not Applicable,False,NONE,City Street,"Curve, Level",Main/Proper Lane,On Roadway,30,E 11TH ST,1212,Dry,Signal Light,Clear,"Worn, Not Damaged",-10878936.849637007,3538098.9312060894
12890348,False,False,Austin Police Department,True,False,No,0,0,1,1,0,Non-Incapacitating Injury,1828,1,0,2012,Saturday,Pedalcyclist,Driveway Access,30.27377478,Daylight,-97.76337246,One Motor Vehicle - Going Straight,One Vehicle Leaving Driveway,Private Drive Or Road,False,NONE,City Street,"Straight, Level",Main/Proper Lane,On Roadway,0,W 5TH ST,1598,Dry,None,Clear,Unknown If Worn,-10882968.840480344,3538789.804234977
12890404,False,False,Austin Police Department,True,False,No,0,0,1,2,0,Non-Incapacitating Injury,951,1,0,2012,Saturday,Pedalcyclist,Intersection,30.43727953,Daylight,-97.73587539,One Motor Vehicle - Going Straight,Not Applicable,Not Applicable,False,NONE,Farm To Market,"Straight, Level",Main/Proper Lane,On Roadway,60,FM0734,5524,Dry,Stop Sign,Clear,"Worn, Damaged",-10879907.88064964,3559882.7991673173
12890316,True,False,Austin Police Department,False,False,No,0,0,0,1,1,Possible Injury,1300,1,0,2012,Sunday,Pedalcyclist,Driveway Access,30.2324389,Daylight,-97.80095082,One Motor Vehicle - Going Straight,One Vehicle Leaving Driveway,Entrance To Or Exit From Private Property Or Driveway,False,NONE,US & State Highways,"Straight, Level",Service/Frontage Road,On Roadway,45,US0290,NO DATA,Dry,None,Clear,Not Worn,-10887152.044380391,3533462.8238358097
12972024,False,False,Austin Police Department,True,False,No,0,1,0,3,0,Incapacitating Injury,924,1,0,2012,Tuesday,Pedalcyclist,Intersection,30.26440478,Daylight,-97.73049247,One Motor Vehicle - Going Straight,Not Applicable,Not Applicable,False,BICYCLE,City Street,"Straight, Level",Main/Proper Lane,On Roadway,35,E 6TH ST,1200,Dry,Stop Sign,Clear,Not Worn,-10879308.656736258,3537582.0900420393
12890519,False,False,Austin Police Department,False,False,No,0,0,0,1,1,Possible Injury,2218,1,0,2012,Wednesday,Pedalcyclist,Non Intersection,30.30886536,"Dark, Lighted",-97.74076704,One Motor Vehicle - Going Straight,Vehicle Changing Lanes,Not Applicable,False,NONE,US & State Highways,"Straight, Level",Main/Proper Lane,On Roadway,40,N LAMAR BLVD,4093,Dry,Marked Lanes,Clear,Not Worn,-10880452.416636776,3543313.7097244677
12901474,False,False,Austin Police Department,True,False,No,0,1,0,1,0,Incapacitating Injury,808,1,0,2012,Friday,Pedalcyclist,Intersection,30.16027327,Daylight,-97.74481633,One Motor Vehicle - Going Straight,Not Applicable,Not Applicable,False,NONE,City Street,"Straight, Level",Main/Proper Lane,On Roadway,35,SALT SPRINGS DR,8009,Wet,Stop Sign,Rain,Not Worn,-10880903.18153765,3524168.1588456426
12901516,False,False,Austin Police Department,False,False,No,0,0,1,1,0,Non-Incapacitating Injury,1354,1,0,2012,Friday,Pedalcyclist,Driveway Access,30.32469523,Daylight,-97.72711989,One Motor Vehicle - Turning Left,One Vehicle Leaving Driveway,Private Drive Or Road,False,NONE,US & State Highways,"Straight, Level",Main/Proper Lane,On Roadway,0,N LAMAR BLVD,5615,Wet,None,Cloudy,Unknown If Worn,-10878933.222847996,3545355.039196039
13061976,False,False,Austin Police Department,False,False,No,0,0,1,1,0,Non-Incapacitating Injury,540,1,0,2012,Friday,Pedalcyclist,Driveway Access,30.28624123,"Dark, Lighted",-97.74277319,One Motor Vehicle - Turning Left,One Vehicle Entering Driveway,Entrance To Or Exit From Private Property Or Driveway,False,NONE,City Street,"Straight, Level",Main/Proper Lane,On Roadway,30,SAN ANTONIO ST,2279,Wet,None,Rain,"Worn, Not Damaged",-10880675.740233231,3540396.803545221
12901661,True,False,Austin Police Department,True,False,No,0,0,1,1,0,Non-Incapacitating Injury,2230,1,0,2012,Monday,Pedalcyclist,Intersection,30.26390097,"Dark, Not Lighted",-97.73535224,One Motor Vehicle - Going Straight,Not Applicable,RR Grade Crossing,False,NONE,Interstate,"Straight, Level",Service/Frontage Road,On Roadway,30,IH0035,NO DATA,Dry,Crosswalk,Clear,Not Worn,-10879849.643858029,3537517.1564356694
12911833,True,False,Austin Police Department,False,False,No,0,0,1,0,0,Non-Incapacitating Injury,1432,1,1,2012,Wednesday,Pedalcyclist,Driveway Access,30.39728017,Daylight,-97.74995096,One Motor Vehicle - Turning Right,One Vehicle Entering Driveway,Private Drive Or Road,False,NONE,City Street,"Straight, Level",Main/Proper Lane,On Roadway,35,JOLLYVILLE RD,10232,Dry,Bike Lane,Clear,Not Worn,-10881474.765934663,3554719.406502367
12911835,False,False,Austin Police Department,True,False,No,0,0,1,1,0,Non-Incapacitating Injury,1800,1,0,2012,Wednesday,Pedalcyclist,Intersection,30.42336475,Daylight,-97.68124247,One Motor Vehicle - Turning Right,Not Applicable,Not Applicable,False,NONE,City Street,"Straight, Level",Main/Proper Lane,On Roadway,45,LYNNVILLE TRL,NO DATA,Dry,Signal Light,Clear,Not Worn,-10873826.171814688,3558086.343527906
12911818,False,False,Austin Police Department,True,False,No,0,0,1,1,0,Non-Incapacitating Injury,2111,1,0,2012,Thursday,Pedalcyclist,Intersection,30.23356479,"Dark, Lighted",-97.72378247,One Motor Vehicle - Turning Left,Not Applicable,Not Applicable,False,NONE,City Street,"Straight, Grade",Main/Proper Lane,On Roadway,35,S PLEASANT VALLEY RD,NO DATA,Dry,Signal Light,Clear,Not Worn,-10878561.702953033,3533607.888290122
12911825,False,False,Austin Police Department,True,False,No,0,0,1,1,0,Non-Incapacitating Injury,1746,1,0,2012,Thursday,Pedalcyclist,Intersection Related,30.32592761,Daylight,-97.72633641,One Motor Vehicle - Turning Left,Not Applicable,Not Applicable,False,NONE,Farm To Market,"Straight, Level",Main/Proper Lane,On Roadway,40,RM2222,NO DATA,Dry,Signal Light,Clear,Unknown If Worn,-10878846.00625335,3545513.973709097
13039494,False,False,Austin Police Department,False,False,No,0,0,0,1,1,Possible Injury,835,1,0,2012,Thursday,Pedalcyclist,Driveway Access,30.23271338,Daylight,-97.86426804,One Motor Vehicle - Turning Right,One Vehicle Entering Driveway,Entrance To Or Exit From Private Property Or Driveway,False,NONE,City Street,"Curve, Grade",Main/Proper Lane,On Roadway,40,W WILLIAM CANNON DR,6291,Dry,None,Clear,"Worn, Unk Damage",-10894200.485069238,3533498.188852827