Crash ID,$1000 Damage to Any One Person's Property,Active School Zone Flag,Agency,At Intersection Flag,Construction Zone Flag,Construction Zone Workers Present Flag,Crash Death Count,Crash Incapacitating Injury Count,Crash Non-incapacitating Injury Count,Crash Not Injured Count,Crash Possible Injury Count,Crash Severity,Crash Time,Crash Total Injury Count,Crash Unknown Injury Count,Crash Year,Day of Week,First Harmful Event,Intersection Related,Latitude,Light Condition,Longitude,Manner of Collision,Other Factor,Physical Feature 1,Private Drive Flag,Property Damages,Road Class,Roadway Alignment,Roadway Part,Roadway Relation,Speed Limit,Street Name,Street Number,Surface Condition,Traffic Control Type,Weather Condition,Person Helmet,MercatorX,MercatorY
12924110,False,False,Austin Police Department,True,False,No,0,0,0,1,1,Possible Injury,1844,1,0,2012,Friday,Pedalcyclist,Intersection,30.26522478,Daylight,-97.74003246,One Motor Vehicle - Going Straight,Not Applicable,Not Applicable,False,BICYCLE,City Street,"Straight, Level",Main/Proper Lane,On Roadway,30,TRINITY ST,399,Dry,Stop Sign,Clear,"Worn, Not Damaged",-10880370.64356523,3537687.7765432196
12963784,False,False,Austin Police Department,False,False,No,0,0,1,1,0,Non-Incapacitating Injury,1217,1,0,2012,Friday,Pedalcyclist,Driveway Access,30.21220479,Daylight,-97.74825247,One Motor Vehicle - Going Straight,One Vehicle Leaving Driveway,Entrance To Or Exit From Private Property Or Driveway,False,NONE,City Street,"Straight, Level",Main/Proper Lane,On Roadway,35,FREIDRICH LN,4200,Dry,Stop Sign,Clear,Not Worn,-10881285.690892745,3530856.0581880673
12972052,False,False,Austin Police Department,True,False,No,0,0,0,1,1,Possible Injury,1243,1,0,2012,Saturday,Pedalcyclist,Intersection,30.28651478,Daylight,-97.74275246,One Motor Vehicle - Going Straight,Not Applicable,Not Applicable,False,NONE,City Street,"Straight, Level",Main/Proper Lane,On Roadway,30,SAN ANTONIO ST,2299,Dry,Stop Sign,Clear,"Worn, Not Damaged",-10880673.432580188,3540432.0680512064
13138443,True,False,Austin Police Department,False,False,No,1,0,0,0,1,Killed,435,1,0,2012,Sunday,Pedalcyclist,Non Intersection,30.25967655,"Dark, Lighted",-97.74590146,One Motor Vehicle - Going Straight,Vehicle Changing Lanes,Not Applicable,False,NONE,City Street,"Straight, Level",Main/Proper Lane,On Roadway,35,CONGRESS AVE S,213,Dry,None,Clear,Not Worn,-10881023.977656696,3536972.704714749
12924151,False,False,Austin Police Department,False,False,No,0,0,1,1,0,Non-Incapacitating Injury,1717,1,0,2012,Friday,Pedalcyclist,Non Intersection,30.29580479,Daylight,-97.72329246,One Motor Vehicle - Going Straight,Vehicle Passing Or Attempting To Pass On Left,Not Applicable,False,NONE,City Street,"Straight, Level",Main/Proper Lane,On Roadway,30,RED RIVER ST,3800,Dry,None,Cloudy,"Worn, Not Damaged",-10878507.15528935,3541629.741544493
12988054,False,False,Austin Police Department,True,False,No,0,1,0,1,0,Incapacitating Injury,1305,1,0,2012,Saturday,Pedalcyclist,Intersection Related,30.26339563,Daylight,-97.74449683,One Motor Vehicle - Turning Right,Not Applicable,Not Applicable,False,BICYCLE,US & State Highways,"Straight, Level",Main/Proper Lane,On Roadway,30,SL0343,100,Dry,Signal Light,Cloudy,"Worn, Not Damaged",-10880867.614960343,3537452.0259697665
12994559,True,False,Austin Police Department,True,False,No,0,0,1,1,0,Non-Incapacitating Injury,1756,1,0,2012,Tuesday,Pedalcyclist,Intersection,30.23550479,Daylight,-97.75636246,One Motor Vehicle - Turning Left,Not Applicable,Not Applicable,False,NONE,City Street,"Straight, Level",Main/Proper Lane,On Roadway,0,CONGRESS AVE S,2701,Dry,Signal Light,Clear,Not Worn,-10882188.490849884,3533857.8500356195
12923981,False,False,Austin Police Department,True,True,No,0,0,1,1,0,Non-Incapacitating Injury,1649,1,0,2012,Wednesday,Pedalcyclist,Intersection,30.26902478,Daylight,-97.74982246,One Motor Vehicle - Going Straight,Construction - Within Posted Road Construction Zone (Not Related To Crash),Not Applicable,False,NONE,City Street,"Straight, Level",Main/Proper Lane,On Roadway,30,RIO GRANDE ST,499,Dry,Stop Sign,Clear,Not Worn,-10881460.461380096,3538177.55477917
12988081,False,False,Austin Police Department,True,False,No,0,0,1,1,0,Non-Incapacitating Injury,606,1,0,2012,Thursday,Pedalcyclist,Intersection,30.3367174,"Dark, Lighted",-97.7195588,One Motor Vehicle - Turning Right,Not Applicable,Not Applicable,False,NONE,City Street,"Straight, Level",Main/Proper Lane,On Roadway,0,JUSTIN LN,801,Dry,Signal Light,Cloudy,Unknown If Worn,-10878091.526159355,3546905.5698716487
12937106,True,False,Austin Police Department,True,False,No,0,0,1,1,0,Non-Incapacitating Injury,954,1,0,2012,Friday,Pedalcyclist,Intersection,30.41135724,Daylight,-97.68668309,One Motor Vehicle - Turning Right,Not Applicable,Not Applicable,False,NONE,Farm To Market,"Straight, Level",Main/Proper Lane,On Roadway,50,FM0734,1601,Dry,Bike Lane,Clear,Not Worn,-10874431.81886269,3556536.3302608314
12988074,True,False,Austin Police Department,False,False,No,0,0,1,1,0,Non-Incapacitating Injury,1803,1,0,2012,Friday,Pedalcyclist,Driveway Access,30.29381415,Daylight,-97.73530853,One Motor Vehicle - Turning Left,One Vehicle Leaving Driveway,Entrance To Or Exit From Private Property Or Driveway,False,NONE,City Street,"Straight, Level",Main/Proper Lane,On Roadway,30,SPEEDWAY,3088,Dry,Bike Lane,Cloudy,Not Worn,-10879844.778083086,3541373.0975280497
12936944,True,False,Austin Police Department,True,False,No,0,0,1,1,0,Non-Incapacitating Injury,1530,1,0,2012,Saturday,Pedalcyclist,Intersection,30.21655804,Daylight,-97.84514825,One Motor Vehicle - Going Straight,Not Applicable,Not Applicable,False,NONE,US & State Highways,"Straight, Level",Main/Proper Lane,On Roadway,40,SL0001,4577,Dry,Signal Light,Clear,Not Worn,-10892072.079782361,3531416.843244074
12937033,False,False,Austin Police Department,False,False,No,0,1,0,1,0,Incapacitating Injury,1110,1,0,2012,Saturday,Pedalcyclist,Driveway Access,30.37673292,Daylight,-97.77969863,One Motor Vehicle - Turning Right,One Vehicle Entering Driveway,Entrance To Or Exit From Private Property Or Driveway,False,TREK BICYCLE,US & State Highways,"Straight, Level",Main/Proper Lane,On Roadway,55,SL0360,NO DATA,Dry,Marked Lanes,Cloudy,"Worn, Not Damaged",-10884786.261411348,3552067.8482930833
12972164,True,False,Austin Police Department,True,False,No,0,0,0,4,1,Possible Injury,1651,1,0,2012,Saturday,Pedalcyclist,Intersection,30.29172477,Daylight,-97.73424246,One Motor Vehicle - Going Straight,Not Applicable,Not Applicable,False,NONE,City Street,Unknown,Main/Proper Lane,On Roadway,35,DUVAL ST,2907,Dry,Stop Sign,Clear,Unknown If Worn,-10879726.103713537,3541103.729022777
13024910,False,False,Austin Police Department,True,False,No,0,0,1,0,0,Non-Incapacitating Injury,226,1,2,2012,Saturday,Pedalcyclist,Intersection,30.26118478,"Dark, Unknown Lighting",-97.72739247,One Motor Vehicle - Turning Left,Not Applicable,Not Applicable,False,NONE,City Street,"Straight, Level",Main/Proper Lane,On Roadway,0,E 4TH ST,1600,Dry,Stop Sign,Clear,"Worn, Damaged",-10878963.566314798,3537167.0857333643
13027786,False,False,Austin Police Department,False,False,No,0,0,0,2,1,Possible Injury,2159,1,0,2012,Saturday,Pedalcyclist,Non Intersection,30.28035513,"Dark, Lighted",-97.73707413,One Motor Vehicle - Going Straight,Not Applicable,Not Applicable,False,NONE,City Street,"Straight, Grade",Main/Proper Lane,On Roadway,35,E MARTIN LUTHER KING JR BLVD,170,Dry,Bike Lane,Clear,Not Worn,-10880041.32377603,3539638.024919914
12937050,True,False,Austin Police Department,True,False,No,0,0,1,1,0,Non-Incapacitating Injury,1325,1,0,2012,Monday,Pedalcyclist,Intersection Related,30.23230479,Daylight,-97.72039247,One Motor Vehicle - Turning Right,Not Applicable,Not Applicable,False,BICYCLE,City Street,"Straight, Level",Main/Proper Lane,On Roadway,30,WICKERSHAM LN,2001,Dry,Crosswalk,Clear,Not Worn,-10878184.329879245,3533445.544643969
12937065,False,False,Austin Police Department,False,False,No,0,0,1,1,0,Non-Incapacitating Injury,1536,1,0,2012,Tuesday,Pedalcyclist,Non Intersection,30.29310051,Daylight,-97.73600342,One Motor Vehicle - Going Straight,Not Applicable,Not Applicable,False,NONE,City Street,"Curve, Grade",Main/Proper Lane,On Roadway,30,SAN JACINTO BLVD,NO DATA,Dry,None,Clear,Not Worn,-10879922.132884044,3541281.0924890786
12936864,False,False,Austin Police Department,True,False,No,0,0,1,1,0,Non-Incapacitating Injury,1950,1,0,2012,Thursday,Pedalcyclist,Intersection,30.26899478,"Dark, Lighted",-97.74246246,One Motor Vehicle - Turning Left,Not Applicable,Not Applicable,False,NONE,City Street,"Straight, Level",Main/Proper Lane,On Roadway,25,CONGRESS AVE,699,Dry,Signal Light,Clear,Not Worn,-10880641.149927858,3538173.6880346457
13061973,False,False,Austin Police Department,True,False,No,0,0,1,1,0,Non-Incapacitating Injury,837,1,0,2012,Thursday,Pedalcyclist,Intersection,30.1742048,Daylight,-97.79484245,One Motor Vehicle - Going Straight,Not Applicable,Not Applicable,False,NONE,City Street,"Straight, Level",Main/Proper Lane,On Roadway,40,RALPH ABLANEDO DR,561,Dry,Stop Sign,Clear,Not Worn,-10886472.063742414,3525961.957703702
12948157,False,False,Austin Police Department,True,False,No,0,0,0,1,1,Possible Injury,1008,1,0,2012,Friday,Pedalcyclist,Intersection Related,30.28778478,Daylight,-97.74263246,One Motor Vehicle - Turning Left,Attention Diverted From Driving,Not Applicable,False,NONE,City Street,"Straight, Level",Main/Proper Lane,On Roadway,30,W 24TH ST,504,Dry,Signal Light,Cloudy,"Worn, Not Damaged",-10880660.074241292,3540595.7904966054
12948822,True,False,Austin Police Department,False,False,No,0,1,0,1,0,Incapacitating Injury,431,1,0,2012,Friday,Parked Car,Non Intersection,30.28020678,"Dark, Lighted",-97.74213546,One Motor Vehicle - Going Straight,Not Applicable,Not Applicable,False,NONE,City Street,"Straight, Grade",Main/Proper Lane,On Roadway,30,GUADALUPE ST,1723,Dry,Marked Lanes,Clear,Not Worn,-10880604.74845437,3539618.901672316
12936897,False,False,Austin Police Department,False,False,No,0,1,0,1,0,Incapacitating Injury,2131,1,0,2012,Sunday,Pedalcyclist,Non Intersection,30.24718956,"Dark, Lighted",-97.75597014,One Motor Vehicle - Going Straight,Not Applicable,Not Applicable,False,NONE,City Street,"Straight, Level",Main/Proper Lane,On Roadway,35,S 1ST ST,1830,Dry,None,Clear,Not Worn,-10882144.817987258,3535363.4933065246
12948031,False,False,Austin Police Department,False,False,No,0,0,0,1,1,Possible Injury,727,1,0,2012,Monday,Pedalcyclist,Intersection Related,30.35971748,Daylight,-97.73825689,One Motor Vehicle - Going Straight,Not Applicable,Not Applicable,False,NONE,City Street,"Straight, Level",Main/Proper Lane,On Roadway,35,ROCKWOOD LN,7898,Dry,Signal Light,Clear,Not Worn,-10880172.988016961,3549872.4809695124
13062023,False,False,Austin Police Department,True,False,No,0,0,1,1,0,Non-Incapacitating Injury,1417,1,0,2012,Monday,Pedalcyclist,Intersection,30.26991478,Daylight,-97.74210246,One Motor Vehicle - Turning Left,Attention Diverted From Driving,Not Applicable,False,NONE,City Street,"Straight, Level",Main/Proper Lane,On Roadway,35,CONGRESS AVE,799,Dry,Signal Light,Clear,Not Worn,-10880601.074911172,3538292.268737582
13448858,True,False,Austin Police Department,True,False,No,0,0,1,1,0,Non-Incapacitating Injury,1738,1,0,2012,Monday,Pedalcyclist,Intersection Related,30.24447478,Daylight,-97.75769246,One Motor Vehicle - Going Straight,Not Applicable,Not Applicable,False,NONE,City Street,"Straight, Level",Main/Proper Lane,On Roadway,35,S 1ST ST,2199,Dry,Signal Light,Clear,"Worn, Damaged",-10882336.54577264,3535013.6638465235
12963991,True,False,Austin Police Department,False,False,No,0,0,0,1,1,Possible Injury,1345,1,0,2012,Saturday,Pedalcyclist,Driveway Access,30.4152535,Daylight,-97.84813584,One Motor Vehicle - Going Straight,One Vehicle Leaving Driveway,Entrance To Or Exit From Private Property Or Driveway,False,NONE,Farm To Market,"Straight, Level",Main/Proper Lane,On Roadway,55,RM0620,NO DATA,Dry,Bike Lane,Clear,Not Worn,-10892404.656779861,3557039.2658173363
12982350,False,False,"Department Of Public Safety, State Of Texas",False,False,No,0,0,0,5,0,Not Injured,1921,0,0,2012,Saturday,Pedalcyclist,Non Intersection,30.27711569,"Dark, Lighted",-97.73676723,One Motor Vehicle - Backing,Not Applicable,Not Applicable,False,NONE,City Street,"Straight, Level",Main/Proper Lane,On Roadway,35,SAN JACINTO BLVD,1595,Dry,Center Stripe/Divider,Clear,Not Worn,-10880007.159824306,3539220.4473160463
12982350,False,False,"Department Of Public Safety, State Of Texas",False,False,No,0,0,0,5,0,Not Injured,1921,0,0,2012,Saturday,Pedalcyclist,Non Intersection,30.27711569,"Dark, Lighted",-97.73676723,One Motor Vehicle - Backing,Not Applicable,Not Applicable,False,NONE,City Street,"Straight, Level",Main/Proper Lane,On Roadway,35,SAN JACINTO BLVD,1595,Dry,Center Stripe/Divider,Clear,Unknown If Worn,-10880007.159824306,3539220.4473160463
12982350,False,False,"Department Of Public Safety, State Of Texas",False,False,No,0,0,0,5,0,Not Injured,1921,0,0,2012,Saturday,Pedalcyclist,Non Intersection,30.27711569,"Dark, Lighted",-97.73676723,One Motor Vehicle - Backing,Not Applicable,Not Applicable,False,NONE,City Street,"Straight, Level",Main/Proper Lane,On Roadway,35,SAN JACINTO BLVD,1595,Dry,Center Stripe/Divider,Clear,Unknown If Worn,-10880007.159824306,3539220.4473160463
13027404,False,False,Austin Police Department,True,False,No,0,0,0,0,1,Possible Injury,2111,1,1,2012,Sunday,Pedalcyclist,Intersection,30.35659386,"Dark, Unknown Lighting",-97.68909455,One Motor Vehicle - Going Straight,Not Applicable,Not Applicable,False,BICYCLE,Interstate,"Straight, Level",Service/Frontage Road,On Roadway,0,IH0035,NO DATA,Dry,Stop Sign,Clear,Not Worn,-10874700.261361957,3549469.5065392326
12963883,False,False,Austin Police Department,False,False,No,0,0,0,0,1,Possible Injury,1405,1,1,2012,Tuesday,Pedalcyclist,Intersection,30.27605478,Daylight,-97.74843246,One Motor Vehicle - Turning Left,Not Applicable,Not Applicable,False,NONE,City Street,"Straight, Level",Other (Explain In Narrative),On Roadway,30,WEST AVE,1200,Dry,Signal Light,Clear,Not Worn,-10881305.727287894,3539083.6944978293
12963975,False,False,Austin Police Department,False,False,No,0,0,1,1,0,Non-Incapacitating Injury,1903,1,0,2012,Tuesday,Pedalcyclist,Intersection Related,30.30695874,Dusk,-97.72459541,One Motor Vehicle - Going Straight,"Slowing/Stopping - For Officer, Flagman, Or Traffic Control",Not Applicable,False,MINOR DAMAGE TO BICYCLE,City Street,"Straight, Level",Main/Proper Lane,On Roadway,35,DUVAL ST,4427,Dry,None,Clear,Not Worn,-10878652.19901988,3543067.8651661593
12963976,True,False,Austin Police Department,False,False,No,0,0,1,1,0,Non-Incapacitating Injury,1104,1,0,2012,Tuesday,Pedalcyclist,Non Intersection,30.29527522,Daylight,-97.73687843,One Motor Vehicle - Going Straight,Not Applicable,Not Applicable,False,NONE,City Street,"Curve, Level",Main/Proper Lane,On Roadway,0,UNIVERSITY AVE,NO DATA,Dry,None,Clear,"Worn, Not Damaged",-10880019.538551684,3541561.466022949
12963275,False,False,Austin Police Department,True,False,No,0,0,1,0,0,Non-Incapacitating Injury,2229,1,1,2012,Thursday,Pedalcyclist,Intersection,30.24447478,"Dark, Lighted",-97.75769246,One Motor Vehicle - Turning Left,Not Applicable,Not Applicable,False,NONE,City Street,"Straight, Level",Main/Proper Lane,On Roadway,0,S 1ST ST,2199,Dry,Stop Sign,Clear,Not Worn,-10882336.54577264,3535013.6638465235
13020118,True,False,Austin Police Department,True,False,No,0,0,1,0,0,Non-Incapacitating Injury,1739,1,1,2012,Thursday,Pedalcyclist,Intersection,30.31639477,Daylight,-97.71850247,One Motor Vehicle - Going Straight,Not Applicable,Not Applicable,False,NONE,City Street,"Straight, Level",Main/Proper Lane,On Roadway,30,DUVAL ST,5301,Dry,Stop Sign,Clear,"Worn, Damaged",-10877973.936041646,3544284.6182364295
13061984,True,False,Austin Police Department,True,False,No,0,0,0,2,1,Possible Injury,241,1,0,2012,Friday,Pedalcyclist,Intersection,30.26648478,"Dark, Lighted",-97.73718246,One Motor Vehicle - Going Straight,Attention Diverted From Driving,Not Applicable,False,NONE,City Street,"Straight, Level",Main/Proper Lane,On Roadway,0,RED RIVER ST,601,Wet,Signal Light,Rain,Not Worn,-10880053.383016469,3537850.1745944303
13061985,True,False,Austin Police Department,True,False,No,0,0,0,2,1,Possible Injury,241,1,0,2012,Friday,Pedalcyclist,Non Intersection,30.26648478,"Dark, Lighted",-97.73718246,One Motor Vehicle - Going Straight,Attention Diverted From Driving,Not Applicable,False,NONE,City Street,"Straight, Level",Main/Proper Lane,On Roadway,0,RED RIVER ST,601,Wet,Signal Light,Rain,Not Worn,-10880053.383016469,3537850.1745944303
12979282,False,False,Austin Police Department,False,False,No,0,0,1,1,0,Non-Incapacitating Injury,1712,1,0,2012,Saturday,Pedalcyclist,Non Intersection,30.42921016,Daylight,-97.84253257,One Motor Vehicle - Going Straight,Not Applicable,Not Applicable,False,NONE,Farm To Market,"Straight, Hillcrest",Main/Proper Lane,Shoulder,0,RM0620,NO DATA,Dry,Marked Lanes,Clear,Not Worn,-10891780.903616685,3558840.978915505
12979191,False,False,Austin Police Department,True,False,No,0,1,0,1,0,Incapacitating Injury,1819,1,0,2012,Monday,Pedalcyclist,Intersection,30.28350478,Daylight,-97.74825246,One Motor Vehicle - Turning Left,Not Applicable,Not Applicable,False,NONE,City Street,"Straight, Hillcrest",Main/Proper Lane,On Roadway,35,SAN GABRIEL ST,1900,Dry,Stop Sign,Clear,Unknown If Worn,-10881285.689779552,3540044.041428305
12979328,True,False,Austin Police Department,True,False,No,0,0,0,1,1,Possible Injury,826,1,0,2012,Monday,Pedalcyclist,Intersection,30.26214153,Daylight,-97.75806369,One Motor Vehicle - Turning Left,Not Applicable,Not Applicable,False,NONE,US & State Highways,"Straight, Level",Main/Proper Lane,On Roadway,35,SL0343,NO DATA,Dry,Marked Lanes,Clear,Unknown If Worn,-10882377.870907206,3537290.393434191
12979484,False,False,Austin Police Department,True,False,No,0,0,1,1,0,Non-Incapacitating Injury,1658,1,0,2012,Friday,Pedalcyclist,Intersection,30.27807478,Daylight,-97.77256246,One Motor Vehicle - Turning Left,Not Applicable,Not Applicable,False,NONE,City Street,"Straight, Level",Main/Proper Lane,On Roadway,35,DEEP EDDY AVE,499,Dry,None,Clear,"Worn, Not Damaged",-10883991.866600735,3539344.0766627737
12979485,False,False,Austin Police Department,False,False,No,0,0,1,0,0,Non-Incapacitating Injury,1014,1,1,2012,Friday,Pedalcyclist,Intersection Related,30.28978064,Daylight,-97.74130734,One Motor Vehicle - Going Straight,"Slowing/Stopping-For Pedestrian, Pedalcyclist, etc. In Road",Not Applicable,False,NONE,City Street,"Straight, Level",Main/Proper Lane,On Roadway,30,W DEAN KEETON ST,391,Dry,Signal Light,Clear,Not Worn,-10880512.562557653,3540853.0916929115
12992794,False,False,Austin Police Department,False,False,No,0,0,1,1,0,Non-Incapacitating Injury,1858,1,0,2012,Friday,Pedalcyclist,Intersection,30.31000388,"Dark, Lighted",-97.70890212,One Motor Vehicle - Turning Left,Not Applicable,Not Applicable,False,NONE,City Street,"Straight, Level",Main/Proper Lane,On Roadway,35,CAMERON RD,5197,Dry,None,Clear,"Worn, Not Damaged",-10876905.229968209,3543460.515744792
13104221,True,False,Austin Police Department,False,False,No,1,0,0,2,0,Killed,20,0,0,2012,Saturday,Pedalcyclist,Non Intersection,30.22086939,"Dark, Not Lighted",-97.69480809,One Motor Vehicle - Going Straight,Attention Diverted From Driving,Not Applicable,False,BIKE,City Street,"Straight, Level",Main/Proper Lane,On Roadway,45,E RIVERSIDE DR,NO DATA,Dry,None,Clear,Unknown If Worn,-10875336.289725384,3531972.2552060774
12992728,True,False,Austin Police Department,False,False,No,0,0,1,1,0,Non-Incapacitating Injury,1335,1,0,2012,Monday,Pedalcyclist,Non Intersection,30.29899445,Daylight,-97.73034599,One Motor Vehicle - Going Straight,Attention Diverted From Driving,Not Applicable,False,NONE,City Street,"Straight, Level",Main/Proper Lane,On Roadway,35,E 38TH ST,442,Dry,Center Stripe/Divider,Clear,Not Worn,-10879292.350657245,3542040.980530625
12989317,True,False,Austin Police Department,True,False,No,0,0,1,0,1,Non-Incapacitating Injury,1840,2,0,2012,Tuesday,Pedalcyclist,Intersection,30.27242478,"Dark, Lighted",-97.70485247,One Motor Vehicle - Turning Left,Not Applicable,Not Applicable,False,NONE,City Street,"Straight, Level",Main/Proper Lane,On Roadway,0,WEBBERVILLE RD,3699,Dry,Stop Sign,Clear,Unknown If Worn,-10876454.42499232,3538615.7934813467
13024896,False,False,Austin Police Department,False,False,No,0,0,0,0,1,Possible Injury,930,1,1,2012,Tuesday,Pedalcyclist,Driveway Access,30.2207129,Daylight,-97.74882365,One Motor Vehicle - Turning Right,One Vehicle Entering Driveway,Entrance To Or Exit From Private Property Or Driveway,False,NONE,Interstate,"Straight, Level",Main/Proper Lane,On Roadway,60,IH0035,NO DATA,Dry,None,Clear,Not Worn,-10881349.274359496,3531952.094872645
13000198,False,False,Austin Police Department,True,False,No,0,0,1,1,0,Non-Incapacitating Injury,1417,1,0,2012,Wednesday,Pedalcyclist,Intersection,30.40497475,Daylight,-97.71608246,One Motor Vehicle - Going Straight,Not Applicable,Not Applicable,False,NONE,US & State Highways,"Curve, Grade",Main/Proper Lane,On Roadway,45,BURNET RD,11901,Dry,Marked Lanes,Clear,Unknown If Worn,-10877704.54176073,3555712.511479504
13000422,False,False,Austin Police Department,False,False,No,0,0,1,0,0,Non-Incapacitating Injury,1843,1,1,2012,Thursday,Pedalcyclist,Non Intersection,30.25558479,"Dark, Lighted",-97.71157247,One Motor Vehicle - Going Straight,Not Applicable,Not Applicable,False,NONE,City Street,"Straight, Level",Main/Proper Lane,On Roadway,35,PLEASANT VALLEY RD N,400,Dry,Marked Lanes,Clear,Not Worn,-10877202.491970448,3536445.3728080746
12989433,False,False,Austin Police Department,False,False,No,0,0,0,1,1,Possible Injury,812,1,0,2012,Friday,Pedalcyclist,Driveway Access,30.22724533,Daylight,-97.77974856,One Motor Vehicle - Turning Left,One Vehicle Leaving Driveway,Entrance To Or Exit From Private Property Or Driveway,False,NONE,City Street,"Curve, Grade",Main/Proper Lane,On Roadway,35,BANISTER LN,4238,Dry,Bike Lane,Clear,Unknown If Worn,-10884791.819593525,3532793.683700873
13039498,False,False,Austin Police Department,True,False,No,0,0,1,1,0,Non-Incapacitating Injury,1620,1,0,2012,Friday,Pedalcyclist,Intersection,30.1834648,Daylight,-97.84984244,One Motor Vehicle - Turning Right,Not Applicable,Not Applicable,False,NONE,City Street,"Straight, Level",Main/Proper Lane,On Roadway,40,W SLAUGHTER LN,NO DATA,Dry,Signal Light,Clear,Not Worn,-10892594.63462285,3527154.399018667
13007697,True,False,Austin Police Department,False,False,No,0,0,0,1,1,Possible Injury,1147,1,0,2012,Monday,Pedalcyclist,Non Intersection,30.28927194,Daylight,-97.73428729,One Motor Vehicle - Backing,Not Applicable,Parking Area Within Right Of Way,False,NONE,City Street,"Straight, Level",Main/Proper Lane,On Roadway,0,W DEAN KEETON ST,NO DATA,Dry,None,Clear,Not Worn,-10879731.094166309,3540787.510885268
13029560,False,False,Austin Police Department,True,False,No,0,0,1,1,0,Non-Incapacitating Injury,1759,1,0,2012,Tuesday,Pedalcyclist,Intersection,30.21745479,"Dark, Lighted",-97.87419243,One Motor Vehicle - Going Straight,Not Applicable,Not Applicable,False,NONE,City Street,"Straight, Level",Main/Proper Lane,On Roadway,0,ESCARPMENT BLVD,NO DATA,Dry,Stop Sign,Cloudy,"Worn, Not Damaged",-10895305.26311047,3531532.3655358707
13000377,False,False,Austin Police Department,False,False,No,0,0,1,1,0,Non-Incapacitating Injury,2337,1,0,2012,Friday,Pedalcyclist,Non Intersection,30.27453395,"Dark, Lighted",-97.73512855,One Motor Vehicle - Going Straight,Not Applicable,Not Applicable,False,PEDI CAB,City Street,"Curve, Level",Main/Proper Lane,On Roadway,35,RED RIVER ST,1383,Dry,Marked Lanes,Clear,Not Worn,-10879824.742801134,3538887.6599114127
13007731,False,False,Austin Police Department,False,False,No,0,0,1,1,0,Non-Incapacitating Injury,759,1,0,2012,Tuesday,Pedalcyclist,Non Intersection,30.38926239,Daylight,-97.71152306,One Motor Vehicle - Going Straight,Attention Diverted From Driving,Not Applicable,False,NONE,Interstate,"Straight, Level",Main/Proper Lane,On Roadway,40,KRAMER LN,2092,Dry,Other (Explain In Narrative),Clear,"Worn, Not Damaged",-10877196.991674408,3553684.6707826694
13007802,False,False,Austin Police Department,True,False,No,0,0,1,1,0,Non-Incapacitating Injury,1101,1,0,2012,Tuesday,Pedalcyclist,Intersection Related,30.27785478,Daylight,-97.74302246,One Motor Vehicle - Turning Left,Not Applicable,Not Applicable,False,NONE,City Street,"Straight, Level",Main/Proper Lane,On Roadway,30,GUADALUPE ST,1499,Dry,Signal Light,Clear,Not Worn,-10880703.488842702,3539315.7179490984
13007676,False,False,Austin Police Department,True,False,No,0,0,1,1,0,Non-Incapacitating Injury,1204,1,0,2012,Sunday,Pedalcyclist,Intersection,30.23540478,Daylight,-97.72734247,One Motor Vehicle - Going Straight,Not Applicable,Not Applicable,False,NONE,City Street,"Straight, Level",Main/Proper Lane,On Roadway,30,WILLOW CREEK DR,1799,Dry,Stop Sign,Clear,Not Worn,-10878958.000340257,3533844.9640005087
13039467,False,False,Austin Police Department,True,False,No,0,0,1,2,0,Non-Incapacitating Injury,1748,1,0,2012,Sunday,Pedalcyclist,Intersection,30.23356479,Daylight,-97.72378247,One Motor Vehicle - Turning Left,Not Applicable,Not Applicable,False,NONE,City Street,"Straight, Level",Main/Proper Lane,On Roadway,35,E RIVERSIDE DR,NO DATA,Dry,Signal Light With Red Light Running Camera,Clear,Not Worn,-10878561.702953033,3533607.888290122
13018842,True,False,Austin Police Department,False,False,No,0,0,1,2,0,Non-Incapacitating Injury,1852,1,0,2012,Tuesday,Pedalcyclist,Driveway Access,30.37304592,"Dark, Unknown Lighting",-97.74999031,One Motor Vehicle - Going Straight,One Vehicle Leaving Driveway,Entrance To Or Exit From Private Property Or Driveway,False,NONE,City Street,"Straight, Level",Main/Proper Lane,On Roadway,30,STECK AVE,3842,Dry,Marked Lanes,Clear,"Worn, Not Damaged",-10881479.146356625,3551592.1114903446
13019010,False,False,Austin Police Department,True,False,No,0,0,1,1,0,Non-Incapacitating Injury,1457,1,0,2012,Tuesday,Pedalcyclist,Intersection,30.26468702,Daylight,-97.74910901,One Motor Vehicle - Turning Right,Not Applicable,Not Applicable,False,NONE,US & State Highways,"Straight, Level",Main/Proper Lane,On Roadway,35,SL0343,500,Dry,Crosswalk,Cloudy,Not Worn,-10881381.040489389,3537618.466720587