Crash ID,$1000 Damage to Any One Person's Property,Active School Zone Flag,Agency,At Intersection Flag,Construction Zone Flag,Construction Zone Workers Present Flag,Crash Death Count,Crash Incapacitating Injury Count,Crash Non-incapacitating Injury Count,Crash Not Injured Count,Crash Possible Injury Count,Crash Severity,Crash Time,Crash Total Injury Count,Crash Unknown Injury Count,Crash Year,Day of Week,First Harmful Event,Intersection Related,Latitude,Light Condition,Longitude,Manner of Collision,Other Factor,Physical Feature 1,Private Drive Flag,Property Damages,Road Class,Roadway Alignment,Roadway Part,Roadway Relation,Speed Limit,Street Name,Street Number,Surface Condition,Traffic Control Type,Weather Condition,Person Helmet,MercatorX,MercatorY
13018859,False,False,Austin Police Department,True,False,No,0,0,0,1,1,Possible Injury,1738,1,0,2012,Wednesday,Pedalcyclist,Intersection,30.22141479,Dusk,-97.76486246,One Motor Vehicle - Going Straight,Attention Diverted From Driving,Not Applicable,False,NONE,City Street,"Straight, Level",Main/Proper Lane,On Roadway,35,S CONGRESS AVE,4149,Dry,Signal Light,Clear,Not Worn,-10883134.706521627,3532042.518386374
13118706,True,False,Austin Police Department,True,False,No,0,0,1,2,0,Non-Incapacitating Injury,1602,1,0,2012,Wednesday,Pedalcyclist,Intersection,30.36930476,Daylight,-97.71060247,One Motor Vehicle - Going Straight,Not Applicable,Not Applicable,False,NONE,City Street,"Straight, Level",Main/Proper Lane,On Roadway,0,W RUNDBERG LN,1508,Dry,Stop Sign,Clear,Unknown If Worn,-10877094.512064379,3551109.404714465
13118710,False,False,Austin Police Department,False,False,No,0,0,1,1,0,Non-Incapacitating Injury,1234,1,0,2012,Friday,Pedalcyclist,Driveway Access,30.32317477,Daylight,-97.72807245,One Motor Vehicle - Turning Left,One Vehicle Entering Driveway,Entrance To Or Exit From Private Property Or Driveway,False,NONE,City Street,"Straight, Grade",Main/Proper Lane,On Roadway,40,N LAMAR BLVD,5500,Dry,Center Stripe/Divider,Clear,Not Worn,-10879039.261342147,3545158.9550547153
13029521,False,False,Austin Police Department,True,False,No,0,1,0,1,0,Incapacitating Injury,1915,1,0,2012,Sunday,Pedalcyclist,Intersection,30.24694096,"Dark, Lighted",-97.77715953,One Motor Vehicle - Going Straight,Not Applicable,Not Applicable,False,NONE,US & State Highways,"Straight, Hillcrest",Main/Proper Lane,On Roadway,40,SL0343,2421,Dry,Signal Light,Clear,"Worn, Not Damaged",-10884503.610092277,3535331.458042112
13250365,False,False,Austin Police Department,True,False,No,0,1,0,1,0,Incapacitating Injury,1800,1,0,2012,Sunday,Pedalcyclist,Intersection,30.31566477,"Dark, Lighted",-97.69158247,One Motor Vehicle - Turning Left,Not Applicable,Not Applicable,False,NONE,City Street,"Straight, Level",Main/Proper Lane,On Roadway,35,WHELESS LN,1700,Dry,Stop Sign,Clear,Not Worn,-10874977.215349492,3544190.482334347
13039565,False,False,Austin Police Department,True,False,No,0,0,0,2,0,Not Injured,1629,0,0,2012,Tuesday,Pedalcyclist,Intersection,30.32607477,Daylight,-97.69237247,One Motor Vehicle - Going Straight,Not Applicable,Not Applicable,False,NONE,City Street,"Straight, Level",Main/Proper Lane,On Roadway,40,E ST JOHNS AVE,1398,Dry,Signal Light,Clear,Unknown If Worn,-10875065.157747217,3545532.9524069414
13040422,True,False,Austin Police Department,True,False,No,0,0,1,1,0,Non-Incapacitating Injury,1803,1,0,2012,Tuesday,Pedalcyclist,Intersection,30.23879479,"Dark, Lighted",-97.75354246,One Motor Vehicle - Turning Left,Attention Diverted From Driving,Not Applicable,False,NONE,City Street,"Straight, Level",Main/Proper Lane,On Roadway,0,S CONGRESS AVE,2401,Dry,Signal Light,Clear,Not Worn,-10881874.569885848,3534281.765509607
13138230,False,False,Austin Police Department,True,False,No,0,0,1,0,0,Non-Incapacitating Injury,1924,1,1,2012,Thursday,Pedalcyclist,Intersection,30.26969478,"Dark, Lighted",-97.71902247,One Motor Vehicle - Turning Left,Not Applicable,Not Applicable,False,NONE,City Street,"Straight, Grade",Main/Proper Lane,On Roadway,30,ROSEWOOD AVE,NO DATA,Dry,Signal Light,Clear,"Worn, Not Damaged",-10878031.822176857,3538263.9123814343
13039651,False,False,Austin Police Department,False,False,No,0,0,1,1,0,Non-Incapacitating Injury,1919,1,1,2012,Saturday,Pedalcyclist,Non Intersection,30.31649623,"Dark, Unknown Lighting",-97.74397845,One Motor Vehicle - Going Straight,Not Applicable,Not Applicable,False,BICYCLE,City Street,"Straight, Level",Main/Proper Lane,On Roadway,35,W 45TH ST,1668,Dry,None,Clear,Not Worn,-10880809.909162704,3544297.701892795
13434969,False,False,Austin Police Department,False,False,No,0,0,0,1,0,Not Injured,1318,0,1,2012,Sunday,Pedalcyclist,Driveway Access,30.2287471,Daylight,-97.75828959,One Motor Vehicle - Turning Right,One Vehicle Entering Driveway,Entrance To Or Exit From Private Property Or Driveway,False,NONE,City Street,"Straight, Level",Main/Proper Lane,On Roadway,30,WOODWARD ST,217,Dry,None,Cloudy,"Worn, Not Damaged",-10882403.017980177,3532987.168281937
13046601,False,False,Austin Police Department,True,False,No,0,0,0,1,1,Possible Injury,740,1,0,2012,Monday,Pedalcyclist,Intersection Related,30.21197479,Daylight,-97.71260247,One Motor Vehicle - Going Straight,Attention Diverted From Driving,Not Applicable,False,NONE,City Street,"Straight, Level",Service/Frontage Road,On Roadway,55,E BEN WHITE BLVD,NO DATA,Dry,Signal Light,Clear,Not Worn,-10877317.151045965,3530826.4303103187
13046590,False,False,Austin Police Department,False,False,No,0,0,1,1,0,Non-Incapacitating Injury,1710,1,0,2012,Tuesday,Pedalcyclist,Intersection Related,30.1795348,Daylight,-97.85253244,One Motor Vehicle - Going Straight,Attention Diverted From Driving,Not Applicable,False,NONE,City Street,"Straight, Level",Main/Proper Lane,On Roadway,30,ASPEN CREEK PKWY,3500,Dry,Stop Sign,Clear,Not Worn,-10892894.084053084,3526648.306024578
13046544,False,False,Austin Police Department,False,False,No,0,0,0,1,1,Possible Injury,1900,1,0,2012,Thursday,Pedalcyclist,Driveway Access,30.40868228,"Dark, Lighted",-97.74771737,One Motor Vehicle - Going Straight,One Vehicle Leaving Driveway,Entrance To Or Exit From Private Property Or Driveway,False,NONE,City Street,"Straight, Level",Main/Proper Lane,On Roadway,40,JOLLYVILLE RD,11165,Dry,Marked Lanes,Clear,"Worn, Not Damaged",-10881226.123833222,3556191.0537101487
13042240,False,False,Austin Police Department,True,False,No,0,0,1,1,0,Non-Incapacitating Injury,754,1,0,2012,Friday,Pedalcyclist,Intersection Related,30.35887651,Daylight,-97.7804653,One Motor Vehicle - Going Straight,Not Applicable,Not Applicable,False,NONE,City Street,"Curve, Grade",Main/Proper Lane,On Roadway,10,FAR WEST BLVD,4795,Dry,None,Clear,"Worn, Damaged",-10884871.606725356,3549763.987183254
13138219,False,False,Austin Police Department,False,False,No,0,0,0,1,1,Possible Injury,700,1,0,2012,Friday,Pedalcyclist,Non Intersection,30.2823217,"Dark, Lighted",-97.70383114,One Motor Vehicle - Going Straight,Not Applicable,Not Applicable,False,NONE,US & State Highways,"Straight, Level",Main/Proper Lane,On Roadway,45,SL0111,3108,Dry,None,Clear,Unknown If Worn,-10876340.731056785,3539891.530887631
13042224,False,False,Austin Police Department,True,False,No,0,0,0,1,1,Possible Injury,1425,1,0,2012,Saturday,Pedalcyclist,Intersection,30.21168479,Daylight,-97.87647243,One Motor Vehicle - Turning Right,Not Applicable,Not Applicable,False,NONE,City Street,"Straight, Grade",Main/Proper Lane,On Roadway,40,ESCARPMENT BLVD,8799,Dry,Bike Lane,Clear,"Worn, Not Damaged",-10895559.07154948,3530789.0735196974
13250445,False,False,Austin Police Department,False,False,No,0,0,0,1,1,Possible Injury,227,1,1,2012,Saturday,Pedalcyclist,Non Intersection,30.26532989,"Dark, Lighted",-97.74382769,One Motor Vehicle - Going Straight,Attention Diverted From Driving,Not Applicable,False,NONE,City Street,"Straight, Level",Main/Proper Lane,On Roadway,35,CONGRESS AVE,308,Wet,Signal Light,Rain,Not Worn,-10880793.126636274,3537701.323812087
13250445,False,False,Austin Police Department,False,False,No,0,0,0,1,1,Possible Injury,227,1,1,2012,Saturday,Pedalcyclist,Non Intersection,30.26532989,"Dark, Lighted",-97.74382769,One Motor Vehicle - Going Straight,Attention Diverted From Driving,Not Applicable,False,NONE,City Street,"Straight, Level",Main/Proper Lane,On Roadway,35,CONGRESS AVE,308,Wet,Signal Light,Rain,Unknown If Worn,-10880793.126636274,3537701.323812087
13068700,False,False,Austin Police Department,False,False,No,0,0,1,2,0,Non-Incapacitating Injury,1516,1,0,2012,Sunday,Pedalcyclist,Non Intersection,30.23196858,Daylight,-97.69899667,One Motor Vehicle - Going Straight,Not Applicable,Not Applicable,False,NONE,City Street,"Straight, Grade",Main/Proper Lane,On Roadway,35,MONTOPOLIS DR,1163,Dry,None,Clear,Not Worn,-10875802.560318131,3533402.226299371
13068722,False,False,Austin Police Department,False,False,No,0,0,1,1,0,Non-Incapacitating Injury,1221,1,0,2012,Monday,Pedalcyclist,Non Intersection,30.28952478,Daylight,-97.74922246,One Motor Vehicle - Turning Left,Not Applicable,Not Applicable,False,NONE,City Street,"Straight, Grade",Main/Proper Lane,On Roadway,30,W 25TH ST,1100,Dry,None,Clear,Not Worn,-10881393.66968562,3540820.1065797424
13068769,True,False,Austin Police Department,True,False,No,0,0,0,2,1,Possible Injury,1117,1,0,2012,Wednesday,Pedalcyclist,Intersection,30.29536477,Daylight,-97.73682246,One Motor Vehicle - Going Straight,Attention Diverted From Driving,Not Applicable,False,NONE,City Street,"Straight, Level",Main/Proper Lane,On Roadway,0,SPEEDWAY,3101,Dry,Other (Explain In Narrative),Clear,"Worn, Not Damaged",-10880013.307999784,3541573.0113507384
13118657,False,False,Austin Police Department,True,False,No,0,0,0,0,1,Possible Injury,725,1,1,2012,Wednesday,Pedalcyclist,Intersection,30.25932478,Daylight,-97.69956247,One Motor Vehicle - Turning Left,Not Applicable,Not Applicable,False,NONE,City Street,"Straight, Level",Main/Proper Lane,On Roadway,20,SPRINGDALE RD,815,Dry,Marked Lanes,Cloudy,Not Worn,-10875865.544886021,3536927.368948054
13068913,False,False,Austin Police Department,False,False,No,0,0,1,1,0,Non-Incapacitating Injury,1532,1,0,2012,Friday,Pedalcyclist,Non Intersection,30.31080646,Daylight,-97.73289817,One Motor Vehicle - Going Straight,Vehicle Passing Or Attempting To Pass On Left,Not Applicable,False,NONE,City Street,"Straight, Level",Main/Proper Lane,On Roadway,35,W 45TH ST,589,Dry,Center Stripe/Divider,Clear,Not Worn,-10879576.458035259,3543564.005136756
13079200,False,False,Austin Police Department,False,False,No,0,0,3,1,0,Non-Incapacitating Injury,244,3,1,2013,Tuesday,Pedalcyclist,Non Intersection,30.2672356,"Dark, Lighted",-97.75595337,One Motor Vehicle - Going Straight,Attention Diverted From Driving,Not Applicable,False,NONE,US & State Highways,"Straight, Level",Main/Proper Lane,On Roadway,35,N LAMAR BLVD,153,Wet,None,Rain,Not Worn,-10882142.951159395,3537946.946779689
13079200,False,False,Austin Police Department,False,False,No,0,0,3,1,0,Non-Incapacitating Injury,244,3,1,2013,Tuesday,Pedalcyclist,Non Intersection,30.2672356,"Dark, Lighted",-97.75595337,One Motor Vehicle - Going Straight,Attention Diverted From Driving,Not Applicable,False,NONE,US & State Highways,"Straight, Level",Main/Proper Lane,On Roadway,35,N LAMAR BLVD,153,Wet,None,Rain,Not Worn,-10882142.951159395,3537946.946779689
13079200,False,False,Austin Police Department,False,False,No,0,0,3,1,0,Non-Incapacitating Injury,244,3,1,2013,Tuesday,Pedalcyclist,Non Intersection,30.2672356,"Dark, Lighted",-97.75595337,One Motor Vehicle - Going Straight,Attention Diverted From Driving,Not Applicable,False,NONE,US & State Highways,"Straight, Level",Main/Proper Lane,On Roadway,35,N LAMAR BLVD,153,Wet,None,Rain,Not Worn,-10882142.951159395,3537946.946779689
13079200,False,False,Austin Police Department,False,False,No,0,0,3,1,0,Non-Incapacitating Injury,244,3,1,2013,Tuesday,Pedalcyclist,Non Intersection,30.2672356,"Dark, Lighted",-97.75595337,One Motor Vehicle - Going Straight,Attention Diverted From Driving,Not Applicable,False,NONE,US & State Highways,"Straight, Level",Main/Proper Lane,On Roadway,35,N LAMAR BLVD,153,Wet,None,Rain,Not Worn,-10882142.951159395,3537946.946779689
13136064,True,False,Austin Police Department,True,False,No,0,1,0,2,0,Incapacitating Injury,2259,1,0,2013,Wednesday,Pedalcyclist,Intersection,30.42188475,"Dark, Lighted",-97.66575248,One Motor Vehicle - Going Straight,Not Applicable,Not Applicable,False,NONE,City Street,"Straight, Level",Main/Proper Lane,On Roadway,50,W HOWARD LN,900,Dry,Signal Light,Clear,Not Worn,-10872101.834015496,3557895.284484231
13082011,True,False,Austin Police Department,True,False,No,0,0,0,1,1,Possible Injury,1124,1,0,2013,Saturday,Pedalcyclist,Intersection,30.26961478,Daylight,-97.74842246,One Motor Vehicle - Turning Left,Not Applicable,Not Applicable,False,NONE,City Street,"Straight, Level",Main/Proper Lane,On Roadway,0,W 6TH ST,600,Dry,Signal Light,Cloudy,"Worn, Unk Damage",-10881304.614092985,3538253.6009949553
13079823,False,False,Austin Police Department,True,False,No,0,0,0,2,1,Possible Injury,1407,1,0,2013,Monday,Pedalcyclist,Intersection,30.36412476,Daylight,-97.71425247,One Motor Vehicle - Going Straight,Attention Diverted From Driving,Not Applicable,False,NONE,City Street,"Straight, Level",Main/Proper Lane,On Roadway,0,PAYTON GIN RD,1608,Dry,Yield Sign,Clear,"Worn, Not Damaged",-10877500.828205774,3550441.080708962
13229743,False,False,Austin Police Department,True,False,No,0,1,0,0,0,Incapacitating Injury,1915,1,1,2013,Monday,Pedalcyclist,Intersection,30.28625351,"Dark, Lighted",-97.67883196,One Motor Vehicle - Turning Left,Attention Diverted From Driving,Not Applicable,False,NONE,Farm To Market,"Straight, Hillcrest",Main/Proper Lane,On Roadway,0,FM0969,4908,Dry,Marked Lanes,Clear,Not Worn,-10873557.835068936,3540398.386610682
13094668,False,False,Austin Police Department,True,False,No,0,0,1,1,0,Non-Incapacitating Injury,1827,1,0,2013,Thursday,Pedalcyclist,Intersection,30.41171475,Dusk,-97.84991243,One Motor Vehicle - Turning Right,Attention Diverted From Driving,Not Applicable,False,NONE,City Street,"Straight, Level",Main/Proper Lane,On Roadway,65,ZIMMERMAN LN,11598,Dry,Stop Sign,Clear,Not Worn,-10892602.42587401,3556582.47739461
13203630,False,False,Austin Police Department,False,False,No,0,0,1,2,0,Non-Incapacitating Injury,636,1,0,2013,Saturday,Pedalcyclist,Non Intersection,30.43349202,"Dark, Not Lighted",-97.66980404,One Motor Vehicle - Going Straight,Attention Diverted From Driving,Not Applicable,False,NONE,Interstate,"Straight, Level",Service/Frontage Road,On Roadway,55,IH0035,NO DATA,Wet,Marked Lanes,Rain,"Worn, Not Damaged",-10872552.851611614,3559393.790577789
13224473,False,False,Austin Police Department,True,False,No,0,0,1,1,0,Non-Incapacitating Injury,1437,1,0,2013,Thursday,Pedalcyclist,Intersection,30.30054477,Daylight,-97.73356246,One Motor Vehicle - Turning Left,Not Applicable,Not Applicable,False,NONE,City Street,"Straight, Level",Main/Proper Lane,On Roadway,30,E 38TH ST,100,Dry,Signal Light,Clear,Not Worn,-10879650.406459797,3542240.8662346215
13094521,False,False,Austin Police Department,False,False,No,0,0,1,1,0,Non-Incapacitating Injury,1712,1,0,2013,Sunday,Pedalcyclist,Non Intersection,30.18388408,Daylight,-97.78182706,One Motor Vehicle - Going Straight,Attention Diverted From Driving,Not Applicable,False,NONE,City Street,"Straight, Level",Main/Proper Lane,On Roadway,45,S CONGRESS AVE,7453,Dry,Marked Lanes,Clear,Not Worn,-10885023.197155138,3527208.393765403
13094522,False,False,Austin Police Department,False,False,No,0,0,1,2,0,Non-Incapacitating Injury,1622,1,0,2013,Sunday,Pedalcyclist,Driveway Access,30.20349398,Daylight,-97.79677423,One Motor Vehicle - Turning Left,One Vehicle Entering Driveway,Entrance To Or Exit From Private Property Or Driveway,False,NONE,City Street,"Straight, Level",Main/Proper Lane,On Roadway,30,WOODHUE DR,6529,Dry,Center Stripe/Divider,Clear,Unknown If Worn,-10886687.10850834,3529734.007347944
13110116,False,False,Austin Police Department,True,False,No,0,0,1,1,0,Non-Incapacitating Injury,1557,1,0,2013,Tuesday,Pedalcyclist,Intersection,30.2078648,Daylight,-97.86938243,One Motor Vehicle - Going Straight,Not Applicable,Not Applicable,False,NONE,City Street,"Straight, Level",Main/Proper Lane,On Roadway,0,BECKETT RD,8801,Dry,Signal Light,Clear,"Worn, Damaged",-10894769.816359757,3530297.005980005
13110147,False,False,Austin Police Department,True,False,No,0,0,0,1,1,Possible Injury,2011,1,0,2013,Wednesday,Pedalcyclist,Intersection,30.26394478,"Dark, Lighted",-97.72612247,One Motor Vehicle - Turning Left,Not Applicable,Not Applicable,False,NONE,City Street,"Straight, Level",Main/Proper Lane,On Roadway,30,E 7TH ST,1600,Dry,Signal Light,Clear,"Worn, Not Damaged",-10878822.19056149,3537522.802879034
13250424,True,False,Austin Police Department,True,False,No,0,0,1,1,0,Non-Incapacitating Injury,711,1,0,2013,Wednesday,Pedalcyclist,Intersection Related,30.24423478,Dawn,-97.74035246,One Motor Vehicle - Going Straight,Attention Diverted From Driving,Not Applicable,False,NONE,City Street,"Straight, Hillcrest",Main/Proper Lane,On Roadway,35,REAGAN TER,1099,Dry,Stop Sign,Fog,Not Worn,-10880406.265802285,3534982.7376543065
13110186,False,False,Austin Police Department,False,False,No,0,1,0,0,0,Incapacitating Injury,2242,1,1,2013,Thursday,Pedalcyclist,Non Intersection,30.2375229,"Dark, Not Lighted",-97.76072071,One Motor Vehicle - Going Straight,Attention Diverted From Driving,Not Applicable,False,BYCYCLE,City Street,"Straight, Hillcrest",Main/Proper Lane,On Roadway,30,CUMBERLAND RD,501,Dry,None,Clear,Not Worn,-10882673.649020635,3534117.8811974353
13118085,True,False,Austin Police Department,False,False,No,0,0,1,1,0,Non-Incapacitating Injury,1818,1,0,2013,Saturday,Pedalcyclist,Non Intersection,30.3002088,"Dark, Not Lighted",-97.68351054,One Motor Vehicle - Going Straight,Attention Diverted From Driving,Not Applicable,False,NONE,City Street,"Straight, Level",Main/Proper Lane,On Roadway,0,PECAN SPRINGS RD,2918,Dry,None,Clear,Unknown If Worn,-10874078.65221217,3542197.548715766
13250367,True,False,Austin Police Department,False,False,No,0,0,1,1,0,Non-Incapacitating Injury,1209,1,0,2013,Saturday,Pedalcyclist,Driveway Access,30.26197669,Daylight,-97.719843,One Motor Vehicle - Turning Right,One Vehicle Leaving Driveway,Entrance To Or Exit From Private Property Or Driveway,False,NONE,City Street,"Straight, Level",Main/Proper Lane,On Roadway,30,E 7TH ST,2034,Dry,Marked Lanes,Cloudy,Not Worn,-10878123.163158638,3537269.148465954
13306918,False,False,Austin Police Department,False,False,No,0,0,1,1,0,Non-Incapacitating Injury,1711,1,0,2013,Monday,Pedalcyclist,Non Intersection,30.25565326,"Dark, Lighted",-97.72045678,One Motor Vehicle - Going Straight,Not Applicable,Not Applicable,False,NONE,City Street,"Straight, Level",Main/Proper Lane,On Roadway,30,CESAR CHAVEZ ST E,2206,Dry,None,Clear,Unknown If Worn,-10878191.488835698,3536454.196804632
13118127,False,False,Austin Police Department,False,False,No,0,0,1,1,0,Non-Incapacitating Injury,914,1,0,2013,Tuesday,Pedalcyclist,Intersection,30.44120748,Daylight,-97.74963834,One Motor Vehicle - Going Straight,Attention Diverted From Driving,Not Applicable,False,NONE,City Street,"Straight, Level",Main/Proper Lane,On Roadway,0,CORPUS CHRISTI DR,6798,Dry,Signal Light,Clear,Not Worn,-10881439.965235451,3560389.9601464747
13118150,True,False,Austin Police Department,True,False,No,0,0,1,0,0,Non-Incapacitating Injury,1645,1,1,2013,Wednesday,Pedalcyclist,Intersection,30.25299478,Daylight,-97.71278247,One Motor Vehicle - Going Straight,Attention Diverted From Driving,Not Applicable,False,NONE,City Street,"Straight, Level",Main/Proper Lane,On Roadway,30,N PLEASANT VALLEY RD,NO DATA,Dry,Marked Lanes,Clear,Not Worn,-10877337.188554307,3536111.592611518
13118158,False,False,Austin Police Department,True,False,No,0,0,1,1,0,Non-Incapacitating Injury,1643,1,0,2013,Wednesday,Pedalcyclist,Intersection,30.27338478,Daylight,-97.69914247,One Motor Vehicle - Turning Left,Attention Diverted From Driving,Not Applicable,False,BICYCLE,City Street,"Straight, Level",Main/Proper Lane,On Roadway,30,OAK SPRINGS DR,3105,Dry,Bike Lane,Clear,Unknown If Worn,-10875818.790699888,3538739.5342158764
13250368,True,False,Austin Police Department,False,False,No,0,0,1,1,0,Non-Incapacitating Injury,830,1,0,2013,Thursday,Pedalcyclist,Driveway Access,30.38992399,Daylight,-97.74615273,One Motor Vehicle - Turning Right,One Vehicle Entering Driveway,Entrance To Or Exit From Private Property Or Driveway,False,NONE,City Street,"Straight, Grade",Service/Frontage Road,On Roadway,55,RESEARCH BLVD,NO DATA,Dry,Marked Lanes,Clear,Not Worn,-10881051.948905148,3553770.0504485196
13118178,False,False,Austin Police Department,True,False,No,0,0,1,1,0,Non-Incapacitating Injury,1225,1,0,2013,Friday,Pedalcyclist,Intersection,30.2210416,Daylight,-97.77289575,One Motor Vehicle - Going Straight,Attention Diverted From Driving,Not Applicable,False,NONE,City Street,"Straight, Hillcrest",Main/Proper Lane,On Roadway,0,ST ELMO RD W,598,Dry,Crosswalk,Clear,Not Worn,-10884028.968273822,3531994.440756727
13118216,False,False,Austin Police Department,False,False,No,0,0,1,1,0,Non-Incapacitating Injury,1544,1,0,2013,Monday,Pedalcyclist,Non Intersection,30.26723583,Daylight,-97.74931529,One Motor Vehicle - Turning Right,Not Applicable,Parking Area Within Right Of Way,False,NONE,City Street,"Straight, Level",Main/Proper Lane,On Roadway,30,NUECES ST,342,Dry,None,Clear,"Worn, Damaged",-10881404.00347395,3537946.976424195
13136105,True,False,Austin Police Department,True,False,No,0,0,1,1,0,Non-Incapacitating Injury,1655,1,0,2013,Monday,Pedalcyclist,Intersection Related,30.21137479,Daylight,-97.83195244,One Motor Vehicle - Turning Right,Not Applicable,Not Applicable,False,NONE,City Street,"Straight, Level",Main/Proper Lane,On Roadway,30,BRODIE LN,NO DATA,Dry,Signal Light,Clear,Not Worn,-10890603.128932558,3530749.140520437
13224577,False,False,Austin Police Department,False,False,No,0,0,0,1,1,Possible Injury,1341,1,0,2013,Monday,Pedalcyclist,Intersection Related,30.2571678,Daylight,-97.74687751,One Motor Vehicle - Going Straight,Slowing/Stopping-To Make Right Turn,Not Applicable,False,NONE,City Street,"Straight, Grade",Main/Proper Lane,On Roadway,35,CONGRESS AVE S,398,Dry,Marked Lanes,Clear,Not Worn,-10881132.631045684,3536649.383067809
13136091,False,False,Austin Police Department,True,False,No,0,0,1,0,0,Non-Incapacitating Injury,813,1,1,2013,Thursday,Pedalcyclist,Intersection,30.26928478,Daylight,-97.73614246,One Motor Vehicle - Turning Right,Not Applicable,Not Applicable,False,NONE,City Street,"Straight, Level",Main/Proper Lane,On Roadway,30,RED RIVER ST,899,Dry,Center Stripe/Divider,Cloudy,Not Worn,-10879937.610746045,3538211.0666145463
13250369,False,False,Austin Police Department,True,False,No,0,0,1,1,0,Non-Incapacitating Injury,1517,1,0,2013,Thursday,Pedalcyclist,Intersection,30.27853699,Daylight,-97.72991679,One Motor Vehicle - Going Straight,Not Applicable,Not Applicable,False,NONE,Interstate,"Straight, Hillcrest",Service/Frontage Road,On Roadway,0,IH0035,NO DATA,Dry,Signal Light,Clear,Not Worn,-10879244.572331797,3539403.6572382613
13204387,True,False,Austin Police Department,False,False,No,0,1,0,1,0,Incapacitating Injury,847,1,0,2013,Friday,Pedalcyclist,Non Intersection,30.27672614,Daylight,-97.77202842,One Motor Vehicle - Going Straight,One Vehicle Forward From Parking,Not Applicable,False,CERBELO VROOMEN BICYCLE,City Street,"Straight, Grade",Main/Proper Lane,On Roadway,30,VETERANS DR,2229,Dry,None,Clear,"Worn, Unk Damage",-10883932.417539872,3539170.2335914653
13144133,False,False,Austin Police Department,True,False,No,0,0,0,1,1,Possible Injury,1726,1,0,2013,Tuesday,Pedalcyclist,Intersection,30.31118477,Daylight,-97.71338247,One Motor Vehicle - Going Straight,Not Applicable,Not Applicable,False,BICYCLE,City Street,"Straight, Level",Main/Proper Lane,On Roadway,30,E 51ST ST,924,Dry,Stop Sign,Clear,"Worn, Damaged",-10877403.980248783,3543612.7869500807
13144156,False,False,Austin Police Department,True,False,No,0,1,0,1,0,Incapacitating Injury,1146,1,0,2013,Tuesday,Pedalcyclist,Intersection,30.27730478,Daylight,-97.71658247,One Motor Vehicle - Going Straight,Slowing/Stopping-To Make Right Turn,Not Applicable,False,NONE,City Street,"Straight, Hillcrest",Main/Proper Lane,On Roadway,0,CHESTNUT AVE,1599,Dry,Stop Sign,Clear,Unknown If Worn,-10877760.202619324,3539244.821443046
13144149,True,False,Austin Police Department,True,False,No,0,1,0,1,0,Incapacitating Injury,1732,1,0,2013,Wednesday,Pedalcyclist,Intersection,30.31983477,Daylight,-97.73918246,One Motor Vehicle - Going Straight,Not Applicable,Not Applicable,False,NONE,City Street,"Curve, Level",Main/Proper Lane,On Roadway,35,W 49TH ST,2100,Dry,Signal Light,Clear,"Worn, Unk Damage",-10880276.021998055,3544728.226995484
13203402,False,False,Austin Police Department,True,False,No,0,1,0,1,0,Incapacitating Injury,1058,1,0,2013,Wednesday,Pedalcyclist,Intersection,30.26253478,Daylight,-97.72210247,One Motor Vehicle - Turning Right,Not Applicable,Not Applicable,False,NONE,City Street,"Straight, Grade",Main/Proper Lane,On Roadway,30,E 7TH ST,1898,Dry,Signal Light,Clear,Not Worn,-10878374.686208501,3537341.0765663222
13144205,False,False,Austin Police Department,True,False,No,0,0,1,1,0,Non-Incapacitating Injury,822,1,0,2013,Friday,Pedalcyclist,Intersection,30.31238477,Daylight,-97.73077246,One Motor Vehicle - Turning Left,Not Applicable,Not Applicable,False,NONE,City Street,"Straight, Level",Main/Proper Lane,On Roadway,30,W 46TH ST,500,Dry,Stop Sign,Clear,"Worn, Damaged",-10879339.825080484,3543767.524195601
13144255,False,False,Austin Police Department,False,False,No,0,0,1,1,0,Non-Incapacitating Injury,1526,1,0,2013,Monday,Pedalcyclist,Intersection Related,30.26601455,Daylight,-97.7686548,One Motor Vehicle - Turning Left,Not Applicable,Not Applicable,False,NONE,City Street,"Straight, Level",Main/Proper Lane,On Roadway,35,BARTON SPRINGS RD,NO DATA,Dry,None,Clear,Unknown If Worn,-10883556.86787934,3537789.5676557412
13154345,False,False,Austin Police Department,True,False,No,0,0,1,1,0,Non-Incapacitating Injury,1540,1,0,2013,Tuesday,Pedalcyclist,Intersection,30.34396476,Daylight,-97.71495247,One Motor Vehicle - Turning Right,Not Applicable,Not Applicable,False,NONE,US & State Highways,"Straight, Level",Main/Proper Lane,On Roadway,0,N LAMAR BLVD,NO DATA,Dry,Signal Light,Clear,"Worn, Not Damaged",-10877578.75184933,3547840.37280799