Crash ID,$1000 Damage to Any One Person's Property,Active School Zone Flag,Agency,At Intersection Flag,Construction Zone Flag,Construction Zone Workers Present Flag,Crash Death Count,Crash Incapacitating Injury Count,Crash Non-incapacitating Injury Count,Crash Not Injured Count,Crash Possible Injury Count,Crash Severity,Crash Time,Crash Total Injury Count,Crash Unknown Injury Count,Crash Year,Day of Week,First Harmful Event,Intersection Related,Latitude,Light Condition,Longitude,Manner of Collision,Other Factor,Physical Feature 1,Private Drive Flag,Property Damages,Road Class,Roadway Alignment,Roadway Part,Roadway Relation,Speed Limit,Street Name,Street Number,Surface Condition,Traffic Control Type,Weather Condition,Person Helmet,MercatorX,MercatorY
13154373,False,False,Austin Police Department,True,False,No,0,0,0,1,1,Possible Injury,2010,1,0,2013,Tuesday,Pedalcyclist,Intersection Related,30.1772748,"Dark, Lighted",-97.83694244,One Motor Vehicle - Turning Right,Not Applicable,Not Applicable,False,BICYCLE FRONT TIRE,City Street,"Straight, Level",Main/Proper Lane,On Roadway,30,BRASHER DR,NO DATA,Dry,Stop Sign,Clear,"Worn, Unk Damage",-10891158.613191616,3526357.27950125
13154322,True,False,Austin Police Department,False,False,No,0,0,1,2,0,Non-Incapacitating Injury,1222,1,0,2013,Saturday,Pedalcyclist,Intersection Related,30.42248476,Daylight,-97.79357246,One Motor Vehicle - Going Straight,Not Applicable,Not Applicable,False,NONE,City Street,"Straight, Grade",Main/Proper Lane,On Roadway,30,SCOTLAND WELL DR,10400,Dry,Marked Lanes,Clear,"Worn, Damaged",-10886330.689102301,3557972.7417949312
13190288,False,False,Austin Police Department,True,False,No,0,0,0,0,1,Possible Injury,1645,1,1,2013,Saturday,Pedalcyclist,Intersection,30.2618124,Daylight,-97.73875599,One Motor Vehicle - Turning Left,Attention Diverted From Driving,Not Applicable,False,NONE,US & State Highways,"Straight, Level",Main/Proper Lane,On Roadway,35,SL0343,600,Dry,Signal Light,Clear,Not Worn,-10880228.547574816,3537247.9744184995
13250354,False,False,Austin Police Department,False,False,No,0,0,1,1,0,Non-Incapacitating Injury,1300,1,0,2013,Saturday,Pedalcyclist,Driveway Access,30.4136342,Daylight,-97.74764196,One Motor Vehicle - Going Straight,One Vehicle Leaving Driveway,Entrance To Or Exit From Private Property Or Driveway,False,NONE,City Street,"Straight, Level",Main/Proper Lane,On Roadway,45,JOLLYVILLE RD,11446,Dry,Bike Lane,Clear,"Worn, Unk Damage",-10881217.72923042,3556830.241510462
13152794,False,False,Austin Police Department,True,False,No,0,0,1,2,0,Non-Incapacitating Injury,716,1,0,2013,Monday,Pedalcyclist,Non Intersection,30.23284479,Daylight,-97.72442247,One Motor Vehicle - Going Straight,Not Applicable,Not Applicable,False,NONE,City Street,"Straight, Grade",Main/Proper Lane,On Roadway,35,S PLEASANT VALLEY RD,NO DATA,Dry,Stop Sign,Clear,Not Worn,-10878632.947427142,3533515.120237552
13154311,True,False,Austin Police Department,False,False,No,0,0,1,0,0,Non-Incapacitating Injury,114,1,1,2013,Tuesday,Pedalcyclist,Non Intersection,30.26392301,"Dark, Lighted",-97.72606421,One Motor Vehicle - Going Straight,Not Applicable,Not Applicable,False,NONE,City Street,"Straight, Grade",Main/Proper Lane,On Roadway,35,E 7TH ST,1601,Dry,None,Clear,Not Worn,-10878815.705087956,3537519.997056484
13169167,False,False,Austin Police Department,True,False,No,0,0,1,1,0,Non-Incapacitating Injury,1608,1,0,2013,Wednesday,Pedalcyclist,Intersection,30.30527477,Daylight,-97.73055246,One Motor Vehicle - Going Straight,Attention Diverted From Driving,Not Applicable,False,NONE,City Street,"Straight, Level",Main/Proper Lane,On Roadway,30,SPEEDWAY,4199,Dry,Yield Sign,Clear,Not Worn,-10879315.33479251,3542850.7336567123
13169130,False,False,Austin Police Department,False,False,No,0,0,1,1,0,Non-Incapacitating Injury,1425,1,0,2013,Sunday,Pedalcyclist,Driveway Access,30.35552144,Daylight,-97.68473632,One Motor Vehicle - Going Straight,"Vision Obstructed By Trees, Shrubs, Weeds, etc.",Entrance To Or Exit From Private Property Or Driveway,False,NONE,City Street,"Straight, Level",Main/Proper Lane,On Roadway,0,NORTH PLZ,9316,Dry,None,Clear,Not Worn,-10874215.105417596,3549331.157901982
13171435,False,False,Austin Police Department,False,False,No,0,0,1,1,0,Non-Incapacitating Injury,1944,1,0,2013,Monday,Pedalcyclist,Driveway Access,30.3649114,"Dark, Lighted",-97.72852883,One Motor Vehicle - Going Straight,One Vehicle Leaving Driveway,Entrance To Or Exit From Private Property Or Driveway,False,NONE,City Street,"Straight, Level",Main/Proper Lane,On Roadway,0,BURNET RD,8402,Dry,Marked Lanes,Clear,Not Worn,-10879090.065331355,3550542.5707835266
13171240,False,False,Austin Police Department,True,False,No,0,0,1,1,0,Non-Incapacitating Injury,1359,1,0,2013,Tuesday,Pedalcyclist,Intersection,30.21957479,Daylight,-97.75663246,One Motor Vehicle - Going Straight,Not Applicable,Not Applicable,False,BICYCLE,City Street,"Straight, Level",Service/Frontage Road,On Roadway,40,E BEN WHITE BLVD,598,Dry,Stop Sign,Clear,Not Worn,-10882218.5471124,3531805.4751136145
13171419,False,False,Austin Police Department,True,False,No,0,0,0,1,1,Possible Injury,1747,1,0,2013,Wednesday,Pedalcyclist,Intersection,30.27718478,Daylight,-97.75239246,One Motor Vehicle - Going Straight,Not Applicable,Not Applicable,False,NONE,City Street,"Straight, Grade",Main/Proper Lane,On Roadway,30,BAYLOR ST,1199,Dry,Stop Sign,Clear,Not Worn,-10881746.552471433,3539229.3531672535
13171227,False,False,Austin Police Department,False,False,No,0,0,1,1,0,Non-Incapacitating Injury,1504,1,0,2013,Saturday,Pedalcyclist,Intersection Related,30.35640056,Daylight,-97.73144302,One Motor Vehicle - Going Straight,Not Applicable,Not Applicable,False,NONE,US & State Highways,"Straight, Level",Main/Proper Lane,On Roadway,0,W ANDERSON LN,2420,Dry,Signal Light,Clear,Unknown If Worn,-10879414.47147823,3549444.5695632924
13171380,False,False,Austin Police Department,False,False,No,0,0,1,2,0,Non-Incapacitating Injury,12,1,0,2013,Monday,Pedalcyclist,Non Intersection,30.29919546,"Dark, Not Lighted",-97.72948709,One Motor Vehicle - Going Straight,Attention Diverted From Driving,Not Applicable,False,NONE,City Street,"Straight, Level",Main/Proper Lane,On Roadway,0,DUVAL ST,3806,Dry,None,Clear,Not Worn,-10879196.738346605,3542066.8969536247
13190402,False,False,Austin Police Department,True,False,No,0,0,1,1,0,Non-Incapacitating Injury,1548,1,0,2013,Tuesday,Pedalcyclist,Intersection,30.37174476,Daylight,-97.75001246,One Motor Vehicle - Going Straight,Attention Diverted From Driving,Not Applicable,False,NONE,City Street,"Straight, Level",Main/Proper Lane,On Roadway,0,GREENSLOPE DR,8121,Dry,Marked Lanes,Clear,Not Worn,-10881481.612083346,3551424.225971993
13187132,False,False,Austin Police Department,True,False,No,0,0,1,1,0,Non-Incapacitating Injury,1357,1,0,2013,Wednesday,Pedalcyclist,Intersection,30.26303981,Daylight,-97.74318029,One Motor Vehicle - Turning Left,Not Applicable,Not Applicable,False,NONE,US & State Highways,"Straight, Level",Main/Proper Lane,On Roadway,35,SL0343,198,Dry,Signal Light,Clear,Not Worn,-10880721.058397934,3537406.1665073116
13187205,True,False,Austin Police Department,False,False,No,0,0,0,2,3,Possible Injury,156,3,0,2013,Thursday,Motor Vehicle In Transport,Non Intersection,30.2590348,"Dark, Lighted",-97.74616223,Same Direction - Both Going Straight-Rear End,Not Applicable,Not Applicable,False,NONE,City Street,"Straight, Grade",Main/Proper Lane,On Roadway,30,CONGRESS AVE S,277,Dry,Signal Light,Clear,Unknown If Worn,-10881053.00644031,3536889.9967370266
13197199,False,False,Austin Police Department,False,False,No,0,1,0,2,0,Incapacitating Injury,1708,1,0,2013,Thursday,Pedalcyclist,Intersection,30.17364007,Daylight,-97.82384609,One Motor Vehicle - Going Straight,Not Applicable,Not Applicable,False,NONE,Farm To Market,"Straight, Level",Main/Proper Lane,On Roadway,0,FM2304,9901,Dry,Signal Light,Clear,Unknown If Worn,-10889700.734178366,3525889.2391494717
13187117,False,False,Austin Police Department,False,False,No,0,0,1,0,0,Non-Incapacitating Injury,2233,1,1,2013,Friday,Pedalcyclist,Intersection Related,30.27057758,"Dark, Lighted",-97.7481277,One Motor Vehicle - Going Straight,Vehicle Changing Lanes,Not Applicable,False,NONE,City Street,"Straight, Grade",Main/Proper Lane,On Roadway,30,W 7TH ST,604,Dry,Stop Sign,Clear,Not Worn,-10881271.801559879,3538377.6990892296
13187254,False,False,Austin Police Department,True,False,No,0,0,1,1,0,Non-Incapacitating Injury,1448,1,0,2013,Friday,Pedalcyclist,Intersection,30.22035479,Daylight,-97.76552246,One Motor Vehicle - Turning Left,Not Applicable,Not Applicable,False,NONE,City Street,"Straight, Level",Main/Proper Lane,On Roadway,0,S CONGRESS AVE,4229,Dry,Stop Sign,Clear,Not Worn,-10883208.17738555,3531905.9603073695
13187296,True,False,Austin Police Department,False,False,No,0,0,1,0,0,Non-Incapacitating Injury,1240,1,0,2013,Saturday,Pedalcyclist,Non Intersection,30.18897082,Daylight,-97.76793595,One Motor Vehicle - Going Straight,Attention Diverted From Driving,Not Applicable,False,NONE,City Street,"Straight, Level",Main/Proper Lane,On Roadway,0,BLUFF SPRINGS RD,6603,Dry,None,Clear,Not Worn,-10883476.845863385,3527863.480854025
13260930,False,False,Austin Police Department,False,False,No,0,1,0,1,0,Incapacitating Injury,837,1,0,2013,Saturday,Pedalcyclist,Intersection Related,30.33525758,Daylight,-97.80640819,One Motor Vehicle - Turning Right,Not Applicable,Not Applicable,False,NONE,City Street,"Straight, Grade",Main/Proper Lane,On Roadway,0,N CAPITAL OF TEXAS HWY,NO DATA,Dry,Stop Sign,Cloudy,"Worn, Unk Damage",-10887759.556029862,3546717.282917897
13260949,False,False,Austin Police Department,True,False,No,0,0,1,1,0,Non-Incapacitating Injury,1900,1,0,2013,Saturday,Pedalcyclist,Intersection,30.26991478,Daylight,-97.74210246,One Motor Vehicle - Turning Left,Not Applicable,Not Applicable,False,NONE,City Street,"Straight, Level",Main/Proper Lane,On Roadway,0,CONGRESS AVE,799,Dry,Signal Light,Clear,Not Worn,-10880601.074911172,3538292.268737582
13187288,False,False,Austin Police Department,False,False,No,0,1,0,1,0,Incapacitating Injury,1855,1,0,2013,Sunday,Pedalcyclist,Intersection Related,30.32141617,Daylight,-97.68876665,One Motor Vehicle - Going Straight,Not Applicable,Not Applicable,False,NONE,US & State Highways,"Straight, Level",Service/Frontage Road,On Roadway,0,US0290,NO DATA,Dry,Yield Sign,Clear,Not Worn,-10874663.759700926,3544932.16329462
13190471,True,False,Austin Police Department,True,False,No,0,0,0,1,1,Possible Injury,247,1,0,2013,Sunday,Pedalcyclist,Intersection,30.24016478,"Dark, Lighted",-97.72707247,One Motor Vehicle - Turning Left,Not Applicable,Not Applicable,False,NONE,City Street,"Straight, Level",Main/Proper Lane,On Roadway,35,E RIVERSIDE DR,NO DATA,Dry,Signal Light,Cloudy,Not Worn,-10878927.944077743,3534458.2924782904
13260929,True,False,Austin Police Department,True,False,No,0,0,1,2,0,Non-Incapacitating Injury,6,1,0,2013,Sunday,Pedalcyclist,Intersection,30.31764477,"Dark, Lighted",-97.72846246,One Motor Vehicle - Going Straight,Not Applicable,Not Applicable,False,NONE,City Street,"Straight, Level",Main/Proper Lane,On Roadway,30,GUADALUPE ST,5099,Dry,Flashing Red Light,Clear,Not Worn,-10879082.677056752,3544445.8114782074
13260944,False,False,Austin Police Department,True,False,No,0,0,0,1,1,Possible Injury,1906,1,0,2013,Sunday,Pedalcyclist,Intersection,30.19917479,Daylight,-97.79358245,One Motor Vehicle - Going Straight,Attention Diverted From Driving,Not Applicable,False,NONE,City Street,"Curve, Grade",Main/Proper Lane,On Roadway,40,W WILLIAM CANNON DR,NO DATA,Dry,Signal Light,Clear,Not Worn,-10886331.801184015,3529177.6836554944
13664293,False,False,Austin Police Department,True,False,No,0,0,2,0,0,Non-Incapacitating Injury,1445,2,0,2013,Wednesday,Pedalcyclist,Intersection Related,30.40377159,Daylight,-97.85397228,One Motor Vehicle - Going Straight,Not Applicable,Not Applicable,False,NONE,Farm To Market,"Straight, Level",Main/Proper Lane,On Roadway,55,RM0620,11602,Dry,Signal Light,Clear,Unknown If Worn,-10893054.366308706,3555557.219845706
13197328,False,False,Austin Police Department,True,False,No,0,0,0,1,1,Possible Injury,2038,1,0,2013,Friday,Pedalcyclist,Intersection,30.26678478,"Dark, Lighted",-97.73825246,One Motor Vehicle - Turning Left,Not Applicable,Not Applicable,False,NONE,City Street,"Straight, Level",Main/Proper Lane,On Roadway,30,NECHES ST,599,Dry,Signal Light,Clear,Not Worn,-10880172.494871616,3537888.8411042793
13256097,False,False,Austin Police Department,True,False,No,0,0,1,1,0,Non-Incapacitating Injury,1610,1,0,2013,Friday,Pedalcyclist,Intersection Related,30.30033477,Daylight,-97.73968246,One Motor Vehicle - Turning Right,Not Applicable,Not Applicable,False,NONE,City Street,"Straight, Level",Main/Proper Lane,On Roadway,0,W 34TH ST,600,Dry,Signal Light,Clear,Not Worn,-10880331.681743452,3542213.790350456
13197321,False,False,Austin Police Department,True,False,No,0,0,1,0,0,Non-Incapacitating Injury,1700,1,2,2013,Saturday,Pedalcyclist,Intersection,30.27270478,Daylight,-97.75711246,One Motor Vehicle - Turning Right,Not Applicable,Not Applicable,False,NONE,City Street,"Straight, Level",Main/Proper Lane,On Roadway,35,W 6TH ST,1198,Dry,Signal Light,Clear,"Worn, Damaged",-10882271.980467979,3538651.8844039044
13203523,False,False,Austin Police Department,True,False,No,0,0,1,1,0,Non-Incapacitating Injury,1505,1,0,2013,Tuesday,Pedalcyclist,Intersection,30.2750136,Daylight,-97.75227389,One Motor Vehicle - Going Straight,Attention Diverted From Driving,Not Applicable,False,NONE,City Street,"Straight, Level",Main/Proper Lane,On Roadway,40,N LAMAR BLVD,1005,Dry,Signal Light,Clear,Not Worn,-10881733.353319412,3538949.486342136
13204403,True,False,Austin Police Department,False,False,No,0,0,0,1,1,Possible Injury,1424,1,0,2013,Tuesday,Pedalcyclist,Driveway Access,30.37153617,Daylight,-97.72280759,One Motor Vehicle - Turning Right,One Vehicle Leaving Driveway,Entrance To Or Exit From Private Property Or Driveway,False,NONE,US & State Highways,"Straight, Level",Service/Frontage Road,Off Roadway,55,US0183,NO DATA,Dry,None,Clear,Not Worn,-10878453.17980785,3551397.312318111
13256035,False,False,Austin Police Department,True,False,No,0,0,1,1,0,Non-Incapacitating Injury,1830,1,0,2013,Friday,Pedalcyclist,Intersection,30.24830478,Daylight,-97.76208246,One Motor Vehicle - Going Straight,Vision Obstructed By Standing Or Parked Vehicle,Not Applicable,False,NONE,City Street,"Straight, Level",Main/Proper Lane,On Roadway,30,MARY ST W,1000,Dry,Stop Sign,Clear,Not Worn,-10882825.23833722,3535507.2045515883
13203613,False,False,Austin Police Department,True,False,No,0,0,1,4,0,Non-Incapacitating Injury,1636,1,0,2013,Saturday,Pedalcyclist,Intersection,30.29430477,Daylight,-97.73748246,One Motor Vehicle - Going Straight,Not Applicable,Not Applicable,False,NONE,City Street,"Straight, Grade",Main/Proper Lane,On Roadway,35,W 30TH ST,100,Dry,Stop Sign,Clear,Not Worn,-10880086.778863706,3541436.350413756
13250350,False,False,Austin Police Department,True,False,No,0,0,0,1,1,Possible Injury,1954,1,0,2013,Saturday,Pedalcyclist,Intersection,30.28429478,Dusk,-97.71913247,One Motor Vehicle - Turning Left,Not Applicable,Not Applicable,False,NONE,City Street,"Straight, Level",Main/Proper Lane,On Roadway,0,MANOR RD,2201,Dry,Marked Lanes,Clear,Not Worn,-10878044.067320846,3540145.8811505446
13216714,False,False,Austin Police Department,True,False,No,0,0,1,0,0,Non-Incapacitating Injury,1700,1,1,2013,Tuesday,Pedalcyclist,Intersection Related,30.32049538,Daylight,-97.71257919,One Motor Vehicle - Going Straight,Not Applicable,Not Applicable,False,NONE,US & State Highways,"Straight, Level",Service/Frontage Road,On Roadway,40,SS0069,NO DATA,Wet,Signal Light,Rain,Not Worn,-10877314.559528219,3544813.418424256
13216805,False,False,Austin Police Department,False,False,No,0,0,1,1,0,Non-Incapacitating Injury,1814,1,0,2013,Thursday,Pedalcyclist,Non Intersection,30.42496716,Daylight,-97.75521281,One Motor Vehicle - Turning Left,Not Applicable,Not Applicable,False,NONE,City Street,"Straight, Level",Main/Proper Lane,On Roadway,0,PAVILION BLVD,11901,Dry,Marked Lanes,Clear,Not Worn,-10882060.512397293,3558293.2082294994
13229944,False,False,Austin Police Department,False,False,No,0,0,1,1,0,Non-Incapacitating Injury,1648,1,0,2013,Sunday,Pedalcyclist,Non Intersection,30.24915668,Daylight,-97.74983873,One Motor Vehicle - Going Straight,Not Applicable,Not Applicable,False,NONE,City Street,"Straight, Grade",Main/Proper Lane,On Roadway,35,CONGRESS AVE S,1472,Dry,Marked Lanes,Clear,Not Worn,-10881462.27254821,3535616.9845369062
13256111,False,False,Austin Police Department,True,False,No,0,0,1,0,0,Non-Incapacitating Injury,2133,1,2,2013,Sunday,Pedalcyclist,Intersection,30.34156476,"Dark, Lighted",-97.70751247,One Motor Vehicle - Going Straight,Attention Diverted From Driving,Not Applicable,False,NONE,City Street,"Straight, Level",Main/Proper Lane,On Roadway,30,NORTHCREST BLVD,7701,Dry,Bike Lane,Cloudy,"Worn, Not Damaged",-10876750.534837827,3547530.80041261
13229927,True,False,Austin Police Department,True,False,No,0,0,1,1,0,Non-Incapacitating Injury,1937,1,0,2013,Monday,Pedalcyclist,Intersection,30.39840475,Dusk,-97.76747245,One Motor Vehicle - Going Straight,Attention Diverted From Driving,Not Applicable,False,NONE,City Street,"Straight, Level",Main/Proper Lane,On Roadway,25,SIMMONS RD,9499,Dry,Stop Sign,Cloudy,"Worn, Not Damaged",-10883425.249279402,3554864.5461237314
13229755,False,False,Austin Police Department,True,False,No,0,0,1,1,0,Non-Incapacitating Injury,1900,1,0,2013,Tuesday,Pedalcyclist,Driveway Access,30.30466477,Daylight,-97.72605247,One Motor Vehicle - Backing,One Vehicle Leaving Driveway,Entrance To Or Exit From Private Property Or Driveway,False,NONE,City Street,"Straight, Level",Main/Proper Lane,On Roadway,30,DUVAL ST,NO DATA,Dry,Bike Lane,Clear,Unknown If Worn,-10878814.398197135,3542772.0810257127
13250410,False,False,Austin Police Department,True,False,No,0,0,0,1,1,Possible Injury,1414,1,0,2013,Wednesday,Pedalcyclist,Intersection,30.29346477,Daylight,-97.74516246,One Motor Vehicle - Going Straight,Not Applicable,Not Applicable,False,NONE,City Street,"Straight, Hillcrest",Main/Proper Lane,On Roadway,0,SALADO ST,2801,Dry,Stop Sign,Clear,Not Worn,-10880941.712553,3541328.054116512
13250404,True,False,Austin Police Department,False,False,No,0,0,1,2,0,Non-Incapacitating Injury,225,1,1,2013,Sunday,Pedalcyclist,Non Intersection,30.26469083,"Dark, Lighted",-97.74405956,One Motor Vehicle - Going Straight,Attention Diverted From Driving,Not Applicable,False,NONE,City Street,"Straight, Level",Other (Explain In Narrative),On Roadway,35,CONGRESS AVE,241,Dry,Center Stripe/Divider,Clear,Not Worn,-10880818.938286604,3537618.9577755313
13250404,True,False,Austin Police Department,False,False,No,0,0,1,2,0,Non-Incapacitating Injury,225,1,1,2013,Sunday,Pedalcyclist,Non Intersection,30.26469083,"Dark, Lighted",-97.74405956,One Motor Vehicle - Going Straight,Attention Diverted From Driving,Not Applicable,False,NONE,City Street,"Straight, Level",Other (Explain In Narrative),On Roadway,35,CONGRESS AVE,241,Dry,Center Stripe/Divider,Clear,Not Worn,-10880818.938286604,3537618.9577755313
13250404,True,False,Austin Police Department,False,False,No,0,0,1,2,0,Non-Incapacitating Injury,225,1,1,2013,Sunday,Pedalcyclist,Non Intersection,30.26469083,"Dark, Lighted",-97.74405956,One Motor Vehicle - Going Straight,Attention Diverted From Driving,Not Applicable,False,NONE,City Street,"Straight, Level",Other (Explain In Narrative),On Roadway,35,CONGRESS AVE,241,Dry,Center Stripe/Divider,Clear,Not Worn,-10880818.938286604,3537618.9577755313
13302377,False,False,Austin Police Department,True,False,No,0,0,0,3,1,Possible Injury,1902,1,0,2013,Monday,Pedalcyclist,Intersection,30.35190476,Daylight,-97.72201246,One Motor Vehicle - Turning Right,Not Applicable,Not Applicable,False,BICYCLE,City Street,"Straight, Level",Main/Proper Lane,On Roadway,30,BURRELL DR,7901,Dry,Bike Lane,Clear,Not Worn,-10878364.666341135,3548864.595586143
13245132,False,False,Austin Police Department,False,False,No,0,0,0,1,1,Possible Injury,1715,1,0,2013,Thursday,Pedalcyclist,Non Intersection,30.27918252,Daylight,-97.74487485,One Motor Vehicle - Going Straight,Attention Diverted From Driving,Not Applicable,False,NONE,City Street,"Straight, Level",Main/Proper Lane,On Roadway,30,NUECES ST,1570,Dry,None,Clear,"Worn, Unk Damage",-10880909.695954252,3539486.8689082186
13236018,False,False,"Department Of Public Safety, State Of Texas",True,False,No,0,0,1,1,0,Non-Incapacitating Injury,1615,1,0,2013,Friday,Pedalcyclist,Intersection,30.28064927,Daylight,-97.73813048,One Motor Vehicle - Turning Right,Not Applicable,Not Applicable,False,NONE,City Street,"Straight, Grade",Main/Proper Lane,On Roadway,30,W MARTIN LUTHER KING JR BLVD,101,Dry,Signal Light,Clear,"Worn, Damaged",-10880158.91612013,3539675.9415005036
13245175,False,False,Austin Police Department,False,False,No,0,0,0,1,1,Possible Injury,1737,1,0,2013,Friday,Pedalcyclist,Driveway Access,30.29565477,Daylight,-97.73790246,One Motor Vehicle - Backing,One Vehicle Leaving Driveway,Entrance To Or Exit From Private Property Or Driveway,False,PUEGOT-AVORIAZ ROAD BICYCLE,City Street,"Straight, Grade",Main/Proper Lane,On Roadway,30,W 31ST ST,200,Dry,Marked Lanes,Clear,"Worn, Damaged",-10880133.53304984,3541610.3999776314
13245163,False,False,Austin Police Department,False,False,No,0,0,1,1,0,Non-Incapacitating Injury,213,1,0,2013,Sunday,Pedalcyclist,Driveway Access,30.2618526,"Dark, Unknown Lighting",-97.7388989,One Motor Vehicle - Turning Right,One Vehicle Entering Driveway,Entrance To Or Exit From Private Property Or Driveway,False,NONE,US & State Highways,"Straight, Level",Main/Proper Lane,On Roadway,0,SL0343,595,Dry,Marked Lanes,Clear,Not Worn,-10880244.456243247,3537253.155477419
13389335,False,False,Austin Police Department,False,False,No,0,0,0,1,1,Possible Injury,1417,1,0,2013,Sunday,Pedalcyclist,Intersection Related,30.37181608,Daylight,-97.71541341,One Motor Vehicle - Going Straight,Attention Diverted From Driving,Not Applicable,False,NONE,City Street,"Straight, Level",Main/Proper Lane,On Roadway,0,W RUNDBERG LN,NO DATA,Dry,None,Cloudy,Not Worn,-10877630.063455414,3551433.428160701
13245014,False,False,Austin Police Department,False,False,No,0,0,1,0,0,Non-Incapacitating Injury,1930,1,3,2013,Monday,Pedalcyclist,Driveway Access,30.34435456,Daylight,-97.75097455,One Motor Vehicle - Turning Right,One Vehicle Leaving Driveway,Entrance To Or Exit From Private Property Or Driveway,False,NONE,City Street,"Straight, Level",Main/Proper Lane,On Roadway,0,GREAT NORTHERN BLVD,6323,Dry,Center Stripe/Divider,Clear,"Worn, Not Damaged",-10881588.711452244,3547890.653241086
13245044,True,False,Austin Police Department,False,False,No,0,1,0,1,0,Incapacitating Injury,1838,1,0,2013,Monday,Pedalcyclist,Non Intersection,30.21376092,Daylight,-97.80067868,One Motor Vehicle - Going Straight,Not Applicable,Not Applicable,False,NONE,City Street,"Straight, Level",Main/Proper Lane,On Roadway,35,MANCHACA RD,5816,Dry,None,Clear,"Worn, Damaged",-10887121.749894166,3531056.515787487
13254074,True,False,Austin Police Department,False,True,No,0,0,1,1,0,Non-Incapacitating Injury,1015,1,0,2013,Monday,Pedalcyclist,Driveway Access,30.25396739,Daylight,-97.76278203,One Motor Vehicle - Turning Left,Construction - Within Posted Road Construction Zone (Not Related To Crash),Entrance To Or Exit From Private Property Or Driveway,False,BLUE HURLY BIKE,US & State Highways,"Straight, Level",Main/Proper Lane,On Roadway,40,SL0343,1258,Dry,Marked Lanes,Clear,"Worn, Damaged",-10882903.114113394,3536236.933936196
13245020,False,False,Austin Police Department,False,False,No,0,0,1,0,0,Non-Incapacitating Injury,1952,1,2,2013,Tuesday,Pedalcyclist,Non Intersection,30.20663492,"Dark, Lighted",-97.85953822,One Motor Vehicle - Going Straight,Not Applicable,Not Applicable,False,NONE,City Street,"Straight, Level",Main/Proper Lane,On Roadway,40,DAVIS LN,5000,Dry,Center Stripe/Divider,Cloudy,Unknown If Worn,-10893673.963915294,3530138.5844924045
13245022,True,False,Austin Police Department,False,False,No,0,0,1,1,0,Non-Incapacitating Injury,906,1,0,2013,Tuesday,Pedalcyclist,Driveway Access,30.29115888,Daylight,-97.72705509,One Motor Vehicle - Turning Left,One Vehicle Leaving Driveway,Entrance To Or Exit From Private Property Or Driveway,False,NONE,City Street,"Straight, Grade",Main/Proper Lane,On Roadway,35,RED RIVER ST,3215,Dry,Bike Lane,Clear,"Worn, Not Damaged",-10878926.009344993,3541030.7739451467
13268481,True,False,Austin Police Department,True,False,No,0,0,0,1,1,Possible Injury,1527,1,0,2013,Tuesday,Pedalcyclist,Intersection,30.28837477,Daylight,-97.72909247,One Motor Vehicle - Turning Right,Attention Diverted From Driving,Not Applicable,False,NONE,City Street,"Straight, Grade",Main/Proper Lane,On Roadway,0,E DEAN KEETON ST,824,Dry,Signal Light,Clear,Unknown If Worn,-10879152.809449147,3540671.8499621945
13300696,False,False,Austin Police Department,True,False,No,0,0,1,0,0,Non-Incapacitating Injury,837,1,1,2013,Thursday,Pedalcyclist,Intersection Related,30.30699477,Daylight,-97.72457247,One Motor Vehicle - Turning Right,Not Applicable,Not Applicable,False,NONE,City Street,"Straight, Level",Main/Proper Lane,On Roadway,30,E 45TH ST,NO DATA,Dry,Signal Light,Cloudy,Not Worn,-10878649.64535076,3543072.5109240534
13255080,False,False,Austin Police Department,False,False,No,0,0,1,1,0,Non-Incapacitating Injury,1540,1,0,2013,Friday,Pedalcyclist,Intersection Related,30.26912463,Daylight,-97.74241165,One Motor Vehicle - Going Straight,Attention Diverted From Driving,Not Applicable,False,NONE,City Street,"Straight, Level",Main/Proper Lane,On Roadway,25,CONGRESS AVE,715,Dry,Signal Light,Clear,Not Worn,-10880635.49378453,3538190.424602374
13255081,False,False,Austin Police Department,False,False,No,0,0,1,4,0,Non-Incapacitating Injury,1616,1,0,2013,Friday,Pedalcyclist,Non Intersection,30.19892943,Daylight,-97.77650793,One Motor Vehicle - Going Straight,Vehicle Changing Lanes,Not Applicable,False,NONE,City Street,"Straight, Level",Main/Proper Lane,On Roadway,45,S CONGRESS AVE,6234,Wet,Center Stripe/Divider,Rain,Not Worn,-10884431.074312074,3529146.0813373285
13254137,True,False,Austin Police Department,False,False,No,0,0,0,3,0,Not Injured,1529,0,1,2013,Saturday,Pedalcyclist,Non Intersection,30.24050579,Daylight,-97.76065523,One Motor Vehicle - Going Straight,Not Applicable,Not Applicable,False,NONE,City Street,"Straight, Level",Main/Proper Lane,On Roadway,35,S 1ST ST,2523,Dry,Marked Lanes,Cloudy,Not Worn,-10882666.359820377,3534502.2329344675