Crash ID,$1000 Damage to Any One Person's Property,Active School Zone Flag,Agency,At Intersection Flag,Construction Zone Flag,Construction Zone Workers Present Flag,Crash Death Count,Crash Incapacitating Injury Count,Crash Non-incapacitating Injury Count,Crash Not Injured Count,Crash Possible Injury Count,Crash Severity,Crash Time,Crash Total Injury Count,Crash Unknown Injury Count,Crash Year,Day of Week,First Harmful Event,Intersection Related,Latitude,Light Condition,Longitude,Manner of Collision,Other Factor,Physical Feature 1,Private Drive Flag,Property Damages,Road Class,Roadway Alignment,Roadway Part,Roadway Relation,Speed Limit,Street Name,Street Number,Surface Condition,Traffic Control Type,Weather Condition,Person Helmet,MercatorX,MercatorY
13276766,False,False,Austin Police Department,True,False,No,0,0,0,1,1,Possible Injury,15,1,0,2013,Sunday,Pedalcyclist,Intersection,30.26339563,"Dark, Lighted",-97.74449683,One Motor Vehicle - Turning Left,Attention Diverted From Driving,Not Applicable,False,NONE,US & State Highways,"Straight, Level",Main/Proper Lane,On Roadway,30,SL0343,100,Dry,Signal Light,Clear,Not Worn,-10880867.614960343,3537452.0259697665
13300788,True,False,Austin Police Department,True,False,No,0,0,1,1,0,Non-Incapacitating Injury,1656,1,0,2013,Monday,Pedalcyclist,Driveway Access,30.34303476,Daylight,-97.72502246,One Motor Vehicle - Turning Right,One Vehicle Entering Driveway,Entrance To Or Exit From Private Property Or Driveway,False,NONE,City Street,"Straight, Level",Main/Proper Lane,On Roadway,0,WOODROW AVE,7201,Dry,None,Clear,"Worn, Not Damaged",-10878699.738008425,3547720.412603998
13267677,False,False,Austin Police Department,True,False,No,0,0,0,2,1,Possible Injury,842,1,0,2013,Wednesday,Pedalcyclist,Intersection,30.21930022,Daylight,-97.75676212,One Motor Vehicle - Turning Right,Not Applicable,Not Applicable,False,NONE,US & State Highways,"Straight, Level",Service/Frontage Road,On Roadway,45,US0290,NO DATA,Dry,None,Clear,Not Worn,-10882232.980797576,3531770.103226751
13268101,False,False,Austin Police Department,False,False,No,0,0,0,1,1,Possible Injury,1931,1,0,2013,Wednesday,Pedalcyclist,Intersection Related,30.19500029,Daylight,-97.75815539,One Motor Vehicle - Going Straight,Not Applicable,Not Applicable,False,NONE,City Street,"Straight, Level",Main/Proper Lane,On Roadway,35,PONCIANA DR,NO DATA,Dry,Stop Sign,Clear,Not Worn,-10882388.078904513,3528640.019632166
13268427,False,False,Austin Police Department,False,False,No,0,0,1,1,0,Non-Incapacitating Injury,1453,1,0,2013,Friday,Pedalcyclist,Non Intersection,30.22805977,Daylight,-97.77508116,One Motor Vehicle - Going Straight,Not Applicable,Not Applicable,False,NONE,City Street,"Curve, Grade",Service/Frontage Road,On Roadway,45,W BEN WHITE BLVD,1000,Dry,Stop Sign,Clear,Not Worn,-10884272.247002197,3532898.613904214
13267549,True,False,Austin Police Department,False,False,No,0,0,1,0,0,Non-Incapacitating Injury,617,1,1,2013,Saturday,Pedalcyclist,Non Intersection,30.24283522,"Dark, Unknown Lighting",-97.71700341,One Motor Vehicle - Going Straight,Not Applicable,Not Applicable,False,NONE,City Street,"Straight, Grade",Main/Proper Lane,On Roadway,0,S PLEASANT VALLEY RD,963,Dry,Marked Lanes,Clear,Not Worn,-10877807.061445778,3534802.3930688417
13300797,False,False,Austin Police Department,True,False,No,0,0,1,0,0,Non-Incapacitating Injury,10,1,1,2013,Saturday,Pedalcyclist,Intersection,30.26961478,"Dark, Lighted",-97.74842246,One Motor Vehicle - Going Straight,Attention Diverted From Driving,Not Applicable,False,NONE,City Street,"Straight, Level",Main/Proper Lane,On Roadway,35,W 6TH ST,600,Dry,Signal Light,Clear,Not Worn,-10881304.614092985,3538253.6009949553
13267586,True,False,Austin Police Department,True,False,No,0,1,0,1,0,Incapacitating Injury,2046,1,0,2013,Sunday,Pedalcyclist,Intersection,30.20630479,"Dark, Not Lighted",-97.77961246,One Motor Vehicle - Going Straight,Attention Diverted From Driving,Not Applicable,False,BICYCLE,City Street,"Curve, Grade",Main/Proper Lane,On Roadway,30,BRAMBLE DR,500,Dry,None,Clear,Not Worn,-10884776.669010827,3530096.0606110515
13267596,False,False,Austin Police Department,True,False,No,0,0,1,1,0,Non-Incapacitating Injury,1430,1,0,2013,Sunday,Pedalcyclist,Intersection,30.30053477,Daylight,-97.68416248,One Motor Vehicle - Going Straight,Not Applicable,Not Applicable,False,NONE,City Street,"Straight, Grade",Main/Proper Lane,On Roadway,25,PECAN SPRINGS RD,2908,Dry,Stop Sign,Clear,Not Worn,-10874151.225840999,3542239.57690549
13276615,True,False,Austin Police Department,True,False,No,0,0,1,1,0,Non-Incapacitating Injury,806,1,0,2013,Sunday,Pedalcyclist,Intersection,30.24175107,Daylight,-97.81582798,One Motor Vehicle - Turning Right,Not Applicable,Not Applicable,False,NONE,US & State Highways,"Straight, Hillcrest",Service/Frontage Road,On Roadway,45,GAINES RANCH LOOP,4400,Dry,Stop Sign,Clear,"Worn, Unk Damage",-10888808.162256042,3534662.6933691977
13276649,False,False,Austin Police Department,False,False,No,0,0,1,1,0,Non-Incapacitating Injury,1625,1,0,2013,Tuesday,Pedalcyclist,Driveway Access,30.3577326,Daylight,-97.73039988,One Motor Vehicle - Going Straight,One Vehicle Leaving Driveway,Entrance To Or Exit From Private Property Or Driveway,False,NONE,Farm To Market,"Straight, Level",Other (Explain In Narrative),On Roadway,0,BURNET RD,7953,Dry,None,Clear,"Worn, Not Damaged",-10879298.349664604,3549616.4125160254
13302425,True,False,Austin Police Department,False,False,No,0,0,1,1,0,Non-Incapacitating Injury,1239,1,0,2013,Friday,Pedalcyclist,Intersection Related,30.317462,Daylight,-97.74608791,One Motor Vehicle - Going Straight,Attention Diverted From Driving,Not Applicable,False,NONE,City Street,"Straight, Level",Main/Proper Lane,On Roadway,35,SHOAL CREEK BLVD,4502,Dry,Stop Sign,Clear,"Worn, Not Damaged",-10881044.733175755,3544422.24231881
13276516,True,False,Austin Police Department,True,False,No,0,0,1,1,0,Non-Incapacitating Injury,1013,1,0,2013,Monday,Pedalcyclist,Intersection,30.30010477,Daylight,-97.68587248,One Motor Vehicle - Turning Left,Not Applicable,Not Applicable,False,NONE,City Street,"Straight, Hillcrest",Main/Proper Lane,On Roadway,35,MANOR RD,NO DATA,Dry,Marked Lanes,Clear,Not Worn,-10874341.582170257,3542184.135877193
13326850,False,False,Austin Police Department,True,False,No,0,0,1,1,0,Non-Incapacitating Injury,1913,1,0,2013,Tuesday,Pedalcyclist,Intersection,30.18087117,Daylight,-97.88174628,One Motor Vehicle - Turning Left,Not Applicable,Not Applicable,False,NONE,US & State Highways,"Straight, Level",Main/Proper Lane,On Roadway,65,SL0001,NO DATA,Dry,Stop Sign,Clear,"Worn, Unk Damage",-10896146.153846,3526820.39726933
13292191,True,False,Austin Police Department,True,False,No,0,1,0,1,0,Incapacitating Injury,2158,1,0,2013,Thursday,Pedalcyclist,Intersection Related,30.2768416,"Dark, Lighted",-97.7003275,One Motor Vehicle - Turning Left,Not Applicable,Not Applicable,False,NONE,US & State Highways,"Straight, Level",Main/Proper Lane,On Roadway,0,SL0111,1199,Dry,Signal Light,Clear,Not Worn,-10875950.707636062,3539185.116580925
13300621,False,False,Austin Police Department,True,False,No,0,0,1,1,0,Non-Incapacitating Injury,1630,1,0,2013,Thursday,Pedalcyclist,Intersection Related,30.31866845,Daylight,-97.70725807,One Motor Vehicle - Going Straight,Not Applicable,Not Applicable,False,NONE,Interstate,"Straight, Level",Service/Frontage Road,On Roadway,45,IH0035,NO DATA,Dry,Stop Sign,Clear,Not Worn,-10876722.21515937,3544577.8212480578
13292067,False,False,Austin Police Department,True,False,No,0,0,1,1,0,Non-Incapacitating Injury,901,1,0,2013,Friday,Pedalcyclist,Intersection,30.24515478,Daylight,-97.75132246,One Motor Vehicle - Going Straight,Attention Diverted From Driving,Not Applicable,False,BICYCLE,City Street,"Straight, Hillcrest",Main/Proper Lane,On Roadway,0,CONGRESS AVE S,1899,Dry,Signal Light,Clear,Not Worn,-10881627.440616285,3535101.288467981
13292210,False,False,Austin Police Department,False,False,No,0,0,1,1,0,Non-Incapacitating Injury,1251,1,0,2013,Saturday,Pedalcyclist,Intersection,30.29422111,Daylight,-97.72004537,One Motor Vehicle - Turning Right,Attention Diverted From Driving,Not Applicable,False,NONE,Interstate,"Straight, Level",Service/Frontage Road,On Roadway,35,IH0035,NO DATA,Dry,Signal Light,Clear,"Worn, Not Damaged",-10878145.69088399,3541425.564576658
13292219,False,False,Austin Police Department,True,True,No,0,1,0,2,0,Incapacitating Injury,1005,1,0,2013,Saturday,Pedalcyclist,Intersection,30.25659478,Daylight,-97.71110247,One Motor Vehicle - Going Straight,Construction - Within Posted Road Construction Zone (Not Related To Crash),Not Applicable,False,NONE,City Street,"Straight, Level",Main/Proper Lane,On Roadway,0,PLEASANT VALLEY RD N,501,Dry,Signal Light,Clear,"Worn, Damaged",-10877150.171809776,3536575.5347913774
13326869,False,False,Austin Police Department,False,False,No,0,0,1,0,0,Non-Incapacitating Injury,425,1,1,2013,Sunday,Pedalcyclist,Non Intersection,30.24057538,"Dark, Lighted",-97.72680371,One Motor Vehicle - Going Straight,Attention Diverted From Driving,Not Applicable,False,NONE,City Street,"Straight, Level",Main/Proper Lane,On Roadway,35,TINNIN FORD RD,1570,Dry,Marked Lanes,Clear,Not Worn,-10878898.025851399,3534511.1998935966
13301395,True,False,Austin Police Department,True,False,No,0,1,0,1,0,Incapacitating Injury,1708,1,0,2013,Monday,Pedalcyclist,Intersection,30.32295515,Daylight,-97.72822149,One Motor Vehicle - Going Straight,Not Applicable,Not Applicable,False,NONE,City Street,"Straight, Level",Main/Proper Lane,On Roadway,35,N LAMAR BLVD,NO DATA,Dry,Marked Lanes,Clear,Not Worn,-10879055.852399055,3545130.6322993445
13292207,False,False,Austin Police Department,True,False,No,0,0,0,2,1,Possible Injury,1718,1,0,2013,Tuesday,Pedalcyclist,Intersection,30.32279101,Daylight,-97.81431652,One Motor Vehicle - Turning Right,Attention Diverted From Driving,Not Applicable,False,NONE,US & State Highways,"Straight, Hillcrest",Main/Proper Lane,On Roadway,60,SL0360,NO DATA,Dry,Stop Sign,Clear,"Worn, Not Damaged",-10888639.907298487,3545109.4644277445
13300659,False,False,Austin Police Department,False,False,No,0,0,1,2,0,Non-Incapacitating Injury,734,1,0,2013,Wednesday,Pedalcyclist,Non Intersection,30.3218326,Daylight,-97.81545545,One Motor Vehicle - Going Straight,Attention Diverted From Driving,Not Applicable,False,NONE,US & State Highways,"Straight, Grade",Main/Proper Lane,Shoulder,60,SL0360,NO DATA,Dry,Marked Lanes,Clear,"Worn, Damaged",-10888766.692406137,3544985.86637985
13424566,False,False,Austin Police Department,False,False,No,0,1,0,1,0,Incapacitating Injury,1904,1,0,2013,Wednesday,Pedalcyclist,Driveway Access,30.2364044,Daylight,-97.72926181,One Motor Vehicle - Turning Left,One Vehicle Entering Driveway,Entrance To Or Exit From Private Property Or Driveway,False,NONE,City Street,"Straight, Grade",Main/Proper Lane,On Roadway,35,WOODLAND AVE,2083,Dry,None,Clear,"Worn, Unk Damage",-10879171.660291716,3533973.7630941863
13300610,True,False,Austin Police Department,False,False,No,0,0,0,4,0,Not Injured,1734,0,0,2013,Thursday,Motor Vehicle In Transport,Non Intersection,30.34668654,Daylight,-97.78479004,Same Direction - Both Going Straight-Rear End,"Slowing/Stopping-For Pedestrian, Pedalcyclist, etc. In Road",Not Applicable,False,NONE,Farm To Market,"Curve, Hillcrest",Main/Proper Lane,On Roadway,45,RM2222,4868,Dry,None,Cloudy,"Worn, Not Damaged",-10885353.03457997,3548191.46030814
13384355,False,False,Austin Police Department,False,False,No,0,0,1,1,0,Non-Incapacitating Injury,1555,1,0,2013,Thursday,Pedalcyclist,Driveway Access,30.26337111,Daylight,-97.7444061,One Motor Vehicle - Turning Left,One Vehicle Entering Driveway,Entrance To Or Exit From Private Property Or Driveway,False,NONE,US & State Highways,"Straight, Level",Main/Proper Lane,On Roadway,35,SL0343,100,Dry,None,Clear,"Worn, Not Damaged",-10880857.514942944,3537448.8657316784
13393212,True,False,Austin Police Department,True,False,No,0,0,1,1,0,Non-Incapacitating Injury,1753,1,0,2013,Thursday,Pedalcyclist,Intersection,30.25344478,Daylight,-97.71412247,One Motor Vehicle - Turning Left,Not Applicable,Not Applicable,False,NONE,City Street,"Straight, Level",Main/Proper Lane,On Roadway,35,LLANO ST,99,Dry,Stop Sign,Clear,"Worn, Unk Damage",-10877486.356671972,3536169.5844541555
13301357,False,False,Austin Police Department,False,False,No,0,0,1,0,0,Non-Incapacitating Injury,1358,1,1,2013,Monday,Pedalcyclist,Intersection Related,30.30902914,Daylight,-97.70965322,One Motor Vehicle - Going Straight,Not Applicable,Not Applicable,False,NONE,City Street,"Straight, Level",Main/Proper Lane,On Roadway,0,E 51ST ST,NO DATA,Dry,Signal Light,Clear,Not Worn,-10876988.842037743,3543334.828168107
13393141,False,False,Austin Police Department,True,False,No,0,0,0,2,0,Not Injured,1322,0,0,2013,Tuesday,Pedalcyclist,Intersection Related,30.36316179,Daylight,-97.6969604,One Motor Vehicle - Turning Right,Attention Diverted From Driving,Not Applicable,False,NONE,US & State Highways,"Straight, Level",Main/Proper Lane,On Roadway,45,SL0275,9401,Dry,Signal Light,Clear,Not Worn,-10875575.883778613,3550316.8421463394
13297418,False,False,Austin Police Department,False,False,No,0,0,1,1,0,Non-Incapacitating Injury,1740,1,0,2013,Wednesday,Pedalcyclist,Driveway Access,30.31740733,Daylight,-97.72862117,One Motor Vehicle - Going Straight,Not Applicable,Not Applicable,False,NONE,City Street,"Straight, Level",Main/Proper Lane,On Roadway,30,GUADALUPE ST,5075,Dry,None,Clear,Unknown If Worn,-10879100.344573135,3544415.1923413356
13309055,False,False,Austin Police Department,False,False,No,0,0,1,2,0,Non-Incapacitating Injury,2233,1,0,2013,Wednesday,Pedalcyclist,Driveway Access,30.26190966,"Dark, Lighted",-97.76149599,One Motor Vehicle - Going Straight,One Vehicle Leaving Driveway,Entrance To Or Exit From Private Property Or Driveway,False,NONE,City Street,"Straight, Level",Main/Proper Lane,On Roadway,35,BARTON SPRINGS RD,NO DATA,Dry,Bike Lane,Clear,Not Worn,-10882759.952795457,3537260.5094915563
13309249,False,False,Austin Police Department,True,False,No,0,0,0,1,1,Possible Injury,1922,1,0,2013,Saturday,Pedalcyclist,Intersection,30.30184477,Daylight,-97.73274246,One Motor Vehicle - Going Straight,Attention Diverted From Driving,Not Applicable,False,NONE,City Street,"Straight, Level",Main/Proper Lane,On Roadway,25,W 39TH ST,100,Dry,Stop Sign,Clear,Not Worn,-10879559.124477347,3542408.480141585
13312175,False,False,Austin Police Department,False,False,No,0,0,1,0,0,Non-Incapacitating Injury,2317,1,1,2013,Saturday,Pedalcyclist,Intersection Related,30.39899994,"Dark, Lighted",-97.70385552,One Motor Vehicle - Turning Right,Not Applicable,Not Applicable,False,BICYCLE,City Street,"Straight, Level",Main/Proper Lane,On Roadway,0,METRIC BLVD,11898,Dry,Bike Lane,Clear,Not Worn,-10876343.445025971,3554941.3627235442
13389337,True,False,Austin Police Department,False,False,No,0,0,1,3,0,Non-Incapacitating Injury,1413,1,0,2013,Saturday,Pedalcyclist,Non Intersection,30.25877196,Daylight,-97.71425963,One Motor Vehicle - Going Straight,Slowing/Stopping-For Traffic,Not Applicable,False,NONE,City Street,"Straight, Level",Main/Proper Lane,On Roadway,0,E 6TH ST,2558,Dry,None,Clear,Not Worn,-10877501.625253329,3536856.122386035
13312234,False,False,Austin Police Department,True,False,No,0,0,0,0,1,Possible Injury,1215,1,1,2013,Sunday,Pedalcyclist,Intersection,30.28857961,Daylight,-97.75275927,One Motor Vehicle - Going Straight,Not Applicable,Not Applicable,False,NONE,City Street,"Straight, Level",Main/Proper Lane,On Roadway,35,N LAMAR BLVD,2404,Dry,Crosswalk,Clear,Not Worn,-10881787.385573853,3540698.257331896
13475010,False,False,Austin Police Department,True,False,No,0,0,1,1,0,Non-Incapacitating Injury,2200,1,4,2013,Sunday,Pedalcyclist,Intersection Related,30.3630463,"Dark, Lighted",-97.69702522,One Motor Vehicle - Going Straight,Not Applicable,Not Applicable,False,NONE,US & State Highways,"Straight, Level",Main/Proper Lane,On Roadway,0,SL0275,NO DATA,Dry,Signal Light,Clear,"Worn, Unk Damage",-10875583.099508006,3550301.9421676407
13343635,False,False,Austin Police Department,True,False,No,0,0,0,0,1,Possible Injury,2210,1,1,2013,Monday,Pedalcyclist,Intersection Related,30.26574519,"Dark, Lighted",-97.73465308,One Motor Vehicle - Turning Left,Not Applicable,Not Applicable,False,NONE,Interstate,"Straight, Level",Main/Proper Lane,On Roadway,35,IH0035,NO DATA,Dry,Signal Light,Clear,Not Worn,-10879771.813722847,3537754.8505523666
13321573,False,False,Austin Police Department,True,False,No,0,0,1,0,0,Non-Incapacitating Injury,1637,1,1,2013,Sunday,Pedalcyclist,Intersection Related,30.45009475,Daylight,-97.81794244,One Motor Vehicle - Going Straight,Not Applicable,Not Applicable,False,NONE,City Street,"Straight, Level",Main/Proper Lane,On Roadway,25,STAR VIEW TRL,NO DATA,Dry,Stop Sign,Clear,Unknown If Worn,-10889043.542866543,3561537.5238393047
13384375,False,False,Austin Police Department,True,False,No,0,0,1,1,0,Non-Incapacitating Injury,2120,1,0,2013,Sunday,Pedalcyclist,Intersection,30.26339563,"Dark, Unknown Lighting",-97.74449683,One Motor Vehicle - Turning Left,Not Applicable,Not Applicable,False,NONE,US & State Highways,Unknown,Main/Proper Lane,On Roadway,0,SL0343,100,Dry,Signal Light,Clear,Unknown If Worn,-10880867.614960343,3537452.0259697665
13385828,True,False,Austin Police Department,False,False,No,0,0,1,1,0,Non-Incapacitating Injury,212,1,0,2013,Sunday,Pedalcyclist,Non Intersection,30.26715812,"Dark, Lighted",-97.74331302,One Motor Vehicle - Going Straight,Not Applicable,Not Applicable,False,NONE,City Street,"Straight, Level",Main/Proper Lane,On Roadway,30,W 5TH ST,111,Dry,Other (Explain In Narrative),Clear,Not Worn,-10880735.833833946,3537936.9604519075
13321451,False,False,Austin Police Department,True,False,No,0,0,1,1,0,Non-Incapacitating Injury,1701,1,0,2013,Tuesday,Pedalcyclist,Intersection,30.25558478,Daylight,-97.71157247,One Motor Vehicle - Going Straight,Not Applicable,Not Applicable,False,NONE,City Street,"Straight, Level",Main/Proper Lane,On Roadway,30,PLEASANT VALLEY RD N,321,Dry,Stop Sign,Clear,Not Worn,-10877202.491970448,3536445.3715193365
13384376,True,False,Austin Police Department,False,False,No,0,1,0,1,0,Incapacitating Injury,1113,1,0,2013,Tuesday,Pedalcyclist,Driveway Access,30.37097398,Daylight,-97.7574811,One Motor Vehicle - Going Straight,One Vehicle Leaving Driveway,Entrance To Or Exit From Private Property Or Driveway,False,NONE,City Street,"Straight, Grade",Main/Proper Lane,On Roadway,0,MESA DR,8075,Dry,None,Cloudy,"Worn, Unk Damage",-10882313.017285066,3551324.775152215
13389313,False,False,Austin Police Department,True,False,No,0,0,1,1,0,Non-Incapacitating Injury,1814,1,0,2013,Tuesday,Pedalcyclist,Intersection,30.37704523,Daylight,-97.67607944,One Motor Vehicle - Going Straight,Not Applicable,Not Applicable,False,NONE,Interstate,"Straight, Hillcrest",Service/Frontage Road,On Roadway,0,IH0035,NO DATA,Dry,Signal Light,Clear,Not Worn,-10873251.425944136,3552108.146747164
13384360,False,False,Austin Police Department,True,False,No,0,0,1,2,0,Non-Incapacitating Injury,1802,1,0,2013,Thursday,Pedalcyclist,Intersection,30.38841056,Daylight,-97.75166203,One Motor Vehicle - Turning Left,Not Applicable,Not Applicable,False,NONE,US & State Highways,Unknown,Main/Proper Lane,On Roadway,55,SL0360,NO DATA,Dry,Yield Sign,Clear,"Worn, Not Damaged",-10881665.241375774,3553574.7427333067
13334090,False,False,Austin Police Department,True,False,No,0,0,1,1,0,Non-Incapacitating Injury,1905,1,0,2013,Friday,Pedalcyclist,Intersection Related,30.42787039,Daylight,-97.70170558,One Motor Vehicle - Going Straight,Not Applicable,Not Applicable,False,NONE,US & State Highways,"Straight, Level",Main/Proper Lane,On Roadway,30,SL0001,NO DATA,Dry,Stop Sign,Cloudy,Not Worn,-10876104.114799935,3558668.012228582
13333339,False,False,Austin Police Department,True,False,No,0,1,0,2,0,Incapacitating Injury,1351,1,0,2013,Saturday,Pedalcyclist,Intersection Related,30.29871477,Daylight,-97.72979246,One Motor Vehicle - Going Straight,Not Applicable,Not Applicable,False,NONE,City Street,"Straight, Level",Main/Proper Lane,On Roadway,0,E 38TH ST,500,Dry,Signal Light,Cloudy,Not Worn,-10879230.731979508,3542004.92119319
13334140,False,False,Austin Police Department,False,False,No,0,0,0,1,1,Possible Injury,1205,1,0,2013,Sunday,Pedalcyclist,Non Intersection,30.26020066,Daylight,-97.74569611,One Motor Vehicle - Going Straight,Attention Diverted From Driving,Not Applicable,False,NONE,City Street,"Straight, Grade",Main/Proper Lane,On Roadway,35,CONGRESS AVE S,NO DATA,Dry,Marked Lanes,Clear,Unknown If Worn,-10881001.11819926,3537040.2517899387
13334252,False,False,Austin Police Department,True,False,No,0,0,1,3,0,Non-Incapacitating Injury,1756,1,0,2013,Monday,Pedalcyclist,Intersection,30.26855933,Daylight,-97.77736834,One Motor Vehicle - Going Straight,Not Applicable,Not Applicable,False,NONE,US & State Highways,"Straight, Level",Main/Proper Lane,On Roadway,35,SL0001,NO DATA,Dry,Stop Sign,Clear,Unknown If Worn,-10884526.854715148,3538117.5623709206
13334257,True,False,Austin Police Department,False,False,No,0,1,0,1,0,Incapacitating Injury,1604,1,0,2013,Tuesday,Pedalcyclist,Non Intersection,30.17021819,Daylight,-97.82508296,One Motor Vehicle - Going Straight,Attention Diverted From Driving,Not Applicable,False,NONE,Farm To Market,"Straight, Grade",Main/Proper Lane,Shoulder,55,FM2304,10067,Dry,Marked Lanes,Clear,"Worn, Damaged",-10889838.421916943,3525448.6230435153
13372841,True,False,Austin Police Department,False,False,No,1,0,0,1,0,Killed,1045,0,0,2013,Tuesday,Pedalcyclist,Non Intersection,30.23410373,Daylight,-97.8647541,One Motor Vehicle - Going Straight,Not Applicable,Not Applicable,False,NONE,US & State Highways,"Straight, Level",Main/Proper Lane,On Roadway,40,US0290,NO DATA,Dry,None,Clear,Not Worn,-10894254.59302093,3533677.3281989703
13351216,False,False,Austin Police Department,False,False,No,0,1,0,1,0,Incapacitating Injury,1427,1,0,2013,Friday,Pedalcyclist,Driveway Access,30.24330014,Daylight,-97.72928997,One Motor Vehicle - Turning Right,One Vehicle Leaving Driveway,Entrance To Or Exit From Private Property Or Driveway,False,NONE,City Street,"Straight, Level",Other (Explain In Narrative),Off Roadway,0,E RIVERSIDE DR,1800,Dry,None,Clear,Not Worn,-10879174.795048578,3534862.3014728813
13343690,True,False,Austin Police Department,True,False,No,0,0,1,0,0,Non-Incapacitating Injury,1130,1,1,2013,Saturday,Pedalcyclist,Intersection Related,30.37147476,Daylight,-97.75722245,One Motor Vehicle - Turning Left,Not Applicable,Not Applicable,False,NONE,City Street,"Straight, Level",Main/Proper Lane,On Roadway,35,SPICEWOOD SPRINGS RD,NO DATA,Dry,Signal Light,Clear,"Worn, Not Damaged",-10882284.224498771,3551389.3888069037
13351103,False,False,Austin Police Department,True,False,No,0,0,1,0,0,Non-Incapacitating Injury,1520,1,1,2013,Saturday,Pedalcyclist,Intersection Related,30.43205475,Unknown,-97.73867246,One Motor Vehicle - Going Straight,Attention Diverted From Driving,Not Applicable,False,NONE,City Street,"Curve, Grade",Main/Proper Lane,On Roadway,30,RIATA VISTA CIR,12599,Unknown,Stop Sign,Unknown,Unknown If Worn,-10880219.249057751,3559208.228414576
13343639,True,False,Austin Police Department,False,False,No,0,0,2,1,0,Non-Incapacitating Injury,1107,2,0,2013,Monday,Pedalcyclist,Intersection Related,30.19400381,Daylight,-97.74475828,One Motor Vehicle - Going Straight,Not Applicable,Not Applicable,False,NONE,City Street,"Straight, Hillcrest",Main/Proper Lane,On Roadway,35,E STASSNEY LN,NO DATA,Dry,Signal Light,Clear,Not Worn,-10880896.71944121,3528511.679141791
13343639,True,False,Austin Police Department,False,False,No,0,0,2,1,0,Non-Incapacitating Injury,1107,2,0,2013,Monday,Pedalcyclist,Intersection Related,30.19400381,Daylight,-97.74475828,One Motor Vehicle - Going Straight,Not Applicable,Not Applicable,False,NONE,City Street,"Straight, Hillcrest",Main/Proper Lane,On Roadway,35,E STASSNEY LN,NO DATA,Dry,Signal Light,Clear,Not Worn,-10880896.71944121,3528511.679141791
13354343,False,False,"Department Of Public Safety, State Of Texas",True,False,No,0,0,1,1,0,Non-Incapacitating Injury,652,1,0,2013,Wednesday,Pedalcyclist,Intersection,30.27684478,Daylight,-97.73953246,One Motor Vehicle - Going Straight,Not Applicable,Not Applicable,False,NONE,City Street,"Straight, Level",Main/Proper Lane,On Roadway,35,W 15TH ST,NO DATA,Dry,Signal Light,Clear,Not Worn,-10880314.983819833,3539185.526488557
13389464,False,False,Austin Police Department,True,False,No,0,0,1,1,0,Non-Incapacitating Injury,1512,1,0,2013,Sunday,Pedalcyclist,Intersection,30.29012477,Daylight,-97.71460247,One Motor Vehicle - Turning Left,Not Applicable,Not Applicable,False,NONE,City Street,"Straight, Grade",Main/Proper Lane,On Roadway,35,CHERRYWOOD RD,3501,Dry,Center Stripe/Divider,Clear,"Worn, Damaged",-10877539.790027551,3540897.4565866464
13416916,False,False,Austin Police Department,True,False,No,0,0,1,0,0,Non-Incapacitating Injury,2258,1,1,2013,Sunday,Pedalcyclist,Intersection Related,30.26339563,"Dark, Lighted",-97.74449683,One Motor Vehicle - Turning Right,Attention Diverted From Driving,Not Applicable,False,NONE,US & State Highways,"Straight, Level",Main/Proper Lane,On Roadway,30,SL0343,100,Dry,Crosswalk,Clear,Not Worn,-10880867.614960343,3537452.0259697665
13351196,False,False,Austin Police Department,True,False,No,0,0,1,1,0,Non-Incapacitating Injury,1256,1,0,2013,Monday,Pedalcyclist,Intersection,30.27807478,Daylight,-97.77256246,One Motor Vehicle - Turning Left,Not Applicable,Not Applicable,False,NONE,City Street,"Straight, Level",Main/Proper Lane,On Roadway,35,LAKE AUSTIN BLVD,NO DATA,Dry,Marked Lanes,Clear,"Worn, Unk Damage",-10883991.866600735,3539344.0766627737
13389466,False,False,Austin Police Department,True,False,No,0,1,0,1,0,Incapacitating Injury,1054,1,0,2013,Monday,Pedalcyclist,Intersection,30.29380477,Daylight,-97.73289246,One Motor Vehicle - Turning Left,Not Applicable,Not Applicable,False,NONE,City Street,"Straight, Grade",Main/Proper Lane,On Roadway,0,DUVAL ST,3117,Dry,Signal Light,Clear,"Worn, Not Damaged",-10879575.822400965,3541371.8882203256
13384308,False,False,Austin Police Department,True,False,No,0,0,1,1,0,Non-Incapacitating Injury,901,1,0,2013,Tuesday,Pedalcyclist,Intersection,30.275817,Daylight,-97.7473108,One Motor Vehicle - Turning Left,Not Applicable,Not Applicable,False,NONE,City Street,"Straight, Hillcrest",Main/Proper Lane,On Roadway,35,W 12TH ST,701,Dry,Signal Light,Clear,Not Worn,-10881180.86466785,3539053.0445181197