Crash ID,$1000 Damage to Any One Person's Property,Active School Zone Flag,Agency,At Intersection Flag,Construction Zone Flag,Construction Zone Workers Present Flag,Crash Death Count,Crash Incapacitating Injury Count,Crash Non-incapacitating Injury Count,Crash Not Injured Count,Crash Possible Injury Count,Crash Severity,Crash Time,Crash Total Injury Count,Crash Unknown Injury Count,Crash Year,Day of Week,First Harmful Event,Intersection Related,Latitude,Light Condition,Longitude,Manner of Collision,Other Factor,Physical Feature 1,Private Drive Flag,Property Damages,Road Class,Roadway Alignment,Roadway Part,Roadway Relation,Speed Limit,Street Name,Street Number,Surface Condition,Traffic Control Type,Weather Condition,Person Helmet,MercatorX,MercatorY
13358174,False,False,Austin Police Department,False,False,No,0,0,0,1,0,Not Injured,2159,0,1,2013,Thursday,Pedalcyclist,Intersection Related,30.24391479,"Dark, Lighted",-97.76432246,One Motor Vehicle - Going Straight,Attention Diverted From Driving,Not Applicable,False,BICYCLE REAR FENDER,City Street,"Straight, Level",Main/Proper Lane,On Roadway,0,W OLTORF ST,1000,Dry,Signal Light,Clear,"Worn, Not Damaged",-10883074.5939966,3534941.5041374275
13366465,False,False,Austin Police Department,False,False,No,0,0,1,3,0,Non-Incapacitating Injury,2217,1,0,2013,Thursday,Pedalcyclist,Non Intersection,30.26258856,"Dark, Lighted",-97.74478095,One Motor Vehicle - Going Straight,Not Applicable,Not Applicable,False,NONE,City Street,"Straight, Level",Main/Proper Lane,On Roadway,35,CONGRESS AVE,NO DATA,Dry,None,Clear,Not Worn,-10880899.243054068,3537348.007895121
13366465,False,False,Austin Police Department,False,False,No,0,0,1,3,0,Non-Incapacitating Injury,2217,1,0,2013,Thursday,Pedalcyclist,Non Intersection,30.26258856,"Dark, Lighted",-97.74478095,One Motor Vehicle - Going Straight,Not Applicable,Not Applicable,False,NONE,City Street,"Straight, Level",Main/Proper Lane,On Roadway,35,CONGRESS AVE,NO DATA,Dry,None,Clear,Unknown If Worn,-10880899.243054068,3537348.007895121
13366465,False,False,Austin Police Department,False,False,No,0,0,1,3,0,Non-Incapacitating Injury,2217,1,0,2013,Thursday,Pedalcyclist,Non Intersection,30.26258856,"Dark, Lighted",-97.74478095,One Motor Vehicle - Going Straight,Not Applicable,Not Applicable,False,NONE,City Street,"Straight, Level",Main/Proper Lane,On Roadway,35,CONGRESS AVE,NO DATA,Dry,None,Clear,Unknown If Worn,-10880899.243054068,3537348.007895121
13384573,True,False,Austin Police Department,True,False,No,0,0,1,1,0,Non-Incapacitating Injury,928,1,0,2013,Thursday,Pedalcyclist,Intersection,30.21795479,Daylight,-97.79200245,One Motor Vehicle - Going Straight,Not Applicable,Not Applicable,False,NONE,City Street,"Straight, Level",Main/Proper Lane,On Roadway,25,FAIR OAKS DR,1700,Dry,Stop Sign,Clear,"Worn, Not Damaged",-10886155.916388562,3531596.7776417527
13385821,False,False,Austin Police Department,False,False,No,0,0,1,1,0,Non-Incapacitating Injury,1155,1,0,2013,Friday,Pedalcyclist,Intersection Related,30.30724478,Daylight,-97.74752246,One Motor Vehicle - Going Straight,Attention Diverted From Driving,Not Applicable,False,NONE,City Street,"Straight, Level",Main/Proper Lane,On Roadway,30,SHOAL CREEK BLVD,3800,Dry,Signal Light,Clear,"Worn, Not Damaged",-10881204.426551271,3543104.7476053145
13416917,False,False,Austin Police Department,False,False,No,0,0,1,0,0,Non-Incapacitating Injury,1120,1,1,2013,Friday,Pedalcyclist,Non Intersection,30.26088478,Daylight,-97.71372246,One Motor Vehicle - Going Straight,Not Applicable,Not Applicable,False,NONE,City Street,"Straight, Level",Main/Proper Lane,On Roadway,35,E 7TH ST,2500,Dry,Marked Lanes,Clear,Not Worn,-10877441.827762458,3537128.4214286427
13358144,False,False,Austin Police Department,True,False,No,0,0,1,1,0,Non-Incapacitating Injury,1249,1,0,2013,Saturday,Pedalcyclist,Intersection,30.30125477,Daylight,-97.76532246,One Motor Vehicle - Going Straight,Not Applicable,Not Applicable,False,NONE,City Street,"Straight, Grade",Main/Proper Lane,On Roadway,35,EXPOSITION BLVD,2613,Dry,Stop Sign,Clear,"Worn, Damaged",-10883185.913487392,3542332.4089391427
13358150,False,False,Austin Police Department,True,False,No,0,0,1,1,0,Non-Incapacitating Injury,1730,1,0,2013,Sunday,Pedalcyclist,Intersection,30.26522478,Daylight,-97.74003246,One Motor Vehicle - Going Straight,Not Applicable,Not Applicable,False,NONE,City Street,"Straight, Level",Main/Proper Lane,On Roadway,30,TRINITY ST,399,Dry,Stop Sign,Clear,"Worn, Not Damaged",-10880370.64356523,3537687.7765432196
13384335,True,False,Austin Police Department,True,False,No,0,0,1,1,0,Non-Incapacitating Injury,804,1,0,2013,Sunday,Pedalcyclist,Intersection,30.41164475,Daylight,-97.76756245,One Motor Vehicle - Turning Left,Attention Diverted From Driving,Not Applicable,False,NONE,City Street,"Curve, Grade",Main/Proper Lane,On Roadway,30,RAIN CREEK PKWY,6502,Dry,None,Clear,"Worn, Damaged",-10883435.268033575,3556573.4418316274
13389397,True,False,Austin Police Department,False,False,No,0,1,0,1,0,Incapacitating Injury,942,1,0,2013,Tuesday,Pedalcyclist,Non Intersection,30.33644588,Daylight,-97.77646537,One Motor Vehicle - Going Straight,Not Applicable,Not Applicable,False,NONE,City Street,"Curve, Grade",Main/Proper Lane,On Roadway,30,MT BONNELL RD,5200,Dry,Center Stripe/Divider,Clear,"Worn, Damaged",-10884426.336554546,3546870.549126677
13366569,True,False,Austin Police Department,True,False,No,0,0,1,1,0,Non-Incapacitating Injury,1012,1,0,2013,Friday,Pedalcyclist,Intersection,30.31203477,Daylight,-97.74720246,One Motor Vehicle - Going Straight,Not Applicable,Not Applicable,False,NONE,City Street,"Straight, Level",Main/Proper Lane,On Roadway,36,W 41ST ST,1700,Dry,Stop Sign,Clear,"Worn, Not Damaged",-10881168.804314218,3543722.392303273
13366571,False,False,Austin Police Department,True,False,No,0,0,1,5,0,Non-Incapacitating Injury,1206,1,0,2013,Friday,Pedalcyclist,Intersection,30.28793478,Daylight,-97.74463246,One Motor Vehicle - Turning Left,Not Applicable,Not Applicable,False,NONE,City Street,"Straight, Level",Main/Proper Lane,On Roadway,30,W 24TH ST,700,Dry,Signal Light,Clear,"Worn, Damaged",-10880882.71322288,3540615.127933261
13416973,True,False,Austin Police Department,True,False,No,0,0,0,1,1,Possible Injury,1311,1,0,2013,Friday,Pedalcyclist,Intersection,30.27367478,Daylight,-97.74456246,One Motor Vehicle - Going Straight,Not Applicable,Not Applicable,False,NONE,City Street,"Straight, Level",Main/Proper Lane,On Roadway,30,W 11TH ST,400,Dry,Signal Light,Clear,Not Worn,-10880874.920858523,3538776.9144674465
13389451,False,False,Austin Police Department,False,False,No,0,0,1,2,0,Non-Incapacitating Injury,418,1,0,2013,Sunday,Pedalcyclist,Intersection Related,30.30837374,"Dark, Lighted",-97.71563566,One Motor Vehicle - Going Straight,Vehicle Changing Lanes,Not Applicable,False,NONE,City Street,"Straight, Level",Main/Proper Lane,On Roadway,40,AIRPORT BLVD,4803,Dry,Marked Lanes,Clear,Not Worn,-10877654.804212244,3543250.3185011805
13389392,False,False,Austin Police Department,True,False,No,0,0,1,1,0,Non-Incapacitating Injury,1110,1,0,2013,Monday,Pedalcyclist,Intersection Related,30.24433907,Daylight,-97.78131563,One Motor Vehicle - Turning Left,Not Applicable,Not Applicable,False,NONE,US & State Highways,"Straight, Level",Main/Proper Lane,On Roadway,30,SL0343,2802,Wet,Signal Light,Rain,Not Worn,-10884966.26502796,3534996.176364136
13416951,False,False,Austin Police Department,True,False,No,0,0,0,2,0,Not Injured,2100,0,0,2013,Tuesday,Pedalcyclist,Intersection Related,30.37210476,"Dark, Lighted",-97.70319247,One Motor Vehicle - Going Straight,Not Applicable,Not Applicable,False,NONE,City Street,"Straight, Level",Main/Proper Lane,On Roadway,0,PARKFIELD DR,9799,Wet,Stop Sign,Rain,Unknown If Worn,-10876269.634637602,3551470.6756751006
13417060,False,False,Austin Police Department,False,False,No,0,0,1,0,1,Non-Incapacitating Injury,1227,2,0,2013,Tuesday,Pedalcyclist,Non Intersection,30.21921794,Daylight,-97.74380878,One Motor Vehicle - Going Straight,Not Applicable,Not Applicable,False,BICYCLE,City Street,"Curve, Grade",Main/Proper Lane,On Roadway,30,WOODWARD ST,1921,Dry,None,Clear,Unknown If Worn,-10880791.021584703,3531759.503403128
13417029,False,False,Austin Police Department,True,False,No,0,0,1,3,0,Non-Incapacitating Injury,1806,1,0,2013,Thursday,Pedalcyclist,Driveway Access,30.26606478,Daylight,-97.76887246,One Motor Vehicle - Turning Left,One Vehicle Entering Driveway,Entrance To Or Exit From Private Property Or Driveway,False,NONE,City Street,"Straight, Level",Main/Proper Lane,On Roadway,35,BARTON SPRINGS RD,NO DATA,Dry,Bike Lane,Clear,"Worn, Not Damaged",-10883581.097679708,3537796.0416791313
13384869,False,False,Austin Police Department,False,False,No,0,0,1,1,0,Non-Incapacitating Injury,103,1,0,2013,Friday,Pedalcyclist,Non Intersection,30.30132477,Daylight,-97.73523246,One Motor Vehicle - Going Straight,Not Applicable,Not Applicable,False,NONE,City Street,"Straight, Level",Main/Proper Lane,On Roadway,40,W 38TH ST,300,Dry,None,Clear,"Worn, Damaged",-10879836.310009424,3542341.434312109
13521486,True,False,Austin Police Department,False,False,No,0,0,2,1,0,Non-Incapacitating Injury,1544,2,1,2013,Friday,Motor Vehicle In Transport,Driveway Access,30.35768148,Daylight,-97.70006534,Angle - Both Going Straight,One Vehicle Leaving Driveway,Entrance To Or Exit From Private Property Or Driveway,False,DAIRY QUEEN SIGN,US & State Highways,"Straight, Level",Main/Proper Lane,On Roadway,45,SL0275,8838,Dry,None,Clear,Unknown If Worn,-10875921.524118355,3549609.817617031
13811981,True,False,Austin Police Department,False,False,No,0,0,0,1,0,Not Injured,2226,0,1,2013,Friday,Pedalcyclist,Non Intersection,30.26567374,"Dark, Lighted",-97.74633934,One Motor Vehicle - Going Straight,Not Applicable,Not Applicable,False,NONE,City Street,"Straight, Level",Main/Proper Lane,On Roadway,0,LAVACA ST,273,Dry,None,Clear,Unknown If Worn,-10881072.722235326,3537745.6415653927
13385021,True,False,Austin Police Department,True,False,No,0,0,1,1,0,Non-Incapacitating Injury,1457,1,0,2013,Sunday,Pedalcyclist,Intersection,30.22111479,Daylight,-97.87322243,One Motor Vehicle - Going Straight,Not Applicable,Not Applicable,False,NONE,City Street,"Straight, Level",Main/Proper Lane,On Roadway,0,OASIS DR,NO DATA,Dry,Stop Sign,Clear,Unknown If Worn,-10895197.2832044,3532003.869724137
13385800,False,False,Austin Police Department,True,False,No,0,0,0,0,1,Possible Injury,1930,1,1,2013,Sunday,Pedalcyclist,Intersection Related,30.1792148,"Dark, Lighted",-97.84105244,One Motor Vehicle - Going Straight,Not Applicable,Not Applicable,False,NONE,City Street,"Straight, Level",Main/Proper Lane,On Roadway,35,W GATE BLVD,NO DATA,Dry,Bike Lane,Clear,Not Worn,-10891616.136298778,3526607.0983235575
13384639,False,False,Austin Police Department,False,False,No,0,0,1,1,0,Non-Incapacitating Injury,949,1,0,2013,Monday,Pedalcyclist,Driveway Access,30.28843784,Daylight,-97.75160047,One Motor Vehicle - Turning Left,One Vehicle Entering Driveway,Entrance To Or Exit From Private Property Or Driveway,False,NONE,City Street,"Straight, Grade",Main/Proper Lane,On Roadway,30,W 24TH ST,1311,Dry,Center Stripe/Divider,Clear,Not Worn,-10881658.388547922,3540679.9807550265
13392154,True,False,Austin Police Department,False,False,No,0,0,0,3,1,Possible Injury,1322,1,0,2013,Wednesday,Pedalcyclist,Intersection,30.40005475,Daylight,-97.65262248,One Motor Vehicle - Going Straight,Attention Diverted From Driving,Not Applicable,False,NONE,City Street,"Straight, Level",Main/Proper Lane,On Roadway,45,HARRISGLENN DR,12800,Dry,None,Cloudy,Not Worn,-10870640.20910138,3555077.5000950214
13448938,False,False,Austin Police Department,True,False,No,0,1,0,2,0,Incapacitating Injury,1840,1,0,2013,Thursday,Pedalcyclist,Intersection,30.41002475,Daylight,-97.77689245,One Motor Vehicle - Turning Right,Not Applicable,Not Applicable,False,NONE,City Street,"Straight, Grade",Main/Proper Lane,On Roadway,30,VILLA MARIA LN,7298,Dry,Marked Lanes,Clear,Unknown If Worn,-10884473.878882675,3556364.334898456
13391977,False,False,Austin Police Department,False,False,No,0,0,1,2,0,Non-Incapacitating Injury,949,1,0,2013,Friday,Pedalcyclist,Non Intersection,30.17090345,Daylight,-97.75318309,One Motor Vehicle - Going Straight,Attention Diverted From Driving,Not Applicable,False,NONE,City Street,"Straight, Grade",Main/Proper Lane,On Roadway,35,S PLEASANT VALLEY RD,NO DATA,Dry,Marked Lanes,Clear,Not Worn,-10881834.565000439,3525536.8588673426
13392209,False,False,Austin Police Department,False,False,No,0,0,0,1,1,Possible Injury,1153,1,0,2013,Friday,Pedalcyclist,Driveway Access,30.28061478,Daylight,-97.74198246,One Motor Vehicle - Turning Right,One Vehicle Entering Driveway,Entrance To Or Exit From Private Property Or Driveway,False,NONE,City Street,"Straight, Level",Main/Proper Lane,Off Roadway,35,GUADALUPE ST,1800,Dry,Center Stripe/Divider,Clear,Not Worn,-10880587.716572277,3539671.495506777
13408723,False,False,Austin Police Department,True,False,No,0,0,1,1,0,Non-Incapacitating Injury,1821,1,0,2013,Thursday,Pedalcyclist,Intersection,30.26121478,Daylight,-97.70666247,One Motor Vehicle - Going Straight,Not Applicable,Not Applicable,False,NONE,City Street,"Straight, Level",Main/Proper Lane,On Roadway,30,PRADO ST,3000,Dry,Stop Sign,Clear,Not Worn,-10876655.913270654,3537170.9521703324
13408671,False,False,Austin Police Department,True,False,No,0,0,1,2,0,Non-Incapacitating Injury,1008,1,0,2013,Saturday,Pedalcyclist,Intersection,30.27330861,Daylight,-97.68869065,One Motor Vehicle - Going Straight,Not Applicable,Not Applicable,False,NONE,City Street,"Straight, Grade",Main/Proper Lane,On Roadway,30,LEDESMA RD,4797,Dry,Stop Sign,Clear,Unknown If Worn,-10874655.299419625,3538729.7161177676
13408672,True,False,Austin Police Department,False,False,No,0,0,1,4,0,Non-Incapacitating Injury,227,1,0,2013,Saturday,Pedalcyclist,Non Intersection,30.24127061,"Dark, Lighted",-97.71799027,One Motor Vehicle - Going Straight,Attention Diverted From Driving,Not Applicable,False,NONE,City Street,"Straight, Level",Main/Proper Lane,On Roadway,45,S PLEASANT VALLEY RD,1128,Dry,None,Clear,Not Worn,-10877916.91819846,3534600.783501181
13408576,False,False,Austin Police Department,True,False,No,0,0,1,1,0,Non-Incapacitating Injury,2140,1,0,2013,Wednesday,Pedalcyclist,Intersection,30.28223728,"Dark, Lighted",-97.74377082,One Motor Vehicle - Turning Left,Attention Diverted From Driving,Not Applicable,False,NONE,City Street,"Straight, Level",Main/Proper Lane,On Roadway,0,MARTIN LUTHER KING BLVD W,508,Dry,Signal Light,Clear,Unknown If Worn,-10880786.795896832,3539880.648397279
13419730,True,False,Austin Police Department,True,False,No,0,0,2,1,0,Non-Incapacitating Injury,2114,2,0,2013,Thursday,Pedalcyclist,Intersection,30.24932478,"Dark, Lighted",-97.75517246,One Motor Vehicle - Turning Left,Not Applicable,Not Applicable,False,TANDEM BICYCLE,City Street,"Straight, Level",Main/Proper Lane,On Roadway,35,S 1ST ST,NO DATA,Wet,Marked Lanes,Rain,"Worn, Not Damaged",-10882056.02065584,3535638.646834504
13419730,True,False,Austin Police Department,True,False,No,0,0,2,1,0,Non-Incapacitating Injury,2114,2,0,2013,Thursday,Pedalcyclist,Intersection,30.24932478,"Dark, Lighted",-97.75517246,One Motor Vehicle - Turning Left,Not Applicable,Not Applicable,False,TANDEM BICYCLE,City Street,"Straight, Level",Main/Proper Lane,On Roadway,35,S 1ST ST,NO DATA,Wet,Marked Lanes,Rain,Not Worn,-10882056.02065584,3535638.646834504
13424573,False,False,Austin Police Department,True,False,No,0,0,1,1,0,Non-Incapacitating Injury,2045,1,0,2013,Thursday,Pedalcyclist,Intersection Related,30.30699477,"Dark, Lighted",-97.72457247,One Motor Vehicle - Turning Left,Not Applicable,Not Applicable,False,NONE,City Street,"Curve, Grade",Main/Proper Lane,On Roadway,0,DUVAL ST,4431,Wet,Signal Light,Rain,Unknown If Worn,-10878649.64535076,3543072.5109240534
13439321,False,False,Austin Police Department,True,False,No,0,0,1,1,0,Non-Incapacitating Injury,2045,1,0,2013,Thursday,Pedalcyclist,Intersection Related,30.30699477,"Dark, Lighted",-97.72457247,One Motor Vehicle - Turning Left,Not Applicable,Not Applicable,False,NONE,City Street,"Curve, Grade",Main/Proper Lane,On Roadway,-1,DUVAL ST,4431,Wet,Signal Light,Rain,Not Worn,-10878649.64535076,3543072.5109240534
13463730,False,False,Austin Police Department,False,False,No,0,0,1,1,0,Non-Incapacitating Injury,1936,1,0,2013,Friday,Pedalcyclist,Intersection Related,30.26962787,Daylight,-97.74841777,One Motor Vehicle - Going Straight,Not Applicable,Not Applicable,False,NONE,City Street,"Straight, Level",Main/Proper Lane,On Roadway,30,NUECES ST,602,"Sand, Mud, Dirt",Signal Light,Clear,"Worn, Not Damaged",-10881304.092004573,3538255.288194993
13424480,False,False,Austin Police Department,False,False,No,0,0,1,1,0,Non-Incapacitating Injury,2237,1,0,2013,Sunday,Pedalcyclist,Non Intersection,30.36639165,"Dark, Lighted",-97.72813786,One Motor Vehicle - Going Straight,Not Applicable,Not Applicable,False,NONE,City Street,"Straight, Level",Main/Proper Lane,Off Roadway,0,BURNET RD,8506,Dry,None,Clear,"Worn, Unk Damage",-10879046.54275004,3550733.5506778476
13478885,True,False,Austin Police Department,True,False,No,0,0,1,1,0,Non-Incapacitating Injury,1751,1,0,2013,Sunday,Pedalcyclist,Intersection,30.28431478,Daylight,-97.77603245,One Motor Vehicle - Turning Right,Not Applicable,Not Applicable,False,NONE,City Street,"Straight, Level",Main/Proper Lane,On Roadway,35,W 8TH ST,2698,Dry,Marked Lanes,Clear,"Worn, Not Damaged",-10884378.144120593,3540148.4593820046
13566002,False,False,Austin Police Department,False,False,No,0,0,1,2,1,Non-Incapacitating Injury,243,2,0,2013,Sunday,Pedalcyclist,Intersection Related,30.26528995,"Dark, Lighted",-97.73759443,One Motor Vehicle - Going Straight,Attention Diverted From Driving,Not Applicable,False,NONE,City Street,"Straight, Level",Main/Proper Lane,On Roadway,30,RED RIVER ST,473,Dry,Marked Lanes,Clear,Unknown If Worn,-10880099.243307091,3537696.176080205
13566002,False,False,Austin Police Department,False,False,No,0,0,1,2,1,Non-Incapacitating Injury,243,2,0,2013,Sunday,Pedalcyclist,Intersection Related,30.26528995,"Dark, Lighted",-97.73759443,One Motor Vehicle - Going Straight,Attention Diverted From Driving,Not Applicable,False,NONE,City Street,"Straight, Level",Main/Proper Lane,On Roadway,30,RED RIVER ST,473,Dry,Marked Lanes,Clear,Not Worn,-10880099.243307091,3537696.176080205
13478784,False,False,Austin Police Department,True,False,No,0,0,1,1,0,Non-Incapacitating Injury,1150,1,0,2013,Wednesday,Pedalcyclist,Intersection,30.27629478,Daylight,-97.74475246,One Motor Vehicle - Going Straight,Slowing/Stopping-Reason Not Specified,Not Applicable,False,NONE,City Street,"Straight, Level",Main/Proper Lane,On Roadway,-1,SAN ANTONIO ST,1299,Dry,None,Clear,Unknown If Worn,-10880896.071561774,3539114.6307121255
13467381,False,False,Austin Police Department,False,False,No,0,0,1,1,0,Non-Incapacitating Injury,1640,1,0,2013,Friday,Pedalcyclist,Driveway Access,30.29775465,Daylight,-97.74130891,One Motor Vehicle - Turning Left,One Vehicle Entering Driveway,Entrance To Or Exit From Private Property Or Driveway,False,NONE,City Street,"Straight, Level",Main/Proper Lane,On Roadway,35,GUADALUPE ST,3089,Dry,None,Clear,"Worn, Not Damaged",-10880512.737329252,3541881.133034627
13439342,False,False,Austin Police Department,False,False,No,0,0,0,1,1,Possible Injury,1834,1,0,2013,Monday,Pedalcyclist,Driveway Access,30.23922416,Daylight,-97.75315309,One Motor Vehicle - Going Straight,One Vehicle Leaving Driveway,Entrance To Or Exit From Private Property Or Driveway,False,NONE,City Street,"Straight, Level",Main/Proper Lane,On Roadway,35,S CONGRESS AVE,2357,Dry,Bike Lane,Clear,Not Worn,-10881831.225415718,3534337.0907469173
13439364,False,False,Austin Police Department,False,False,No,0,0,1,1,0,Non-Incapacitating Injury,1933,1,0,2013,Tuesday,Pedalcyclist,Driveway Access,30.18298443,Daylight,-97.85014813,One Motor Vehicle - Going Straight,One Vehicle Leaving Driveway,Entrance To Or Exit From Private Property Or Driveway,False,NONE,City Street,"Straight, Level",Main/Proper Lane,On Roadway,45,BRODIE LN,10003,Dry,None,Clear,Unknown If Worn,-10892628.663877988,3527092.537403394
13488990,False,False,Austin Police Department,False,False,No,0,0,0,0,1,Possible Injury,1423,1,1,2013,Thursday,Pedalcyclist,Intersection Related,30.28777844,Daylight,-97.74253751,One Motor Vehicle - Going Straight,Not Applicable,Not Applicable,False,TREK 3700 MAROON BICYCLE,City Street,"Straight, Level",Main/Proper Lane,On Roadway,-1,W 24TH ST,494,Dry,None,Clear,Unknown If Worn,-10880649.504455643,3540594.9731682674
13565930,True,False,Austin Police Department,True,False,No,0,0,1,1,0,Non-Incapacitating Injury,856,1,0,2013,Thursday,Pedalcyclist,Intersection,30.2030748,Daylight,-97.83733246,One Motor Vehicle - Turning Left,Not Applicable,Not Applicable,False,NONE,City Street,"Straight, Level",Main/Proper Lane,On Roadway,-1,ESKEW DR,3500,Dry,Crosswalk,Clear,Not Worn,-10891202.030019416,3529680.014727785
13499462,False,False,Austin Police Department,True,False,No,0,0,1,1,0,Non-Incapacitating Injury,1308,1,0,2013,Monday,Pedalcyclist,Intersection,30.29191476,Daylight,-97.74031246,One Motor Vehicle - Going Straight,Not Applicable,Not Applicable,False,TREK NAVIGATOR 200 WHITE/RED,City Street,"Straight, Level",Main/Proper Lane,On Roadway,30,W 27TH ST,300,Dry,Marked Lanes,Cloudy,Unknown If Worn,-10880401.813022653,3541128.222808864
13499670,False,False,Austin Police Department,True,False,No,0,0,0,2,1,Possible Injury,815,1,0,2013,Wednesday,Pedalcyclist,Intersection Related,30.25651478,Daylight,-97.68663248,One Motor Vehicle - Going Straight,Attention Diverted From Driving,Not Applicable,False,NONE,City Street,"Straight, Level",Main/Proper Lane,On Roadway,-1,PERRY RD,1101,Dry,Crosswalk,Clear,Not Worn,-10874426.184983259,3536565.2247804264
13523479,False,False,Austin Police Department,True,False,No,0,0,0,0,2,Possible Injury,845,2,0,2013,Thursday,Pedalcyclist,Intersection Related,30.25630478,Daylight,-97.73425247,One Motor Vehicle - Turning Left,Not Applicable,Not Applicable,False,SILVER SCHWINN,City Street,"Straight, Level",Main/Proper Lane,On Roadway,-1,HOLLY ST,1200,Dry,Stop Sign,Clear,Not Worn,-10879727.21802164,3536538.161041633
13447808,False,False,Austin Police Department,True,False,No,0,0,1,1,0,Non-Incapacitating Injury,1237,1,0,2013,Friday,Pedalcyclist,Intersection Related,30.26407478,Daylight,-97.76414246,One Motor Vehicle - Going Straight,Not Applicable,Not Applicable,False,NONE,City Street,"Straight, Level",Main/Proper Lane,On Roadway,30,BARTON BLVD,500,Dry,Stop Sign,Clear,Not Worn,-10883054.556488255,3537539.557918685
13513221,False,False,Austin Police Department,False,False,No,0,0,1,3,0,Non-Incapacitating Injury,841,1,0,2013,Friday,Pedalcyclist,Driveway Access,30.3285566,Daylight,-97.75105613,One Motor Vehicle - Turning Left,One Vehicle Entering Driveway,Entrance To Or Exit From Private Property Or Driveway,False,NONE,City Street,"Straight, Level",Main/Proper Lane,On Roadway,35,HANCOCK DR,2843,Dry,None,Clear,"Worn, Not Damaged",-10881597.792896302,3545853.0294239237
13513224,False,False,Austin Police Department,False,False,No,0,0,0,2,0,Not Injured,948,0,0,2013,Friday,Pedalcyclist,Intersection Related,30.39103828,Daylight,-97.70907651,One Motor Vehicle - Turning Right,Not Applicable,Not Applicable,False,NONE,City Street,"Straight, Level",Main/Proper Lane,On Roadway,45,METRIC BLVD,11165,Dry,Signal Light,Clear,"Worn, Not Damaged",-10876924.642974209,3553913.8511929973
13523482,False,False,Austin Police Department,False,False,No,0,1,0,1,0,Incapacitating Injury,1015,1,0,2013,Monday,Pedalcyclist,Non Intersection,30.37092813,Daylight,-97.72143358,One Motor Vehicle - Going Straight,Swerved Or Veered-Avoiding Vehicle Stopped Or Moving Slowly In Traffic Lane,Not Applicable,False,RALEIGH C40 SILVER BICYCLE,US & State Highways,"Straight, Level",Service/Frontage Road,Off Roadway,50,US0183,NO DATA,Dry,None,Clear,Not Worn,-10878300.225714304,3551318.8593253326
13523495,False,False,Austin Police Department,True,False,No,0,0,1,1,0,Non-Incapacitating Injury,2240,1,0,2013,Monday,Pedalcyclist,Driveway Access,30.23879479,"Dark, Lighted",-97.75354246,One Motor Vehicle - Going Straight,One Vehicle Entering Driveway,Entrance To Or Exit From Private Property Or Driveway,False,NONE,City Street,"Straight, Level",Main/Proper Lane,On Roadway,-1,S CONGRESS AVE,2401,Dry,Signal Light,Clear,Not Worn,-10881874.569885848,3534281.765509607
13453996,False,False,Austin Police Department,True,False,No,0,0,1,1,0,Non-Incapacitating Injury,827,1,0,2013,Tuesday,Pedalcyclist,Intersection,30.24690167,Daylight,-97.77729299,One Motor Vehicle - Turning Right,Not Applicable,Not Applicable,False,NONE,US & State Highways,"Straight, Grade",Main/Proper Lane,On Roadway,35,SL0343,2433,Dry,Signal Light With Red Light Running Camera,Cloudy,Unknown If Worn,-10884518.466791518,3535326.395034489
13520447,False,False,Austin Police Department,False,False,No,0,0,1,1,0,Non-Incapacitating Injury,900,1,0,2013,Tuesday,Pedalcyclist,Driveway Access,30.30793626,Daylight,-97.70739379,One Motor Vehicle - Turning Right,One Vehicle Entering Driveway,Entrance To Or Exit From Private Property Or Driveway,False,UNIT 2 BICYCLE,City Street,"Straight, Level",Main/Proper Lane,Off Roadway,40,E 51ST ST,1209,Dry,None,Clear,Not Worn,-10876737.32344066,3543193.908548519
13520579,False,False,Austin Police Department,True,False,No,0,0,1,1,0,Non-Incapacitating Injury,1635,1,0,2013,Tuesday,Pedalcyclist,Intersection,30.30113477,Daylight,-97.73918246,One Motor Vehicle - Going Straight,Not Applicable,Not Applicable,False,NONE,City Street,"Straight, Level",Main/Proper Lane,On Roadway,-1,W 35TH ST,600,Dry,Stop Sign,Clear,Unknown If Worn,-10880276.021998055,3542316.936886193
13520589,False,False,Austin Police Department,True,False,No,0,0,1,1,0,Non-Incapacitating Injury,650,1,0,2013,Wednesday,Pedalcyclist,Intersection Related,30.25473478,"Dark, Not Lighted",-97.70569247,One Motor Vehicle - Turning Left,Attention Diverted From Driving,Not Applicable,False,NONE,City Street,"Straight, Level",Main/Proper Lane,On Roadway,30,E 5TH ST,3298,Dry,Stop Sign,Clear,Not Worn,-10876547.933364585,3536335.8292087405