Crash ID,$1000 Damage to Any One Person's Property,Active School Zone Flag,Agency,At Intersection Flag,Construction Zone Flag,Construction Zone Workers Present Flag,Crash Death Count,Crash Incapacitating Injury Count,Crash Non-incapacitating Injury Count,Crash Not Injured Count,Crash Possible Injury Count,Crash Severity,Crash Time,Crash Total Injury Count,Crash Unknown Injury Count,Crash Year,Day of Week,First Harmful Event,Intersection Related,Latitude,Light Condition,Longitude,Manner of Collision,Other Factor,Physical Feature 1,Private Drive Flag,Property Damages,Road Class,Roadway Alignment,Roadway Part,Roadway Relation,Speed Limit,Street Name,Street Number,Surface Condition,Traffic Control Type,Weather Condition,Person Helmet,MercatorX,MercatorY
13525681,True,False,Austin Police Department,False,False,No,0,0,0,0,2,Possible Injury,1736,2,0,2013,Wednesday,Pedalcyclist,Intersection,30.41992877,Daylight,-97.66221822,One Motor Vehicle - Turning Right,Not Applicable,Not Applicable,False,NONE,City Street,"Straight, Level",Main/Proper Lane,On Roadway,-1,W HOWARD LN,NO DATA,Dry,Stop Sign,Clear,"Worn, Unk Damage",-10871708.401991963,3557642.783748834
13727873,True,False,Austin Police Department,False,False,No,0,1,0,1,0,Incapacitating Injury,843,1,0,2013,Wednesday,Pedalcyclist,Non Intersection,30.35049502,Daylight,-97.67136325,One Motor Vehicle - Going Straight,Not Applicable,Not Applicable,False,NONE,City Street,"Straight, Level",Main/Proper Lane,On Roadway,-1,DUNGAN LN,1700,Dry,None,Clear,Not Worn,-10872726.422074853,3548682.7396672308
13541339,False,False,Austin Police Department,True,False,No,0,0,1,2,0,Non-Incapacitating Injury,1746,1,0,2013,Saturday,Pedalcyclist,Intersection Related,30.22698479,Dusk,-97.70800247,One Motor Vehicle - Going Straight,Attention Diverted From Driving,Not Applicable,False,NONE,City Street,"Straight, Level",Main/Proper Lane,On Roadway,35,GROVE BLVD,NO DATA,Dry,Crosswalk,Clear,Not Worn,-10876805.081388315,3532760.116629328
13614622,False,False,Austin Police Department,True,False,No,0,0,0,1,1,Possible Injury,923,1,0,2013,Tuesday,Pedalcyclist,Intersection Related,30.26337478,Daylight,-97.74450247,One Motor Vehicle - Turning Right,Not Applicable,Not Applicable,False,NONE,City Street,"Straight, Level",Main/Proper Lane,On Roadway,-1,W 1ST ST,100,Dry,Crosswalk,Clear,"Worn, Damaged",-10880868.24280227,3537449.3387362687
13614749,False,False,Austin Police Department,True,False,No,0,0,0,1,1,Possible Injury,1946,1,0,2013,Tuesday,Pedalcyclist,Intersection,30.3579934,"Dark, Lighted",-97.76286916,One Motor Vehicle - Turning Left,Not Applicable,Not Applicable,False,NONE,City Street,"Straight, Grade",Main/Proper Lane,On Roadway,35,FAR WEST BLVD,3979,Dry,Center Stripe/Divider,Clear,Unknown If Worn,-10882912.813380629,3549650.057907259
13620208,True,False,Austin Police Department,False,False,No,0,0,1,1,0,Non-Incapacitating Injury,757,1,0,2013,Wednesday,Pedalcyclist,Non Intersection,30.2877066,Daylight,-97.74188891,One Motor Vehicle - Going Straight,Vision Obstructed By Headlight Or Sun Glare,Not Applicable,False,NONE,City Street,"Straight, Level",Main/Proper Lane,On Roadway,30,W 24TH ST,431,Dry,Center Stripe/Divider,Clear,Not Worn,-10880577.302633913,3540585.7118363413
13620212,True,False,Austin Police Department,True,False,No,0,0,0,2,1,Possible Injury,1501,1,0,2013,Wednesday,Pedalcyclist,Intersection,30.28207915,Daylight,-97.743182,One Motor Vehicle - Turning Left,Attention Diverted From Driving,Not Applicable,False,NONE,City Street,"Straight, Level",Main/Proper Lane,On Roadway,-1,SAN ANTONIO ST,1901,Dry,None,Clear,Unknown If Worn,-10880721.248754263,3539860.2640562207
13614500,False,False,Austin Police Department,False,False,No,0,0,0,2,0,Not Injured,1718,0,0,2013,Thursday,Pedalcyclist,Driveway Access,30.35908559,Daylight,-97.69926828,One Motor Vehicle - Going Straight,Not Applicable,Entrance To Or Exit From Private Property Or Driveway,False,NONE,US & State Highways,"Straight, Level",Main/Proper Lane,On Roadway,45,SL0275,8979,Dry,Marked Lanes,Clear,Unknown If Worn,-10875832.795805024,3549790.9605682315
13627248,False,False,Austin Police Department,True,False,No,0,0,1,0,0,Non-Incapacitating Injury,2313,1,1,2013,Friday,Pedalcyclist,Intersection,30.25710478,"Dark, Lighted",-97.72461247,One Motor Vehicle - Turning Right,Not Applicable,Not Applicable,False,NONE,City Street,"Straight, Hillcrest",Main/Proper Lane,On Roadway,-1,E CESAR CHAVEZ ST,1898,Dry,Signal Light,Clear,Not Worn,-10878654.098130392,3536641.2613085974
13635434,False,False,Austin Police Department,True,False,No,0,0,1,1,0,Non-Incapacitating Injury,1818,1,0,2013,Sunday,Pedalcyclist,Intersection,30.26658478,Daylight,-97.71144247,One Motor Vehicle - Going Straight,"Swerved Or Veered-Avoiding Pedestrian, Pedalcyclist, etc. In Road",Not Applicable,False,NONE,City Street,"Straight, Level",Main/Proper Lane,On Roadway,-1,WALTER ST,903,Dry,Stop Sign,Clear,Not Worn,-10877188.020436645,3537863.06341792
13635438,False,False,Austin Police Department,True,False,No,0,0,0,0,2,Possible Injury,2128,2,1,2013,Sunday,Pedalcyclist,Intersection Related,30.25260636,"Dark, Lighted",-97.7536775,One Motor Vehicle - Going Straight,Not Applicable,Not Applicable,False,NONE,City Street,"Straight, Level",Main/Proper Lane,On Roadway,35,S 1ST ST,1183,Dry,Center Stripe/Divider,Clear,"Worn, Unk Damage",-10881889.602469884,3536061.536843978
13635438,False,False,Austin Police Department,True,False,No,0,0,0,0,2,Possible Injury,2128,2,1,2013,Sunday,Pedalcyclist,Intersection Related,30.25260636,"Dark, Lighted",-97.7536775,One Motor Vehicle - Going Straight,Not Applicable,Not Applicable,False,NONE,City Street,"Straight, Level",Main/Proper Lane,On Roadway,35,S 1ST ST,1183,Dry,Center Stripe/Divider,Clear,"Worn, Unk Damage",-10881889.602469884,3536061.536843978
13541349,False,False,Austin Police Department,False,False,No,0,0,1,1,0,Non-Incapacitating Injury,957,1,0,2013,Tuesday,Pedalcyclist,Intersection,30.33974319,Daylight,-97.74948668,One Motor Vehicle - Turning Right,Not Applicable,Not Applicable,False,NONE,City Street,"Straight, Level",Main/Proper Lane,On Roadway,30,WHITE ROCK DR,2993,Dry,Yield Sign,Clear,Unknown If Worn,-10881423.082521478,3547295.8439007546
13551236,True,False,Austin Police Department,False,False,No,0,0,0,1,1,Possible Injury,2048,1,0,2013,Friday,Pedalcyclist,Intersection,30.25108873,"Dark, Lighted",-97.74913232,One Motor Vehicle - Turning Left,Attention Diverted From Driving,Not Applicable,False,NONE,City Street,"Straight, Level",Main/Proper Lane,On Roadway,40,CONGRESS AVE S,1302,Dry,None,Clear,"Worn, Damaged",-10881383.63534672,3535865.9614422624
13483669,True,False,Austin Police Department,True,False,No,0,0,0,1,1,Possible Injury,938,1,0,2013,Monday,Pedalcyclist,Intersection,30.22977479,Daylight,-97.79628245,One Motor Vehicle - Going Straight,Not Applicable,Not Applicable,False,NONE,City Street,"Straight, Level",Main/Proper Lane,On Roadway,30,WESTERN TRAILS BLVD,2501,Dry,Yield Sign,Clear,Unknown If Worn,-10886632.363809157,3533119.5751928654
13554912,False,False,Austin Police Department,True,False,No,0,0,0,1,1,Possible Injury,221,1,0,2013,Monday,Pedalcyclist,Intersection Related,30.26674478,"Dark, Lighted",-97.74182246,One Motor Vehicle - Going Straight,Not Applicable,Not Applicable,False,NONE,City Street,"Straight, Level",Main/Proper Lane,On Roadway,30,BRAZOS ST,499,Dry,Signal Light,Clear,Not Worn,-10880569.905453749,3537883.6855628067
13557591,False,False,Austin Police Department,True,False,No,0,0,1,1,0,Non-Incapacitating Injury,1715,1,0,2013,Tuesday,Pedalcyclist,Intersection,30.28568477,Daylight,-97.71020247,One Motor Vehicle - Turning Left,Not Applicable,Not Applicable,False,NONE,City Street,"Straight, Grade",Main/Proper Lane,On Roadway,30,MANOR RD,2901,Dry,Marked Lanes,Clear,Not Worn,-10877049.984268062,3540325.0681988862
13577405,True,False,Austin Police Department,True,False,No,0,0,1,1,0,Non-Incapacitating Injury,1432,1,0,2013,Tuesday,Pedalcyclist,Intersection,30.29972477,Daylight,-97.77389245,One Motor Vehicle - Going Straight,Not Applicable,Not Applicable,False,NONE,City Street,"Straight, Level",Main/Proper Lane,On Roadway,30,WINDSOR RD,3500,Dry,Stop Sign,Clear,"Worn, Not Damaged",-10884139.920410296,3542135.1416824684
13488515,False,False,Austin Police Department,True,False,No,0,0,1,1,0,Non-Incapacitating Injury,843,1,0,2013,Wednesday,Pedalcyclist,Intersection,30.23718479,Daylight,-97.75491246,One Motor Vehicle - Turning Right,Not Applicable,Not Applicable,False,NONE,City Street,"Straight, Level",Main/Proper Lane,On Roadway,35,CONGRESS AVE S,2511,Dry,None,Clear,Unknown If Worn,-10882027.077588234,3534074.31573895
13558615,False,False,Austin Police Department,True,False,No,0,0,1,1,0,Non-Incapacitating Injury,835,1,0,2013,Wednesday,Pedalcyclist,Intersection Related,30.28837477,Daylight,-97.72909247,One Motor Vehicle - Turning Right,Not Applicable,Not Applicable,False,NONE,City Street,"Straight, Grade",Main/Proper Lane,On Roadway,35,E DEAN KEETON ST,824,Dry,Signal Light,Clear,"Worn, Not Damaged",-10879152.809449147,3540671.8499621945
13558619,False,False,Austin Police Department,True,False,No,0,0,0,1,1,Possible Injury,1400,1,0,2013,Wednesday,Pedalcyclist,Intersection,30.29172477,Daylight,-97.73424246,One Motor Vehicle - Turning Left,Not Applicable,Not Applicable,False,NONE,City Street,"Straight, Level",Main/Proper Lane,On Roadway,-1,DUVAL ST,2907,Dry,None,Clear,"Worn, Damaged",-10879726.103713537,3541103.729022777
13559529,False,False,Austin Police Department,False,False,No,0,0,1,2,0,Non-Incapacitating Injury,1803,1,0,2013,Wednesday,Pedalcyclist,Driveway Access,30.29661442,Daylight,-97.74203504,One Motor Vehicle - Turning Left,One Vehicle Entering Driveway,Entrance To Or Exit From Private Property Or Driveway,False,NONE,City Street,"Straight, Level",Main/Proper Lane,On Roadway,35,GUADALUPE ST,2979,Dry,Center Stripe/Divider,Clear,Not Worn,-10880593.569751104,3541734.1248893784
13559531,True,False,Austin Police Department,False,False,No,0,0,1,1,0,Non-Incapacitating Injury,1839,1,0,2013,Wednesday,Pedalcyclist,Driveway Access,30.27816685,Daylight,-97.77267992,One Motor Vehicle - Turning Left,One Vehicle Entering Driveway,Entrance To Or Exit From Private Property Or Driveway,False,NONE,City Street,"Straight, Level",Main/Proper Lane,On Roadway,-1,LAKE AUSTIN BLVD,2412,Dry,Marked Lanes,Clear,"Worn, Unk Damage",-10884004.942188123,3539355.9448033147
13517085,False,False,Austin Police Department,False,False,No,0,0,1,1,0,Non-Incapacitating Injury,1823,1,0,2013,Thursday,Pedalcyclist,Intersection Related,30.21537129,Daylight,-97.79772779,One Motor Vehicle - Turning Right,Attention Diverted From Driving,Not Applicable,False,NONE,City Street,"Straight, Level",Main/Proper Lane,On Roadway,35,W STASSNEY LN,NO DATA,Dry,Signal Light With Red Light Running Camera,Clear,Unknown If Worn,-10886793.258321978,3531263.963814952
13563427,False,False,Austin Police Department,True,False,No,0,0,0,1,1,Possible Injury,1643,1,0,2013,Thursday,Pedalcyclist,Intersection,30.30274477,Daylight,-97.73815246,One Motor Vehicle - Turning Left,Not Applicable,Not Applicable,False,NONE,City Street,"Straight, Level",Main/Proper Lane,On Roadway,-1,GUADALUPE ST,3801,Dry,Bike Lane,Clear,Not Worn,-10880161.362922538,3542524.5218406403
13565933,True,False,Austin Police Department,True,False,No,0,0,0,1,1,Possible Injury,26,1,0,2013,Saturday,Pedalcyclist,Intersection,30.23414046,"Dark, Lighted",-97.72285964,One Motor Vehicle - Turning Left,Attention Diverted From Driving,Not Applicable,False,NONE,City Street,Unknown,Main/Proper Lane,On Roadway,35,E RIVERSIDE DR,NO DATA,Dry,Signal Light,Clear,Not Worn,-10878458.973987345,3533682.060702253
13569744,False,False,Austin Police Department,False,False,No,0,0,0,2,0,Not Injured,1521,0,0,2013,Saturday,Pedalcyclist,Driveway Access,30.27834412,Daylight,-97.77292205,One Motor Vehicle - Going Straight,One Vehicle Leaving Driveway,Entrance To Or Exit From Private Property Or Driveway,False,NONE,City Street,"Straight, Level",Main/Proper Lane,Off Roadway,35,LAKE AUSTIN BLVD,2453,Dry,None,Clear,Unknown If Worn,-10884031.895976432,3539378.7955490644
13606480,True,False,Austin Police Department,False,False,No,0,0,1,2,0,Non-Incapacitating Injury,1846,1,0,2013,Saturday,Pedalcyclist,Non Intersection,30.25975242,Daylight,-97.74586941,One Motor Vehicle - Going Straight,Swerved Or Veered-Reason Not Specified,Not Applicable,False,NONE,Interstate,"Straight, Grade",Main/Proper Lane,On Roadway,35,CONGRESS AVE S,209,Dry,Marked Lanes,Clear,Unknown If Worn,-10881020.409867017,3536982.4827859546
13576599,False,False,Austin Police Department,True,False,No,0,0,0,0,1,Possible Injury,247,1,1,2013,Sunday,Pedalcyclist,Intersection,30.23360863,"Dark, Lighted",-97.74126543,One Motor Vehicle - Going Straight,Not Applicable,Not Applicable,False,NONE,Interstate,"Straight, Level",Service/Frontage Road,On Roadway,55,IH0035,NO DATA,Wet,Signal Light,Rain,Not Worn,-10880507.897157794,3533613.536855711
13577322,True,False,Austin Police Department,False,False,No,0,0,0,1,1,Possible Injury,1823,1,0,2013,Sunday,Pedalcyclist,Non Intersection,30.30740004,"Dark, Lighted",-97.66965097,One Motor Vehicle - Going Straight,Not Applicable,Not Applicable,False,NONE,City Street,"Straight, Hillcrest",Main/Proper Lane,On Roadway,35,SPRINGDALE RD,6440,Wet,Marked Lanes,Rain,Not Worn,-10872535.811937159,3543124.7671144507
13596011,False,False,Austin Police Department,True,False,No,0,0,0,1,1,Possible Injury,2111,1,0,2013,Monday,Pedalcyclist,Intersection,30.31210477,"Dark, Lighted",-97.75259246,One Motor Vehicle - Going Straight,Not Applicable,Not Applicable,False,NONE,City Street,"Straight, Level",Main/Proper Lane,On Roadway,35,BULL CREEK RD,3901,Dry,Stop Sign,Clear,"Worn, Not Damaged",-10881768.816369593,3543731.4186688443
13495141,True,False,Austin Police Department,True,False,No,0,0,0,1,1,Possible Injury,1807,1,0,2013,Tuesday,Pedalcyclist,Intersection,30.26150478,Daylight,-97.77524246,One Motor Vehicle - Turning Left,Not Applicable,Not Applicable,False,NONE,City Street,Other (Explain In Narrative),Main/Proper Lane,On Roadway,35,BARTON HILLS DR,1303,Dry,None,Clear,Unknown If Worn,-10884290.20283606,3537208.3277885905
13598670,False,False,Austin Police Department,False,False,No,0,0,0,1,1,Possible Injury,1013,1,0,2013,Tuesday,Pedalcyclist,Intersection Related,30.39832953,Daylight,-97.70446129,One Motor Vehicle - Turning Right,Not Applicable,Not Applicable,False,NONE,City Street,"Straight, Grade",Main/Proper Lane,On Roadway,35,GRACY FARMS LN,NO DATA,Dry,Signal Light,Cloudy,Not Worn,-10876410.879033908,3554854.8380896477
13637293,False,False,Austin Police Department,True,False,No,0,0,1,1,0,Non-Incapacitating Injury,1650,1,0,2013,Friday,Pedalcyclist,Intersection,30.26768478,Daylight,-97.74147246,One Motor Vehicle - Going Straight,Not Applicable,Not Applicable,False,NONE,City Street,"Straight, Level",Main/Proper Lane,On Roadway,-1,E 6TH ST,198,Dry,Marked Lanes,Clear,Not Worn,-10880530.943631971,3538004.8413427277
13637790,False,False,Austin Police Department,True,False,No,0,0,0,1,1,Possible Injury,1508,1,0,2013,Friday,Pedalcyclist,Intersection,30.24515478,Daylight,-97.75132246,One Motor Vehicle - Turning Right,Not Applicable,Not Applicable,False,NONE,City Street,Other (Explain In Narrative),Main/Proper Lane,On Roadway,35,CONGRESS AVE S,1900,Dry,Signal Light,Cloudy,"Worn, Not Damaged",-10881627.440616285,3535101.288467981
13661206,False,False,Austin Police Department,True,False,No,0,0,0,1,1,Possible Injury,1633,1,0,2013,Monday,Pedalcyclist,Intersection,30.28978477,Daylight,-97.74140246,One Motor Vehicle - Turning Left,Not Applicable,Not Applicable,False,NONE,City Street,"Straight, Level",Main/Proper Lane,On Roadway,45,GUADALUPE ST,2525,Dry,Signal Light,Clear,Not Worn,-10880523.151267618,3540853.6241274383
13656050,False,False,Austin Police Department,True,False,No,0,0,1,1,0,Non-Incapacitating Injury,1045,1,0,2013,Tuesday,Pedalcyclist,Intersection,30.30392477,Daylight,-97.71776247,One Motor Vehicle - Going Straight,Not Applicable,Not Applicable,False,NONE,City Street,"Straight, Level",Main/Proper Lane,On Roadway,35,BENNETT AVE,4501,Dry,Stop Sign,Clear,Not Worn,-10877891.559618458,3542676.6670155763
13650511,False,False,Austin Police Department,False,False,No,0,0,0,1,1,Possible Injury,852,1,0,2013,Wednesday,Pedalcyclist,Intersection Related,30.44016883,Daylight,-97.69782283,One Motor Vehicle - Going Straight,Not Applicable,Not Applicable,False,NONE,US & State Highways,"Straight, Level",Main/Proper Lane,On Roadway,45,BURNET RD,NO DATA,Dry,Signal Light,Clear,Unknown If Worn,-10875671.889047058,3560255.8518824424
13650522,False,False,Austin Police Department,True,False,No,0,1,0,1,0,Incapacitating Injury,1803,1,0,2013,Wednesday,Pedalcyclist,Intersection,30.3276179,Daylight,-97.81115444,One Motor Vehicle - Turning Left,Not Applicable,Not Applicable,False,NONE,US & State Highways,"Straight, Grade",Main/Proper Lane,On Roadway,55,SL0360,NO DATA,Dry,Marked Lanes,Clear,"Worn, Damaged",-10888287.906163039,3545731.9660703647
13656038,False,False,Austin Police Department,True,False,No,0,0,1,3,0,Non-Incapacitating Injury,2229,1,0,2013,Friday,Pedalcyclist,Intersection Related,30.43263196,"Dark, Lighted",-97.65301639,One Motor Vehicle - Going Straight,Attention Diverted From Driving,Not Applicable,False,NONE,City Street,"Straight, Level",Main/Proper Lane,On Roadway,45,W WELLS BRANCH PKWY,NO DATA,Dry,Signal Light,Clear,Not Worn,-10870684.058961999,3559282.7501564673
13715607,False,False,Austin Police Department,False,False,No,0,0,0,4,1,Possible Injury,1914,1,0,2013,Sunday,Pedalcyclist,Intersection Related,30.26970975,Dusk,-97.69291726,One Motor Vehicle - Going Straight,Not Applicable,Not Applicable,False,NONE,City Street,"Straight, Level",Main/Proper Lane,On Roadway,35,MUNSON ST,3797,Dry,Stop Sign,Clear,Not Worn,-10875125.803492608,3538265.841900563
13528640,False,False,Austin Police Department,True,False,No,0,0,0,2,0,Not Injured,736,0,0,2013,Monday,Pedalcyclist,Intersection Related,30.28121478,"Dark, Lighted",-97.74413246,One Motor Vehicle - Turning Right,Not Applicable,Not Applicable,False,NONE,City Street,"Straight, Level",Main/Proper Lane,On Roadway,-1,W 18TH ST,600,Dry,Stop Sign,Cloudy,Unknown If Worn,-10880827.053477483,3539748.8397782426
13529181,False,False,Austin Police Department,True,False,No,0,0,1,1,0,Non-Incapacitating Injury,1210,1,0,2013,Tuesday,Pedalcyclist,Intersection Related,30.29539477,Daylight,-97.74279246,One Motor Vehicle - Turning Right,Not Applicable,Not Applicable,False,NONE,City Street,"Straight, Level",Main/Proper Lane,On Roadway,30,GUADALUPE ST,2901,Dry,Signal Light,Clear,"Worn, Not Damaged",-10880677.88535982,3541576.8791346005
13529251,True,False,Austin Police Department,True,False,No,0,0,1,1,0,Non-Incapacitating Injury,1620,1,0,2013,Thursday,Pedalcyclist,Intersection,30.31576477,Daylight,-97.74248246,One Motor Vehicle - Turning Left,Attention Diverted From Driving,Not Applicable,False,NONE,City Street,"Straight, Level",Main/Proper Lane,On Roadway,45,ROSEDALE AVE,4499,Dry,Stop Sign,Clear,Not Worn,-10880643.376317674,3544203.377621944
13537694,False,False,Austin Police Department,False,False,No,0,0,1,1,0,Non-Incapacitating Injury,1800,1,0,2013,Thursday,Pedalcyclist,Driveway Access,30.25556148,Daylight,-97.70199275,One Motor Vehicle - Turning Left,One Vehicle Entering Driveway,Entrance To Or Exit From Private Property Or Driveway,False,NONE,City Street,"Straight, Level",Main/Proper Lane,Off Roadway,30,SPRINGDALE RD,NO DATA,Dry,Center Stripe/Divider,Clear,Unknown If Worn,-10876136.082418106,3536442.368758656
13529180,False,False,Austin Police Department,True,False,No,0,0,0,1,1,Possible Injury,1909,1,0,2013,Friday,Pedalcyclist,Intersection,30.24433907,Dusk,-97.78131563,One Motor Vehicle - Turning Right,Not Applicable,Not Applicable,False,NONE,US & State Highways,"Curve, Level",Main/Proper Lane,On Roadway,35,SL0343,2802,Dry,Signal Light,Clear,Unknown If Worn,-10884966.26502796,3534996.176364136
13656171,False,False,Austin Police Department,True,False,No,0,0,1,2,0,Non-Incapacitating Injury,1515,1,0,2013,Friday,Pedalcyclist,Intersection,30.30197477,Daylight,-97.73865246,One Motor Vehicle - Turning Left,Not Applicable,Not Applicable,False,NONE,City Street,"Straight, Level",Main/Proper Lane,On Roadway,0,GUADALUPE ST,3701,Dry,Marked Lanes,Clear,Not Worn,-10880217.022667935,3542425.241654517
13557071,False,False,Austin Police Department,True,False,No,0,0,1,1,0,Non-Incapacitating Injury,1745,1,0,2013,Saturday,Pedalcyclist,Intersection Related,30.1838948,Daylight,-97.79261245,One Motor Vehicle - Turning Right,Attention Diverted From Driving,Not Applicable,False,NONE,City Street,"Straight, Level",Main/Proper Lane,On Roadway,35,S 1ST ST,7901,Dry,Signal Light,Clear,Not Worn,-10886223.821277944,3527209.774286651
13535804,False,False,Austin Police Department,False,False,No,0,0,1,1,0,Non-Incapacitating Injury,1839,1,0,2013,Monday,Pedalcyclist,Driveway Access,30.25839523,"Dark, Lighted",-97.7497866,One Motor Vehicle - Turning Left,One Vehicle Entering Driveway,Entrance To Or Exit From Private Property Or Driveway,False,NONE,City Street,"Straight, Level",Other (Explain In Narrative),On Roadway,35,BARTON SPRINGS RD,554,Dry,Bike Lane,Clear,Unknown If Worn,-10881456.469463155,3536807.5702528087
13656079,False,False,Austin Police Department,False,False,No,0,1,0,1,0,Incapacitating Injury,1745,1,0,2013,Thursday,Pedalcyclist,Non Intersection,30.28177012,Daylight,-97.70878173,One Motor Vehicle - Going Straight,Not Applicable,Not Applicable,False,NONE,City Street,"Straight, Grade",Main/Proper Lane,On Roadway,35,E MARTIN LUTHER KING JR BLVD,2904,Dry,Center Stripe/Divider,Clear,Not Worn,-10876891.828214712,3539820.427479217
13654566,False,False,Austin Police Department,False,False,No,0,0,1,0,0,Non-Incapacitating Injury,235,1,1,2013,Sunday,Pedalcyclist,Intersection Related,30.27118451,"Dark, Lighted",-97.7530653,One Motor Vehicle - Going Straight,Attention Diverted From Driving,Not Applicable,False,NONE,City Street,"Straight, Level",Main/Proper Lane,On Roadway,35,W 6TH ST,902,Dry,Marked Lanes,Clear,Not Worn,-10881821.45267762,3538455.9286888926
13542853,False,False,Austin Police Department,False,False,No,0,0,1,2,0,Non-Incapacitating Injury,24,1,0,2013,Monday,Pedalcyclist,Non Intersection,30.25085422,"Dark, Lighted",-97.74922105,One Motor Vehicle - Going Straight,Vehicle Changing Lanes,Not Applicable,False,NONE,City Street,"Straight, Grade",Main/Proper Lane,On Roadway,45,CONGRESS AVE S,1310,Dry,Marked Lanes,Clear,Unknown If Worn,-10881393.512725137,3535835.7406516494
13656115,False,False,Austin Police Department,False,False,No,0,0,1,1,0,Non-Incapacitating Injury,1733,1,0,2013,Friday,Pedalcyclist,Driveway Access,30.42022083,"Dark, Lighted",-97.70397439,One Motor Vehicle - Going Straight,One Vehicle Leaving Driveway,Entrance To Or Exit From Private Property Or Driveway,False,NONE,Farm To Market,"Straight, Grade",Main/Proper Lane,On Roadway,55,FM0734,NO DATA,Dry,None,Clear,Not Worn,-10876356.677573841,3557680.485942118
13574133,False,False,Austin Police Department,True,False,No,0,0,1,1,0,Non-Incapacitating Injury,2334,1,0,2013,Saturday,Pedalcyclist,Intersection,30.22176479,"Dark, Not Lighted",-97.77871246,One Motor Vehicle - Turning Left,Not Applicable,Not Applicable,False,NONE,City Street,"Straight, Level",Main/Proper Lane,On Roadway,25,REDD ST,998,Dry,Stop Sign,Clear,Unknown If Worn,-10884676.481469113,3532087.608641305
13563286,False,False,Austin Police Department,True,False,No,0,0,0,1,1,Possible Injury,2131,1,0,2013,Monday,Pedalcyclist,Intersection,30.31084477,"Dark, Lighted",-97.73298246,One Motor Vehicle - Turning Left,Not Applicable,Not Applicable,False,NONE,City Street,"Straight, Level",Main/Proper Lane,On Roadway,35,W 45TH ST,600,Dry,Signal Light,Clear,Unknown If Worn,-10879585.841155138,3543568.945074973
13563503,False,False,Austin Police Department,True,False,No,0,0,1,1,0,Non-Incapacitating Injury,1546,1,0,2013,Monday,Pedalcyclist,Intersection,30.30113477,Daylight,-97.73918246,One Motor Vehicle - Turning Left,Not Applicable,Not Applicable,False,NONE,City Street,"Straight, Level",Main/Proper Lane,On Roadway,30,W 35TH ST,600,Dry,Stop Sign,Clear,Unknown If Worn,-10880276.021998055,3542316.936886193
13577313,False,False,Austin Police Department,False,False,No,0,1,0,0,0,Incapacitating Injury,1200,1,1,2013,Thursday,Pedalcyclist,Intersection Related,30.40831113,Daylight,-97.69704383,One Motor Vehicle - Turning Right,Attention Diverted From Driving,Not Applicable,False,NONE,City Street,"Straight, Grade",Main/Proper Lane,On Roadway,-1,METRIC BLVD,NO DATA,Dry,Signal Light,Cloudy,Unknown If Worn,-10875585.171163728,3556143.147426521
13754063,False,False,Austin Police Department,True,False,No,0,0,0,1,1,Possible Injury,1611,1,0,2013,Thursday,Pedalcyclist,Intersection Related,30.26969478,Daylight,-97.71902247,One Motor Vehicle - Turning Left,Not Applicable,Not Applicable,False,NONE,City Street,"Straight, Level",Main/Proper Lane,On Roadway,35,CHICON ST,NO DATA,Dry,Marked Lanes,Cloudy,"Worn, Not Damaged",-10878031.822176857,3538263.9123814343
13655723,False,False,Austin Police Department,True,False,No,0,0,1,3,0,Non-Incapacitating Injury,1313,1,0,2013,Saturday,Pedalcyclist,Intersection,30.29890477,Daylight,-97.74059246,One Motor Vehicle - Going Straight,Attention Diverted From Driving,Not Applicable,False,NONE,City Street,"Straight, Level",Main/Proper Lane,On Roadway,25,W 32ND ST,598,Dry,Stop Sign,Cloudy,Unknown If Worn,-10880432.982480073,3542029.4180144845
13569835,False,False,Austin Police Department,False,False,No,0,0,0,2,1,Possible Injury,122,1,0,2013,Monday,Pedalcyclist,Non Intersection,30.23675282,"Dark, Lighted",-97.76302186,One Motor Vehicle - Going Straight,Attention Diverted From Driving,Not Applicable,False,NONE,City Street,"Straight, Level",Main/Proper Lane,On Roadway,35,S 1ST ST,2807,Wet,Marked Lanes,Rain,Not Worn,-10882929.811866872,3534018.656641655
13705118,False,False,Austin Police Department,False,False,No,0,0,1,1,0,Non-Incapacitating Injury,1855,1,0,2013,Wednesday,Pedalcyclist,Non Intersection,30.29272889,"Dark, Lighted",-97.72587376,One Motor Vehicle - Going Straight,Not Applicable,Not Applicable,False,NONE,City Street,"Straight, Level",Main/Proper Lane,On Roadway,-1,RED RIVER ST,3402,Dry,None,Clear,Unknown If Worn,-10878794.504290935,3541233.182165366
13635627,False,False,Austin Police Department,False,False,No,0,0,1,1,0,Non-Incapacitating Injury,1206,1,0,2013,Sunday,Pedalcyclist,Intersection Related,30.18636166,Daylight,-97.75892619,One Motor Vehicle - Turning Left,Not Applicable,Not Applicable,False,FRONT RIM OF BICYCLE,City Street,"Straight, Level",Main/Proper Lane,On Roadway,35,E WILLIAM CANNON DR,NO DATA,Dry,Signal Light,Clear,Unknown If Worn,-10882473.883968016,3527527.4604313555