Crash ID,$1000 Damage to Any One Person's Property,Active School Zone Flag,Agency,At Intersection Flag,Construction Zone Flag,Construction Zone Workers Present Flag,Crash Death Count,Crash Incapacitating Injury Count,Crash Non-incapacitating Injury Count,Crash Not Injured Count,Crash Possible Injury Count,Crash Severity,Crash Time,Crash Total Injury Count,Crash Unknown Injury Count,Crash Year,Day of Week,First Harmful Event,Intersection Related,Latitude,Light Condition,Longitude,Manner of Collision,Other Factor,Physical Feature 1,Private Drive Flag,Property Damages,Road Class,Roadway Alignment,Roadway Part,Roadway Relation,Speed Limit,Street Name,Street Number,Surface Condition,Traffic Control Type,Weather Condition,Person Helmet,MercatorX,MercatorY
13604937,True,False,Austin Police Department,False,False,No,0,0,1,1,0,Non-Incapacitating Injury,1811,1,0,2013,Tuesday,Pedalcyclist,Driveway Access,30.32573782,"Dark, Lighted",-97.74060869,One Motor Vehicle - Turning Left,One Vehicle Entering Driveway,Entrance To Or Exit From Private Property Or Driveway,False,NONE,City Street,"Straight, Level",Main/Proper Lane,On Roadway,35,W NORTH LOOP BLVD,2160,Dry,None,Clear,Unknown If Worn,-10880434.78919541,3545489.497215022
13720743,False,False,Austin Police Department,False,False,No,0,0,1,0,0,Non-Incapacitating Injury,1327,1,1,2013,Monday,Pedalcyclist,Non Intersection,30.26466478,Daylight,-97.74552246,One Motor Vehicle - Backing,Not Applicable,Parking Area Within Right Of Way,False,NONE,City Street,"Straight, Level",Main/Proper Lane,On Roadway,30,W 2ND ST,200,Dry,None,Clear,Not Worn,-10880981.787569685,3537615.6003005127
13877929,False,False,Austin Police Department,True,False,No,0,0,1,1,0,Non-Incapacitating Injury,848,1,0,2013,Monday,Pedalcyclist,Intersection Related,30.24477478,Daylight,-97.73052247,One Motor Vehicle - Going Straight,Attention Diverted From Driving,Not Applicable,False,NONE,City Street,"Straight, Level",Entrance/On Ramp,On Roadway,0,E RIVERSIDE DR,NO DATA,Dry,Crosswalk,Clear,"Worn, Damaged",-10879311.99632098,3535052.321693009
14359825,True,False,Austin Police Department,True,False,No,0,0,0,1,1,Possible Injury,1420,1,0,2013,Wednesday,Pedalcyclist,Intersection,30.23718479,Daylight,-97.75491246,One Motor Vehicle - Turning Right,Not Applicable,Not Applicable,False,NONE,City Street,"Straight, Level",Main/Proper Lane,On Roadway,35,CONGRESS AVE S,2511,Dry,Stop Sign,Clear,Unknown If Worn,-10882027.077588234,3534074.31573895
13715953,False,False,Austin Police Department,False,False,No,0,0,1,0,0,Non-Incapacitating Injury,1504,1,2,2013,Monday,Pedalcyclist,Intersection Related,30.37117476,Daylight,-97.70944247,One Motor Vehicle - Going Straight,Not Applicable,Not Applicable,False,NONE,City Street,"Straight, Level",Main/Proper Lane,On Roadway,40,MOUNTAIN QUAIL RD,9499,Dry,Stop Sign,Clear,Not Worn,-10876965.381455058,3551350.680958526
13614663,False,False,Austin Police Department,False,False,No,0,0,1,1,0,Non-Incapacitating Injury,1413,1,0,2013,Thursday,Pedalcyclist,Non Intersection,30.15242582,Daylight,-97.8275984,One Motor Vehicle - Going Straight,Attention Diverted From Driving,Not Applicable,False,NONE,City Street,"Straight, Level",Main/Proper Lane,On Roadway,25,JAMES HALLER DR,11369,Dry,None,Clear,Unknown If Worn,-10890118.439416865,3523157.84682911
14233565,True,False,Austin Police Department,True,False,No,0,0,1,0,0,Non-Incapacitating Injury,2023,1,1,2015,Friday,Pedalcyclist,Non Intersection,30.26460478,"Dark, Lighted",-97.73784246,One Motor Vehicle - Going Straight,Not Applicable,Not Applicable,False,NONE,City Street,"Straight, Level",Main/Proper Lane,On Roadway,30,RED RIVER ST,399,Wet,Marked Lanes,Cloudy,Unknown If Worn,-10880126.853880392,3537607.8671560665
14251326,False,False,Austin Police Department,True,False,No,0,0,1,2,0,Non-Incapacitating Injury,1800,1,0,2015,Friday,Pedalcyclist,Intersection,30.27338478,Daylight,-97.69914247,One Motor Vehicle - Turning Left,Not Applicable,Not Applicable,False,NONE,City Street,"Straight, Level",Main/Proper Lane,On Roadway,35,OAK SPRINGS DR,3105,Dry,Marked Lanes,Clear,"Worn, Not Damaged",-10875818.790699888,3538739.5342158764
14359985,False,False,Austin Police Department,False,False,No,0,0,0,1,1,Possible Injury,635,1,0,2015,Thursday,Pedalcyclist,Non Intersection,30.42728444,"Dark, Not Lighted",-97.67742598,One Motor Vehicle - Going Straight,Not Applicable,Not Applicable,False,NONE,City Street,"Straight, Level",Other (Explain In Narrative),On Roadway,50,W HOWARD LN,1648,Dry,Marked Lanes,Rain,Not Worn,-10873401.32209127,3558592.365789398
14285346,True,False,Austin Police Department,True,False,No,0,0,1,1,0,Non-Incapacitating Injury,1051,1,0,2015,Friday,Pedalcyclist,Intersection,30.31206477,Daylight,-97.71535247,One Motor Vehicle - Turning Left,Not Applicable,Not Applicable,False,NONE,City Street,"Straight, Level",Main/Proper Lane,On Roadway,40,E 51ST ST,804,Wet,Signal Light With Red Light Running Camera,Rain,"Worn, Not Damaged",-10877623.279645646,3543726.260744872
14243394,True,False,Austin Police Department,False,False,No,0,1,0,1,0,Incapacitating Injury,538,1,0,2015,Saturday,Pedalcyclist,Non Intersection,30.32689477,"Dark, Lighted",-97.72573519,One Motor Vehicle - Going Straight,Attention Diverted From Driving,Not Applicable,False,NONE,City Street,"Straight, Level",Main/Proper Lane,On Roadway,40,N LAMAR BLVD,5800,Dry,Marked Lanes,Clear,Not Worn,-10878779.078749096,3545638.705390541
14277440,True,False,Austin Police Department,True,False,No,0,0,1,0,0,Non-Incapacitating Injury,810,1,3,2015,Sunday,Pedalcyclist,Intersection,30.32414477,Daylight,-97.73582246,One Motor Vehicle - Going Straight,Not Applicable,Not Applicable,False,NONE,City Street,"Straight, Grade",Main/Proper Lane,On Roadway,30,NORTHLOOP BLVD W,1400,Dry,Stop Sign,Clear,"Worn, Not Damaged",-10879901.98850899,3545284.0494884183
14251491,False,False,Austin Police Department,True,False,No,0,0,0,2,0,Not Injured,1047,0,1,2015,Monday,Pedalcyclist,Intersection,30.23243479,Daylight,-97.76571246,One Motor Vehicle - Going Straight,Not Applicable,Not Applicable,False,NONE,City Street,"Straight, Grade",Main/Proper Lane,On Roadway,35,S 1ST ST,3301,Dry,Signal Light,Clear,Unknown If Worn,-10883229.328088801,3533462.2942889794
14245420,False,False,Austin Police Department,True,False,No,0,1,0,1,0,Incapacitating Injury,1525,1,0,2015,Tuesday,Pedalcyclist,Intersection,30.3884096,Daylight,-97.7516787,One Motor Vehicle - Going Straight,Attention Diverted From Driving,Not Applicable,False,NONE,US & State Highways,"Straight, Grade",Main/Proper Lane,On Roadway,-1,SL0360,NO DATA,Dry,Bike Lane,Clear,"Worn, Unk Damage",-10881667.097071687,3553574.618846537
14280356,True,False,Austin Police Department,True,False,No,0,0,1,1,0,Non-Incapacitating Injury,1419,1,0,2015,Wednesday,Pedalcyclist,Intersection,30.28930477,Daylight,-97.73460246,One Motor Vehicle - Going Straight,Not Applicable,Not Applicable,False,BLACK BICYCLE,City Street,"Straight, Level",Main/Proper Lane,On Roadway,30,W DEAN KEETON ST,398,Dry,Signal Light,Clear,"Worn, Damaged",-10879766.178730223,3540791.7432672065
14247630,False,False,Austin Police Department,True,False,No,0,0,0,1,1,Possible Injury,1448,1,0,2015,Thursday,Pedalcyclist,Intersection Related,30.37323465,Daylight,-97.7264686,One Motor Vehicle - Turning Right,Not Applicable,Not Applicable,False,NONE,US & State Highways,"Straight, Level",Service/Frontage Road,On Roadway,-1,US0183,NO DATA,Dry,Yield Sign,Clear,Not Worn,-10878860.72157684,3551616.463049961
14270598,False,False,Austin Police Department,False,False,No,0,0,1,1,0,Non-Incapacitating Injury,1256,1,0,2015,Thursday,Pedalcyclist,Driveway Access,30.27492768,Daylight,-97.7464413,One Motor Vehicle - Backing,One Vehicle Leaving Driveway,Entrance To Or Exit From Private Property Or Driveway,False,NONE,City Street,"Straight, Level",Main/Proper Lane,On Roadway,30,NUECES ST,1159,Dry,Marked Lanes,Clear,"Worn, Unk Damage",-10881084.072370606,3538938.4113132968
14280271,True,False,Austin Police Department,True,False,No,0,0,1,1,0,Non-Incapacitating Injury,940,1,0,2015,Friday,Pedalcyclist,Intersection,30.30772477,Daylight,-97.73254246,One Motor Vehicle - Going Straight,Not Applicable,Not Applicable,False,NONE,City Street,"Straight, Level",Main/Proper Lane,On Roadway,30,W 43RD ST,400,Dry,Yield Sign,Clear,Unknown If Worn,-10879536.860579189,3543166.638498702
14280967,False,False,Austin Police Department,True,False,No,0,0,0,1,1,Possible Injury,1839,1,0,2015,Friday,Pedalcyclist,Intersection,30.33010477,Dusk,-97.69829247,One Motor Vehicle - Going Straight,Not Applicable,Not Applicable,False,NONE,City Street,"Straight, Level",Main/Proper Lane,On Roadway,35,E ST JOHNS AVE,1012,Dry,Stop Sign,Clear,Unknown If Worn,-10875724.169132713,3546052.698148451
14282623,False,False,Austin Police Department,True,False,No,0,0,1,1,0,Non-Incapacitating Injury,1600,1,0,2015,Sunday,Pedalcyclist,Intersection,30.34191476,Daylight,-97.71248247,One Motor Vehicle - Turning Left,Not Applicable,Not Applicable,False,BICYCLE,City Street,"Straight, Level",Main/Proper Lane,On Roadway,30,GUADALUPE ST,7521,Dry,None,Clear,Not Worn,-10877303.79270707,3547575.945914185
14290389,True,False,Austin Police Department,True,False,No,0,0,1,1,0,Non-Incapacitating Injury,1142,1,0,2015,Tuesday,Pedalcyclist,Intersection Related,30.36993557,Daylight,-97.68065186,One Motor Vehicle - Turning Right,Not Applicable,Not Applicable,False,NONE,Interstate,"Curve, Level",Main/Proper Lane,On Roadway,55,IH0035,NO DATA,Wet,Marked Lanes,Rain,Not Worn,-10873760.42541023,3551190.7942882823
14266466,False,False,Austin Police Department,False,False,No,0,0,1,6,0,Non-Incapacitating Injury,2032,1,0,2015,Saturday,Pedalcyclist,Non Intersection,30.40747114,"Dark, Lighted",-97.71568174,One Motor Vehicle - Going Straight,Attention Diverted From Driving,Not Applicable,False,NONE,City Street,"Straight, Level",Main/Proper Lane,On Roadway,40,DUVAL RD,3000,Dry,Center Stripe/Divider,Clear,Not Worn,-10877659.93381438,3556034.7261694134
14264102,True,False,Austin Police Department,True,False,No,0,0,0,1,1,Possible Injury,1830,1,0,2015,Sunday,Pedalcyclist,Intersection,30.31206477,"Dark, Lighted",-97.71535247,One Motor Vehicle - Turning Left,Not Applicable,Not Applicable,False,NONE,City Street,"Straight, Level",Main/Proper Lane,On Roadway,-1,E 51ST ST,804,Dry,Signal Light With Red Light Running Camera,Clear,Not Worn,-10877623.279645646,3543726.260744872
14296292,True,False,Austin Police Department,False,False,No,0,0,0,1,1,Possible Injury,830,1,0,2015,Monday,Pedalcyclist,Non Intersection,30.27940442,Daylight,-97.74463078,One Motor Vehicle - Going Straight,Not Applicable,Not Applicable,False,NONE,City Street,"Straight, Level",Main/Proper Lane,On Roadway,30,W 16TH ST,584,Dry,None,Clear,"Worn, Damaged",-10880882.526206134,3539515.4729253384
14290543,False,False,Austin Police Department,False,False,No,0,1,0,0,0,Incapacitating Injury,2205,1,1,2015,Wednesday,Pedalcyclist,Non Intersection,30.2626694,"Dark, Lighted",-97.74180984,One Motor Vehicle - Going Straight,Not Applicable,Not Applicable,False,NONE,US & State Highways,"Straight, Level",Main/Proper Lane,On Roadway,-1,SL0343,327,Dry,None,Clear,Not Worn,-10880568.500601776,3537358.4268055744
14272258,False,False,Austin Police Department,False,False,No,0,0,1,2,0,Non-Incapacitating Injury,1119,1,0,2015,Thursday,Pedalcyclist,Driveway Access,30.35156478,Daylight,-97.77192245,One Motor Vehicle - Going Straight,One Vehicle Leaving Driveway,Entrance To Or Exit From Private Property Or Driveway,False,NONE,City Street,"Straight, Level",Main/Proper Lane,On Roadway,35,MESA DR,6400,Dry,Center Stripe/Divider,Clear,"Worn, Unk Damage",-10883920.621013433,3548820.738056892
14292891,False,False,Austin Police Department,True,False,No,0,0,1,1,0,Non-Incapacitating Injury,756,1,0,2015,Friday,Pedalcyclist,Intersection,30.24515478,Daylight,-97.75132246,One Motor Vehicle - Turning Right,Attention Diverted From Driving,Not Applicable,False,NONE,City Street,"Straight, Level",Main/Proper Lane,On Roadway,35,CONGRESS AVE S,1899,Dry,Signal Light,Clear,"Worn, Unk Damage",-10881627.440616285,3535101.288467981
14306876,False,False,Austin Police Department,True,False,No,0,0,1,1,0,Non-Incapacitating Injury,1814,1,0,2015,Saturday,Pedalcyclist,Intersection Related,30.2664069,Dusk,-97.75552108,One Motor Vehicle - Going Straight,Not Applicable,Not Applicable,False,NONE,US & State Highways,"Straight, Level",Main/Proper Lane,On Roadway,32,SL0343,910,Dry,Marked Lanes,Clear,Not Worn,-10882094.82885672,3537840.1367877917
14282566,False,False,Austin Police Department,False,False,No,0,0,1,1,0,Non-Incapacitating Injury,909,1,0,2015,Wednesday,Pedalcyclist,Driveway Access,30.25642363,Daylight,-97.74715288,One Motor Vehicle - Turning Right,One Vehicle Entering Driveway,Entrance To Or Exit From Private Property Or Driveway,False,NONE,City Street,"Straight, Level",Main/Proper Lane,On Roadway,35,CONGRESS AVE S,515,Dry,None,Clear,"Worn, Unk Damage",-10881163.285093864,3536553.477821933
14290259,False,False,Austin Police Department,True,False,No,0,0,0,5,1,Possible Injury,1215,1,0,2015,Saturday,Pedalcyclist,Intersection,30.24515478,Daylight,-97.75132246,One Motor Vehicle - Turning Right,Not Applicable,Not Applicable,False,NONE,City Street,"Straight, Level",Main/Proper Lane,On Roadway,35,CONGRESS AVE S,1899,Dry,Marked Lanes,Cloudy,"Worn, Not Damaged",-10881627.440616285,3535101.288467981
14290321,True,False,Austin Police Department,False,False,No,0,0,1,1,0,Non-Incapacitating Injury,1923,1,0,2015,Saturday,Pedalcyclist,Non Intersection,30.26163953,"Dark, Lighted",-97.72867576,One Motor Vehicle - Going Straight,Swerved Or Veered-Reason Not Specified,Not Applicable,False,NONE,City Street,"Straight, Level",Main/Proper Lane,On Roadway,35,E 4TH ST,1469,Dry,None,Clear,Not Worn,-10879106.421504138,3537225.6946004946
14298031,False,False,Austin Police Department,False,False,No,0,1,0,3,0,Incapacitating Injury,1235,1,0,2015,Saturday,Pedalcyclist,Non Intersection,30.32743477,Daylight,-97.69723921,One Motor Vehicle - Going Straight,Not Applicable,Not Applicable,False,NONE,City Street,"Straight, Level",Main/Proper Lane,On Roadway,25,MEADOR AVE,6991,Dry,None,Cloudy,Not Worn,-10875606.920765841,3545708.348082759
14320678,False,False,Austin Police Department,False,False,No,0,0,1,0,0,Non-Incapacitating Injury,502,1,1,2015,Friday,Pedalcyclist,Non Intersection,30.17108896,"Dark, Not Lighted",-97.62664111,One Motor Vehicle - Going Straight,Attention Diverted From Driving,Not Applicable,False,NONE,City Street,"Straight, Level",Main/Proper Lane,On Roadway,45,PEARCE LN,12451,Dry,None,Clear,Not Worn,-10867747.976222867,3525560.745713192
14341167,False,False,Austin Police Department,True,False,No,0,0,0,1,1,Possible Injury,1957,1,0,2015,Tuesday,Pedalcyclist,Intersection,30.28827478,"Dark, Lighted",-97.74933246,One Motor Vehicle - Turning Left,Not Applicable,Not Applicable,False,NONE,City Street,"Straight, Hillcrest",Main/Proper Lane,On Roadway,-1,W 24TH ST,1100,Wet,Marked Lanes,Cloudy,Unknown If Worn,-10881405.914829608,3540658.9595658174
14341227,False,False,Austin Police Department,True,False,No,0,0,0,2,0,Not Injured,1855,0,0,2015,Thursday,Pedalcyclist,Intersection Related,30.2476193,"Dark, Lighted",-97.77293717,One Motor Vehicle - Turning Left,Attention Diverted From Driving,Not Applicable,False,BICYCLE,US & State Highways,"Straight, Grade",Main/Proper Lane,On Roadway,40,SL0343,2199,Dry,Stop Sign,Clear,"Worn, Not Damaged",-10884033.579127131,3535418.870949523
14326544,False,False,Austin Police Department,False,False,No,0,1,0,2,0,Incapacitating Injury,2259,1,0,2015,Wednesday,Pedalcyclist,Non Intersection,30.24271508,"Dark, Not Lighted",-97.71707976,One Motor Vehicle - Going Straight,Not Applicable,Not Applicable,False,NONE,City Street,"Straight, Level",Main/Proper Lane,On Roadway,45,S PLEASANT VALLEY RD,978,Dry,Marked Lanes,Clear,Not Worn,-10877815.5606889,3534786.912181297
14326652,False,False,Austin Police Department,True,False,No,0,0,1,1,0,Non-Incapacitating Injury,2045,1,0,2015,Thursday,Pedalcyclist,Intersection,30.27475478,"Dark, Lighted",-97.72011247,One Motor Vehicle - Turning Left,Not Applicable,Not Applicable,False,NONE,City Street,"Straight, Level",Main/Proper Lane,On Roadway,30,CHICON ST,1299,Dry,Marked Lanes,Clear,Not Worn,-10878153.160421824,3538916.124651734
14326815,True,False,Austin Police Department,False,False,No,0,1,0,1,0,Incapacitating Injury,1229,1,0,2015,Friday,Pedalcyclist,Driveway Access,30.35923091,Daylight,-97.69443971,One Motor Vehicle - Turning Left,One Vehicle Entering Driveway,Entrance To Or Exit From Private Property Or Driveway,False,NONE,City Street,"Straight, Level",Main/Proper Lane,On Roadway,30,GEORGIAN DR,9208,Dry,Marked Lanes,Clear,Not Worn,-10875295.281851366,3549809.708317444
14360137,False,False,Austin Police Department,True,False,No,0,0,0,2,0,Not Injured,1747,0,0,2015,Saturday,Pedalcyclist,Intersection,30.28414478,Daylight,-97.74661246,One Motor Vehicle - Going Straight,Not Applicable,Not Applicable,False,NONE,City Street,"Straight, Level",Main/Proper Lane,On Roadway,25,PEARL ST,1999,Dry,Other (Explain In Narrative),Clear,Unknown If Worn,-10881103.12581465,3540126.544431356
14334519,False,False,Austin Police Department,False,False,No,0,0,1,1,0,Non-Incapacitating Injury,1605,1,0,2015,Sunday,Pedalcyclist,Driveway Access,30.23719141,Daylight,-97.77616848,One Motor Vehicle - Turning Left,One Vehicle Entering Driveway,Entrance To Or Exit From Private Property Or Driveway,False,NONE,City Street,"Straight, Level",Main/Proper Lane,On Roadway,25,S OAK DR,3303,Dry,None,Cloudy,Unknown If Worn,-10884393.286910925,3534075.1687242175
14352259,True,False,Austin Police Department,False,False,No,0,0,2,0,0,Non-Incapacitating Injury,231,2,1,2015,Sunday,Pedalcyclist,Intersection Related,30.26115946,"Dark, Lighted",-97.72740462,One Motor Vehicle - Going Straight,Not Applicable,Not Applicable,False,NONE,City Street,"Straight, Grade",Main/Proper Lane,On Roadway,30,COMAL ST,390,Dry,Center Stripe/Divider,Clear,Not Worn,-10878964.918846611,3537163.822461482
14352259,True,False,Austin Police Department,False,False,No,0,0,2,0,0,Non-Incapacitating Injury,231,2,1,2015,Sunday,Pedalcyclist,Intersection Related,30.26115946,"Dark, Lighted",-97.72740462,One Motor Vehicle - Going Straight,Not Applicable,Not Applicable,False,NONE,City Street,"Straight, Grade",Main/Proper Lane,On Roadway,30,COMAL ST,390,Dry,Center Stripe/Divider,Clear,Not Worn,-10878964.918846611,3537163.822461482
14350640,False,False,Austin Police Department,False,False,No,0,0,0,3,1,Possible Injury,1610,1,0,2015,Monday,Pedalcyclist,Intersection Related,30.3392898,Daylight,-97.70004109,One Motor Vehicle - Going Straight,Not Applicable,Not Applicable,False,NONE,Interstate,"Curve, Grade",Service/Frontage Road,On Roadway,50,IH0035,NO DATA,Dry,Yield Sign,Clear,Not Worn,-10875918.824620705,3547237.3637462165
14334633,False,False,Austin Police Department,True,False,No,0,0,1,1,0,Non-Incapacitating Injury,1203,1,0,2015,Wednesday,Pedalcyclist,Intersection,30.25870478,Daylight,-97.72622247,One Motor Vehicle - Going Straight,Attention Diverted From Driving,Not Applicable,False,NONE,City Street,"Straight, Level",Main/Proper Lane,On Roadway,30,CHALMERS AVE,201,Dry,Stop Sign,Clear,Unknown If Worn,-10878833.322510568,3536847.4643618516
14341444,True,False,Austin Police Department,False,False,No,0,0,1,1,0,Non-Incapacitating Injury,36,1,0,2015,Wednesday,Pedalcyclist,Non Intersection,30.23246847,"Dark, Lighted",-97.73246977,One Motor Vehicle - Going Straight,Not Applicable,Not Applicable,False,NONE,City Street,"Straight, Grade",Main/Proper Lane,On Roadway,30,BURTON DR,2088,Wet,None,Clear,Not Worn,-10879528.768765401,3533466.6337390845
14360159,False,False,Austin Police Department,True,False,No,0,0,1,1,0,Non-Incapacitating Injury,1251,1,0,2015,Wednesday,Pedalcyclist,Intersection,30.26449154,Daylight,-97.75711525,One Motor Vehicle - Going Straight,Not Applicable,Not Applicable,False,NONE,US & State Highways,"Straight, Level",Main/Proper Lane,On Roadway,30,SL0343,NO DATA,Dry,Signal Light,Clear,Unknown If Worn,-10882272.291049358,3537593.2721476564
14334665,False,False,Austin Police Department,False,False,No,0,0,0,2,0,Not Injured,30,0,1,2015,Thursday,Pedalcyclist,Non Intersection,30.23828517,"Dark, Lighted",-97.7620466,One Motor Vehicle - Going Straight,Not Applicable,Not Applicable,False,NONE,City Street,"Straight, Level",Main/Proper Lane,On Roadway,35,S 1ST ST,2691,Dry,Marked Lanes,Clear,Unknown If Worn,-10882821.246420283,3534216.100202846
14347436,True,False,Austin Police Department,True,False,No,0,1,0,1,0,Incapacitating Injury,2105,1,0,2015,Thursday,Pedalcyclist,Intersection,30.30507477,"Dark, Lighted",-97.74925246,One Motor Vehicle - Turning Left,Not Applicable,Not Applicable,False,NONE,City Street,"Curve, Grade",Main/Proper Lane,On Roadway,30,W 34TH ST,NO DATA,Dry,None,Clear,Not Worn,-10881397.009270342,3542824.9458549162
14360269,False,False,Austin Police Department,False,False,No,0,0,0,5,0,Not Injured,251,0,0,2015,Sunday,Pedalcyclist,Non Intersection,30.26663764,Unknown,-97.74512103,One Motor Vehicle - Going Straight,Attention Diverted From Driving,Not Applicable,False,NONE,City Street,Unknown,Main/Proper Lane,On Roadway,30,W 4TH ST,204,Dry,None,Clear,Not Worn,-10880937.100586496,3537869.8764553196
14360269,False,False,Austin Police Department,False,False,No,0,0,0,5,0,Not Injured,251,0,0,2015,Sunday,Pedalcyclist,Non Intersection,30.26663764,Unknown,-97.74512103,One Motor Vehicle - Going Straight,Attention Diverted From Driving,Not Applicable,False,NONE,City Street,Unknown,Main/Proper Lane,On Roadway,30,W 4TH ST,204,Dry,None,Clear,Not Worn,-10880937.100586496,3537869.8764553196
14392270,True,False,Austin Police Department,True,False,No,0,0,2,1,0,Non-Incapacitating Injury,1733,2,0,2015,Sunday,Pedalcyclist,Intersection,30.24729227,Daylight,-97.77525007,One Motor Vehicle - Turning Left,Not Applicable,Not Applicable,False,NONE,US & State Highways,"Straight, Level",Main/Proper Lane,On Roadway,45,SL0343,2301,Dry,Marked Lanes,Clear,Unknown If Worn,-10884291.049977386,3535376.728816943
14392270,True,False,Austin Police Department,True,False,No,0,0,2,1,0,Non-Incapacitating Injury,1733,2,0,2015,Sunday,Pedalcyclist,Intersection,30.24729227,Daylight,-97.77525007,One Motor Vehicle - Turning Left,Not Applicable,Not Applicable,False,NONE,US & State Highways,"Straight, Level",Main/Proper Lane,On Roadway,45,SL0343,2301,Dry,Marked Lanes,Clear,Unknown If Worn,-10884291.049977386,3535376.728816943
14351176,False,False,Austin Police Department,True,False,No,0,0,1,0,0,Non-Incapacitating Injury,1221,1,1,2015,Monday,Pedalcyclist,Intersection,30.22780479,Daylight,-97.75630246,One Motor Vehicle - Going Straight,Not Applicable,Not Applicable,False,NONE,City Street,"Straight, Level",Main/Proper Lane,On Roadway,25,WILLOW SPRINGS RD,3401,Dry,Bike Lane,Clear,Unknown If Worn,-10882181.811680438,3532865.762890809
14355832,True,False,Austin Police Department,True,False,No,0,0,1,1,0,Non-Incapacitating Injury,814,1,0,2015,Tuesday,Pedalcyclist,Intersection,30.26215478,Daylight,-97.72695247,One Motor Vehicle - Going Straight,Not Applicable,Not Applicable,False,NONE,City Street,"Straight, Level",Main/Proper Lane,On Roadway,35,COMAL ST,499,Dry,Stop Sign,Clear,"Worn, Not Damaged",-10878914.585738849,3537292.1011270117
14360349,False,False,Austin Police Department,True,False,No,0,0,0,1,1,Possible Injury,1912,1,0,2015,Tuesday,Pedalcyclist,Intersection,30.26977478,Daylight,-97.75314246,One Motor Vehicle - Going Straight,Not Applicable,Not Applicable,False,NONE,City Street,"Straight, Level",Main/Proper Lane,On Roadway,-1,BOWIE ST,499,Dry,Signal Light,Clear,"Worn, Unk Damage",-10881830.04208953,3538274.223776317
14343526,True,False,Austin Police Department,False,False,No,0,0,1,1,0,Non-Incapacitating Injury,851,1,0,2015,Wednesday,Pedalcyclist,Driveway Access,30.30407609,Daylight,-97.69876598,One Motor Vehicle - Turning Left,One Vehicle Entering Driveway,Entrance To Or Exit From Private Property Or Driveway,False,NONE,City Street,"Straight, Grade",Main/Proper Lane,Off Roadway,-1,BERKMAN DR,5115,Dry,Center Stripe/Divider,Clear,"Worn, Unk Damage",-10875776.8800248,3542696.177832691
14360371,False,False,Austin Police Department,False,False,No,0,0,1,1,0,Non-Incapacitating Injury,545,1,0,2015,Wednesday,Pedalcyclist,Non Intersection,30.20422694,"Dark, Unknown Lighting",-97.71388055,One Motor Vehicle - Going Straight,Not Applicable,Not Applicable,False,NONE,City Street,"Straight, Level",Main/Proper Lane,On Roadway,45,BURLESON RD,6503,Dry,Marked Lanes,Clear,Not Worn,-10877459.426260758,3529828.417058537
14360395,False,False,Austin Police Department,True,False,No,0,0,1,1,0,Non-Incapacitating Injury,1756,1,0,2015,Wednesday,Pedalcyclist,Intersection Related,30.16797479,Daylight,-97.6200825,One Motor Vehicle - Going Straight,Not Applicable,Not Applicable,False,NONE,City Street,"Straight, Level",Main/Proper Lane,On Roadway,45,PEARCE LN,13098,Dry,Stop Sign,Clear,Not Worn,-10867017.875097355,3525159.761434272
14351679,False,False,Austin Police Department,True,False,No,0,0,1,2,0,Non-Incapacitating Injury,2016,1,0,2015,Friday,Pedalcyclist,Intersection Related,30.26969478,"Dark, Lighted",-97.71902247,One Motor Vehicle - Turning Left,Not Applicable,Not Applicable,False,NONE,City Street,"Straight, Grade",Main/Proper Lane,On Roadway,35,ROSEWOOD AVE,NO DATA,Dry,Signal Light With Red Light Running Camera,Clear,Not Worn,-10878031.822176857,3538263.9123814343
14372573,True,False,Austin Police Department,True,False,No,0,0,0,1,1,Possible Injury,1243,1,0,2015,Saturday,Pedalcyclist,Intersection,30.27193478,Daylight,-97.68563248,One Motor Vehicle - Going Straight,Not Applicable,Not Applicable,False,NONE,City Street,"Straight, Grade",Main/Proper Lane,On Roadway,30,LEDESMA RD,5200,Dry,Stop Sign,Clear,Unknown If Worn,-10874314.865492465,3538552.6346145947
14378437,True,False,Austin Police Department,False,False,No,0,0,1,5,0,Non-Incapacitating Injury,1525,1,0,2015,Saturday,Pedalcyclist,Non Intersection,30.18818155,Daylight,-97.76803608,One Motor Vehicle - Going Straight,Not Applicable,Not Applicable,False,NONE,City Street,"Straight, Level",Main/Proper Lane,On Roadway,40,BLUFF SPRINGS RD,6642,Dry,Center Stripe/Divider,Clear,Unknown If Worn,-10883487.992283998,3527761.833852989