Crash ID,$1000 Damage to Any One Person's Property,Active School Zone Flag,Agency,At Intersection Flag,Construction Zone Flag,Construction Zone Workers Present Flag,Crash Death Count,Crash Incapacitating Injury Count,Crash Non-incapacitating Injury Count,Crash Not Injured Count,Crash Possible Injury Count,Crash Severity,Crash Time,Crash Total Injury Count,Crash Unknown Injury Count,Crash Year,Day of Week,First Harmful Event,Intersection Related,Latitude,Light Condition,Longitude,Manner of Collision,Other Factor,Physical Feature 1,Private Drive Flag,Property Damages,Road Class,Roadway Alignment,Roadway Part,Roadway Relation,Speed Limit,Street Name,Street Number,Surface Condition,Traffic Control Type,Weather Condition,Person Helmet,MercatorX,MercatorY
14372603,True,False,Austin Police Department,False,False,No,0,0,0,2,3,Possible Injury,1749,3,0,2015,Monday,Motor Vehicle In Transport,Non Intersection,30.32317477,Daylight,-97.72807245,Opposite Direction - Both Going Straight,Not Applicable,Not Applicable,False,NONE,City Street,"Straight, Level",Main/Proper Lane,On Roadway,45,N LAMAR BLVD,5500,Dry,Marked Lanes,Clear,Not Worn,-10879039.261342147,3545158.9550547153
14356260,False,False,Austin Police Department,False,False,No,0,0,0,2,0,Not Injured,824,0,0,2015,Wednesday,Pedalcyclist,Driveway Access,30.25582206,Daylight,-97.74737139,One Motor Vehicle - Turning Left,One Vehicle Entering Driveway,Entrance To Or Exit From Private Property Or Driveway,False,NONE,City Street,"Straight, Level",Main/Proper Lane,On Roadway,35,CONGRESS AVE S,602,Dry,None,Cloudy,"Worn, Unk Damage",-10881187.609515797,3536475.9507467644
14368486,True,False,Austin Police Department,True,False,No,0,1,0,1,0,Incapacitating Injury,2116,1,0,2015,Wednesday,Pedalcyclist,Intersection,30.24802183,"Dark, Lighted",-97.73534685,One Motor Vehicle - Going Straight,Not Applicable,Not Applicable,False,NONE,Interstate,"Straight, Level",Service/Frontage Road,On Roadway,-1,IH0035,NO DATA,Dry,Signal Light,Clear,Not Worn,-10879849.043845974,3535470.7424463443
14362825,False,False,Austin Police Department,False,False,No,0,1,0,3,0,Incapacitating Injury,1731,1,0,2015,Thursday,Pedalcyclist,Non Intersection,30.27342205,Daylight,-97.69889224,One Motor Vehicle - Going Straight,Not Applicable,Not Applicable,False,NONE,City Street,"Straight, Level",Main/Proper Lane,On Roadway,30,OAK SPRINGS DR,3145,Dry,Bike Lane,Clear,Unknown If Worn,-10875790.935223708,3538744.3382165045
14392341,False,False,Austin Police Department,True,False,No,0,0,0,5,1,Possible Injury,1947,1,0,2015,Thursday,Pedalcyclist,Intersection Related,30.25890478,Daylight,-97.74621246,One Motor Vehicle - Turning Right,Not Applicable,Not Applicable,False,NONE,City Street,"Straight, Grade",Main/Proper Lane,On Roadway,40,CONGRESS AVE S,301,Dry,Bike Lane,Clear,"Worn, Not Damaged",-10881058.598018331,3536873.2399797062
14378886,True,False,Austin Police Department,True,False,No,0,0,1,1,0,Non-Incapacitating Injury,1900,1,0,2015,Friday,Pedalcyclist,Intersection,30.26032478,Daylight,-97.75569246,One Motor Vehicle - Turning Left,Attention Diverted From Driving,Not Applicable,False,NONE,City Street,"Straight, Level",Main/Proper Lane,On Roadway,30,BARTON SPRINGS RD,1100,Dry,Signal Light,Clear,Not Worn,-10882113.906791054,3537056.2483758503
14372956,False,False,Austin Police Department,True,False,No,0,0,0,0,1,Possible Injury,920,1,1,2015,Monday,Pedalcyclist,Intersection,30.26479309,Daylight,-97.73498848,One Motor Vehicle - Turning Right,Not Applicable,Not Applicable,False,NONE,Interstate,"Straight, Level",Main/Proper Lane,On Roadway,30,IH0035,NO DATA,Dry,Stop Sign,Clear,Not Worn,-10879809.150280058,3537632.137645769
14378854,False,False,Austin Police Department,False,False,No,0,0,0,1,1,Possible Injury,1413,1,0,2015,Thursday,Pedalcyclist,Non Intersection,30.24772289,Daylight,-97.77247961,One Motor Vehicle - Going Straight,Attention Diverted From Driving,Not Applicable,False,NONE,US & State Highways,"Straight, Level",Main/Proper Lane,On Roadway,-1,SL0343,2174,Dry,Flashing Red Light,Clear,Unknown If Worn,-10883982.643780924,3535432.219917753
14376267,False,False,Austin Police Department,False,False,No,0,0,1,1,0,Non-Incapacitating Injury,1431,1,0,2015,Friday,Pedalcyclist,Driveway Access,30.32584668,Daylight,-97.72639296,One Motor Vehicle - Turning Right,One Vehicle Entering Driveway,Entrance To Or Exit From Private Property Or Driveway,False,NONE,Interstate,"Straight, Level",Main/Proper Lane,On Roadway,-1,N LAMAR BLVD,NO DATA,Dry,None,Clear,Not Worn,-10878852.301370556,3545503.536469168
14376354,False,False,Austin Police Department,True,False,No,0,0,1,1,0,Non-Incapacitating Injury,1530,1,0,2015,Friday,Pedalcyclist,Intersection,30.31769477,Daylight,-97.72117247,One Motor Vehicle - Turning Right,Not Applicable,Not Applicable,False,NONE,City Street,"Straight, Level",Main/Proper Lane,On Roadway,35,E NORTH LOOP BLVD,198,Dry,Center Stripe/Divider,Clear,Not Worn,-10878271.159082063,3544452.2592506525
14383969,False,False,Austin Police Department,True,False,No,0,0,0,1,1,Possible Injury,1621,1,0,2015,Friday,Pedalcyclist,Intersection Related,30.27642478,Daylight,-97.74984246,One Motor Vehicle - Going Straight,Not Applicable,Not Applicable,False,NONE,City Street,"Straight, Grade",Main/Proper Lane,On Roadway,30,SHOAL CREEK BLVD,1199,Dry,Signal Light,Clear,Not Worn,-10881462.687769912,3539131.3878597887
14383973,False,False,Austin Police Department,False,False,No,0,0,1,1,0,Non-Incapacitating Injury,1822,1,0,2015,Friday,Pedalcyclist,Driveway Access,30.27208677,Daylight,-97.75544061,One Motor Vehicle - Turning Right,One Vehicle Entering Driveway,Entrance To Or Exit From Private Property Or Driveway,False,NONE,City Street,"Straight, Level",Main/Proper Lane,On Roadway,30,W 6TH ST,1109,Dry,Bike Lane,Clear,Unknown If Worn,-10882085.870977296,3538572.225430165
14384049,False,False,Austin Police Department,False,False,No,0,1,0,2,0,Incapacitating Injury,1958,1,0,2015,Sunday,Pedalcyclist,Non Intersection,30.31161664,Daylight,-97.73429444,One Motor Vehicle - Going Straight,Vehicle Changing Lanes,Not Applicable,False,NONE,City Street,"Straight, Level",Main/Proper Lane,On Roadway,35,W 45TH ST,709,Dry,Marked Lanes,Cloudy,"Worn, Not Damaged",-10879731.89010067,3543668.4753770293
14381370,True,False,Austin Police Department,True,False,No,0,0,0,1,1,Possible Injury,2142,1,0,2015,Tuesday,Pedalcyclist,Intersection,30.41569475,"Dark, Lighted",-97.74835245,One Motor Vehicle - Turning Left,Not Applicable,Not Applicable,False,NONE,City Street,"Straight, Level",Main/Proper Lane,On Roadway,45,JOLLYVILLE RD,11581,Dry,Stop Sign,Clear,"Worn, Unk Damage",-10881296.820615435,3557096.224348195
14385413,False,False,Austin Police Department,False,False,No,0,0,1,1,0,Non-Incapacitating Injury,1313,1,0,2015,Tuesday,Pedalcyclist,Non Intersection,30.28919194,Daylight,-97.73039525,One Motor Vehicle - Going Straight,One Vehicle Forward From Parking,Parking Area Within Right Of Way,False,NONE,City Street,"Straight, Grade",Main/Proper Lane,On Roadway,35,E DEAN KEETON ST,805,Dry,None,Clear,Not Worn,-10879297.834255362,3540777.1974414526
14396455,False,False,Austin Police Department,True,False,No,0,0,1,1,0,Non-Incapacitating Injury,2300,1,0,2015,Tuesday,Pedalcyclist,Intersection,30.26474478,"Dark, Lighted",-97.76495246,One Motor Vehicle - Going Straight,Attention Diverted From Driving,Not Applicable,False,NONE,City Street,"Straight, Level",Main/Proper Lane,On Roadway,35,BARTON SPRINGS RD,NO DATA,Dry,Bike Lane,Clear,"Worn, Not Damaged",-10883144.7252758,3537625.9111671248
14392710,False,False,Austin Police Department,True,False,No,0,0,0,2,0,Not Injured,706,0,0,2015,Friday,Pedalcyclist,Intersection Related,30.26110478,Daylight,-97.69611248,One Motor Vehicle - Going Straight,Not Applicable,Not Applicable,False,NONE,City Street,"Straight, Level",Main/Proper Lane,On Roadway,-1,MANSELL AVE,1099,Dry,Marked Lanes,Cloudy,Not Worn,-10875481.49375598,3537156.775240557
14452962,False,False,Austin Police Department,True,False,No,0,0,0,1,1,Possible Injury,2037,1,0,2015,Friday,Pedalcyclist,Intersection,30.31282477,"Dark, Lighted",-97.73164246,One Motor Vehicle - Going Straight,Not Applicable,Not Applicable,False,NONE,City Street,"Straight, Level",Main/Proper Lane,On Roadway,-1,GUADALUPE ST,4599,Wet,Stop Sign,Rain,"Worn, Not Damaged",-10879436.673037475,3543824.2616603533
14498512,False,False,Austin Police Department,False,False,No,0,0,1,2,0,Non-Incapacitating Injury,1437,1,0,2015,Friday,Pedalcyclist,Driveway Access,30.25715478,Daylight,-97.74688246,One Motor Vehicle - Turning Right,One Vehicle Entering Driveway,Entrance To Or Exit From Private Property Or Driveway,False,NONE,City Street,"Straight, Level",Main/Proper Lane,On Roadway,45,CONGRESS AVE S,400,Dry,Center Stripe/Divider,Clear,Unknown If Worn,-10881133.182077164,3536647.705103164
14394498,False,False,Austin Police Department,True,False,No,0,0,1,1,0,Non-Incapacitating Injury,1400,1,0,2015,Sunday,Pedalcyclist,Intersection,30.27309487,Daylight,-97.63434235,One Motor Vehicle - Turning Right,Not Applicable,One Or More Traffic Lanes Closed,False,NONE,Farm To Market,"Straight, Level",Main/Proper Lane,On Roadway,55,FM0969,9100,Dry,Marked Lanes,Clear,Unknown If Worn,-10868605.274338145,3538702.1656754613
14410648,False,False,Austin Police Department,False,False,No,0,0,1,3,0,Non-Incapacitating Injury,230,1,0,2015,Tuesday,Pedalcyclist,Non Intersection,30.26894477,"Dark, Unknown Lighting",-97.73865246,One Motor Vehicle - Backing,One Vehicle Backward From Parking,Parking Area Within Right Of Way,False,NONE,City Street,"Straight, Level",Main/Proper Lane,On Roadway,35,TRINITY ST,800,Dry,None,Clear,Not Worn,-10880217.022667935,3538167.2421741495
14414901,False,False,Austin Police Department,False,False,No,0,0,1,0,0,Non-Incapacitating Injury,1349,1,0,2015,Monday,Pedalcyclist,Non Intersection,30.21789364,Daylight,-97.77488663,One Motor Vehicle - Going Straight,Not Applicable,Not Applicable,False,NONE,City Street,"Straight, Level",Main/Proper Lane,On Roadway,40,S 1ST ST,4542,Dry,Marked Lanes,Clear,Not Worn,-10884250.592021652,3531588.900023632
14406825,True,False,Austin Police Department,True,False,No,0,0,1,1,0,Non-Incapacitating Injury,843,1,0,2015,Tuesday,Pedalcyclist,Intersection Related,30.39093475,Daylight,-97.71406246,One Motor Vehicle - Turning Right,Attention Diverted From Driving,Not Applicable,False,NONE,City Street,"Curve, Grade",Main/Proper Lane,On Roadway,45,W BRAKER LN,NO DATA,Wet,Warning Sign,Cloudy,"Worn, Not Damaged",-10877479.676389327,3553900.490426868
14406865,False,False,Austin Police Department,False,False,No,0,0,0,3,0,Not Injured,1530,0,0,2015,Tuesday,Pedalcyclist,Intersection Related,30.23442716,Daylight,-97.72406475,One Motor Vehicle - Turning Right,Attention Diverted From Driving,Not Applicable,False,NONE,City Street,"Straight, Level",Main/Proper Lane,On Roadway,-1,E RIVERSIDE DR,NO DATA,Dry,None,Cloudy,Unknown If Worn,-10878593.126218894,3533719.000830847
14415179,True,False,Austin Police Department,True,False,No,0,0,1,1,0,Non-Incapacitating Injury,1928,1,0,2015,Friday,Pedalcyclist,Intersection,30.22489479,Daylight,-97.85500243,One Motor Vehicle - Going Straight,Attention Diverted From Driving,Not Applicable,False,NONE,City Street,"Straight, Level",Main/Proper Lane,On Roadway,45,BECKETT RD,NO DATA,Dry,Signal Light,Clear,"Worn, Not Damaged",-10893169.042082148,3532490.8514834573
14573910,True,False,Austin Police Department,False,False,No,0,0,1,0,0,Non-Incapacitating Injury,1100,1,1,2015,Friday,Pedalcyclist,Non Intersection,30.28768612,Daylight,-97.74159191,One Motor Vehicle - Turning Left,Attention Diverted From Driving,Not Applicable,False,NONE,City Street,"Straight, Level",Main/Proper Lane,On Roadway,-1,W 24TH ST,402,Dry,None,Clear,"Worn, Unk Damage",-10880544.240745148,3540583.0716360565
14415232,True,False,Austin Police Department,False,False,No,0,1,0,1,0,Incapacitating Injury,1837,1,0,2015,Saturday,Pedalcyclist,Non Intersection,30.40071361,Daylight,-97.74757153,One Motor Vehicle - Going Straight,Not Applicable,Not Applicable,False,NONE,City Street,"Straight, Level",Main/Proper Lane,On Roadway,-1,W BRAKER LN,4851,Dry,None,Clear,"Worn, Damaged",-10881209.888998685,3555162.5355569
14415305,True,False,Austin Police Department,False,False,No,0,0,1,0,0,Non-Incapacitating Injury,2230,1,1,2015,Sunday,Pedalcyclist,Non Intersection,30.22163931,"Dark, Unknown Lighting",-97.74217315,One Motor Vehicle - Going Straight,Attention Diverted From Driving,Not Applicable,False,NONE,City Street,"Straight, Level",Main/Proper Lane,On Roadway,30,PARKER LN,3299,Dry,Marked Lanes,Unknown,Not Worn,-10880608.944085976,3532071.4431223157
14423495,True,False,Austin Police Department,False,False,No,0,0,1,1,0,Non-Incapacitating Injury,815,1,0,2015,Tuesday,Pedalcyclist,Driveway Access,30.16713419,Daylight,-97.79092662,One Motor Vehicle - Turning Right,One Vehicle Entering Driveway,Entrance To Or Exit From Private Property Or Driveway,False,NONE,Farm To Market,"Straight, Level",Other (Explain In Narrative),Off Roadway,-1,W SLAUGHTER LN,NO DATA,Dry,None,Cloudy,Unknown If Worn,-10886036.155540781,3525051.5269374587
14419016,False,False,Austin Police Department,False,False,No,0,0,1,1,0,Non-Incapacitating Injury,658,1,0,2015,Wednesday,Pedalcyclist,Non Intersection,30.34844706,Daylight,-97.67677062,One Motor Vehicle - Going Straight,Not Applicable,Not Applicable,False,NONE,City Street,"Straight, Level",Main/Proper Lane,On Roadway,-1,CAMERON RD,NO DATA,Dry,None,Clear,Not Worn,-10873328.367749784,3548418.5582808424
14431932,False,False,Austin Police Department,False,False,No,0,0,1,1,0,Non-Incapacitating Injury,1613,1,0,2015,Thursday,Pedalcyclist,Intersection Related,30.19151666,Daylight,-97.77386149,One Motor Vehicle - Turning Left,Not Applicable,Not Applicable,False,NONE,City Street,"Straight, Level",Other (Explain In Narrative),On Roadway,15,E WILLIAM CANNON DR,NO DATA,Dry,Signal Light,Cloudy,Unknown If Worn,-10884136.473958861,3528191.3551971274
14429383,True,False,Austin Police Department,False,False,No,0,0,0,2,1,Possible Injury,1250,1,0,2015,Monday,Motor Vehicle In Transport,Intersection Related,30.22699801,Daylight,-97.70803027,Same Direction - One Straight-One Stopped,"Slowing/Stopping-For Pedestrian, Pedalcyclist, etc. In Road",Not Applicable,False,NONE,City Street,"Straight, Level",Main/Proper Lane,On Roadway,40,E RIVERSIDE DR,NO DATA,Wet,Signal Light With Red Light Running Camera,Rain,"Worn, Not Damaged",-10876808.17607016,3532761.8198462147
14434091,True,False,Austin Police Department,False,False,No,0,0,1,1,0,Non-Incapacitating Injury,1546,1,0,2015,Wednesday,Pedalcyclist,Non Intersection,30.2735516,Daylight,-97.69092584,One Motor Vehicle - Going Straight,Vision Obstructed By Moving Vehicle,Not Applicable,False,NONE,City Street,"Straight, Level",Main/Proper Lane,On Roadway,25,OAK SPRINGS DR,3842,Wet,Marked Lanes,Rain,Not Worn,-10874904.119632252,3538761.0368698565
14452761,True,False,Austin Police Department,True,False,No,0,0,0,1,1,Possible Injury,1143,1,0,2015,Wednesday,Pedalcyclist,Intersection,30.32500477,Daylight,-97.74390246,One Motor Vehicle - Going Straight,Not Applicable,Not Applicable,False,NONE,City Street,"Straight, Level",Main/Proper Lane,On Roadway,35,HANCOCK DR,NO DATA,Wet,Bike Lane,Rain,Unknown If Worn,-10880801.449994601,3545394.958991411
14457449,True,False,Austin Police Department,False,False,No,0,0,0,1,1,Possible Injury,2143,1,0,2015,Thursday,Pedalcyclist,Driveway Access,30.36137936,"Dark, Lighted",-97.72945924,One Motor Vehicle - Turning Left,One Vehicle Entering Driveway,Entrance To Or Exit From Private Property Or Driveway,False,NONE,City Street,"Straight, Level",Main/Proper Lane,On Roadway,30,BURNET RD,8190,Dry,Marked Lanes,Clear,Unknown If Worn,-10879193.638098784,3550086.883338558
14457470,True,False,Austin Police Department,True,False,No,0,0,1,1,0,Non-Incapacitating Injury,1916,1,0,2015,Saturday,Pedalcyclist,Intersection,30.25603639,Daylight,-97.76151136,One Motor Vehicle - Turning Right,Attention Diverted From Driving,Not Applicable,False,NONE,US & State Highways,"Straight, Level",Main/Proper Lane,On Roadway,35,SL0343,999,Dry,None,Clear,Not Worn,-10882761.66377603,3536503.572378937
14444084,True,False,Austin Police Department,True,True,No,0,0,2,1,0,Non-Incapacitating Injury,1535,2,1,2015,Monday,Motor Vehicle In Transport,Intersection,30.2618442,Daylight,-97.73886871,Same Direction - Both Going Straight-Rear End,Construction - Within Posted Road Construction Zone (Not Related To Crash),Not Applicable,False,NONE,US & State Highways,"Straight, Level",Main/Proper Lane,On Roadway,35,SL0343,598,Dry,Signal Light With Red Light Running Camera,Clear,Not Worn,-10880241.09550782,3537252.072867916
14454525,True,False,Austin Police Department,True,False,No,0,0,0,1,1,Possible Injury,1654,1,0,2015,Thursday,Pedalcyclist,Intersection Related,30.22048479,Daylight,-97.75830246,One Motor Vehicle - Turning Right,Not Applicable,Not Applicable,False,NONE,City Street,"Straight, Level",Main/Proper Lane,On Roadway,45,WAREHOUSE ROW,4099,Dry,Stop Sign,Cloudy,Unknown If Worn,-10882404.450662022,3531922.707917131
14453523,True,False,Austin Police Department,True,False,No,0,0,1,1,0,Non-Incapacitating Injury,1839,1,0,2015,Friday,Pedalcyclist,Intersection,30.35800476,Daylight,-97.69916247,One Motor Vehicle - Going Straight,Attention Diverted From Driving,Not Applicable,False,NONE,City Street,"Straight, Level",Main/Proper Lane,On Roadway,-1,CARPENTER AVE,706,Dry,None,Cloudy,Not Worn,-10875821.017089704,3549651.523444744
14467010,True,False,Austin Police Department,False,False,No,0,0,1,2,0,Non-Incapacitating Injury,1655,1,0,2015,Friday,Pedalcyclist,Non Intersection,30.29601502,Daylight,-97.7424198,One Motor Vehicle - Turning Left,Attention Diverted From Driving,Not Applicable,False,NONE,City Street,"Straight, Level",Main/Proper Lane,On Roadway,35,GUADALUPE ST,2918,Dry,Bike Lane,Cloudy,Unknown If Worn,-10880636.40103838,3541656.845831056
14663285,False,False,Austin Police Department,True,False,No,0,0,1,3,0,Non-Incapacitating Injury,1754,1,0,2015,Friday,Pedalcyclist,Intersection,30.1799948,Daylight,-97.75977246,One Motor Vehicle - Going Straight,Not Applicable,Not Applicable,False,NONE,City Street,"Straight, Level",Main/Proper Lane,On Roadway,30,BLUE MEADOW DR,2598,Dry,Stop Sign,Cloudy,Unknown If Worn,-10882568.090313489,3526707.5423292755
14478649,False,False,Austin Police Department,True,False,No,0,0,0,1,1,Possible Injury,1843,1,0,2015,Thursday,Pedalcyclist,Intersection,30.26466478,Daylight,-97.74552246,One Motor Vehicle - Turning Left,Not Applicable,Not Applicable,False,NONE,City Street,"Straight, Level",Main/Proper Lane,On Roadway,-1,W 2ND ST,200,Dry,Signal Light,Clear,"Worn, Unk Damage",-10880981.787569685,3537615.6003005127
14465210,True,False,"Department Of Public Safety, State Of Texas",True,False,No,0,1,0,1,0,Incapacitating Injury,1650,1,0,2015,Saturday,Pedalcyclist,Intersection,30.27804478,Daylight,-97.73643246,One Motor Vehicle - Going Straight,Attention Diverted From Driving,Not Applicable,False,NONE,City Street,"Straight, Level",Main/Proper Lane,On Roadway,30,SAN JACINTO BLVD,1701,Wet,Bike Lane,Rain,Not Worn,-10879969.893398374,3539340.20956171
14463444,False,False,Austin Police Department,False,False,No,0,0,1,3,0,Non-Incapacitating Injury,1238,1,0,2015,Sunday,Pedalcyclist,Driveway Access,30.26120886,Daylight,-97.6981663,One Motor Vehicle - Turning Left,One Vehicle Entering Driveway,Entrance To Or Exit From Private Property Or Driveway,False,NONE,City Street,"Straight, Level",Main/Proper Lane,On Roadway,30,BOLM RD,4611,Dry,Bike Lane,Clear,Unknown If Worn,-10875710.12395256,3537170.1891933447
14479310,True,False,Austin Police Department,False,False,No,0,0,1,1,0,Non-Incapacitating Injury,2109,1,0,2015,Sunday,Pedalcyclist,Non Intersection,30.26383478,"Dark, Lighted",-97.74435246,One Motor Vehicle - Going Straight,Not Applicable,Not Applicable,False,NONE,City Street,"Straight, Level",Main/Proper Lane,On Roadway,35,CONGRESS AVE,80,Dry,Marked Lanes,Clear,Not Worn,-10880851.543765457,3537508.6255551167
14465136,False,False,Austin Police Department,True,False,No,0,0,1,1,0,Non-Incapacitating Injury,1635,1,0,2015,Monday,Pedalcyclist,Intersection Related,30.26390097,Daylight,-97.73535224,One Motor Vehicle - Going Straight,Attention Diverted From Driving,Not Applicable,False,NONE,Interstate,"Straight, Level",Main/Proper Lane,On Roadway,30,IH0035,NO DATA,Dry,Stop Sign,Clear,Not Worn,-10879849.643858029,3537517.1564356694
14465342,False,False,Austin Police Department,True,False,No,0,0,1,0,0,Non-Incapacitating Injury,1117,1,2,2015,Tuesday,Pedalcyclist,Intersection Related,30.39404956,Daylight,-97.74647834,One Motor Vehicle - Going Straight,Not Applicable,Not Applicable,False,NONE,US & State Highways,"Straight, Level",Main/Proper Lane,On Roadway,35,US0183,NO DATA,Dry,Signal Light,Clear,Not Worn,-10881088.195644544,3554302.469460635
14502768,True,False,Austin Police Department,True,False,No,0,1,0,0,0,Incapacitating Injury,1954,1,1,2015,Tuesday,Pedalcyclist,Intersection,30.21149479,Daylight,-97.83482244,One Motor Vehicle - Turning Left,Attention Diverted From Driving,Not Applicable,False,NONE,City Street,"Straight, Level",Main/Proper Lane,On Roadway,-1,CONVICT HILL RD,3776,Wet,Marked Lanes,Cloudy,Unknown If Worn,-10890922.615871135,3530764.5984407105
14469362,False,False,Austin Police Department,True,False,No,0,0,0,0,2,Possible Injury,1629,2,0,2015,Wednesday,Pedalcyclist,Intersection Related,30.33395477,Daylight,-97.71692247,One Motor Vehicle - Turning Right,Not Applicable,Not Applicable,False,NONE,City Street,"Straight, Level",Main/Proper Lane,On Roadway,-1,GUADALUPE ST,6799,Dry,Marked Lanes,Clear,"Worn, Not Damaged",-10877798.051246192,3546549.249416803
14479309,False,False,Austin Police Department,True,False,No,0,0,0,3,1,Possible Injury,1815,1,0,2015,Wednesday,Pedalcyclist,Intersection,30.33088548,Daylight,-97.73154794,One Motor Vehicle - Turning Left,Attention Diverted From Driving,Not Applicable,False,NONE,Farm To Market,"Straight, Level",Main/Proper Lane,On Roadway,35,RM2222,1400,Dry,Signal Light,Clear,"Worn, Not Damaged",-10879426.151119204,3546153.388139485
14491791,False,False,Austin Police Department,True,False,No,0,0,1,1,0,Non-Incapacitating Injury,1832,1,0,2015,Thursday,Pedalcyclist,Intersection,30.30059477,Daylight,-97.75916246,One Motor Vehicle - Turning Left,Not Applicable,Not Applicable,False,NONE,US & State Highways,"Straight, Level",Main/Proper Lane,On Roadway,35,WESTOVER RD,2100,Dry,Stop Sign,Clear,"Worn, Damaged",-10882500.185424106,3542247.312882256
14504718,True,False,Austin Police Department,True,False,No,0,0,1,1,0,Non-Incapacitating Injury,749,1,0,2015,Thursday,Pedalcyclist,Intersection,30.27375478,Daylight,-97.71989247,One Motor Vehicle - Turning Left,Attention Diverted From Driving,Not Applicable,False,NONE,City Street,"Straight, Level",Main/Proper Lane,On Roadway,35,E 12TH ST,1901,Dry,Signal Light,Clear,"Worn, Not Damaged",-10878128.670133848,3538787.22628042
14481594,True,False,Austin Police Department,False,False,No,1,0,0,2,0,Killed,1834,0,0,2015,Saturday,Pedalcyclist,Non Intersection,30.29825668,Daylight,-97.64946172,One Motor Vehicle - Going Straight,Not Applicable,Not Applicable,False,NONE,City Street,"Straight, Level",Main/Proper Lane,On Roadway,30,JOHNNY MORRIS RD,6485,Dry,Center Stripe/Divider,Clear,Not Worn,-10870288.35490766,3541945.85955223
14475244,False,False,Austin Police Department,True,False,No,0,0,0,2,0,Not Injured,1031,0,0,2015,Sunday,Pedalcyclist,Intersection,30.29560477,Daylight,-97.72339247,One Motor Vehicle - Turning Right,Not Applicable,Not Applicable,False,NONE,City Street,"Straight, Level",Main/Proper Lane,On Roadway,35,RED RIVER ST,NO DATA,Dry,Stop Sign,Clear,Not Worn,-10878518.288351625,3541603.9536547614
14498737,True,False,Austin Police Department,False,False,No,0,1,0,1,0,Incapacitating Injury,900,1,0,2015,Sunday,Pedalcyclist,Intersection,30.15762554,Daylight,-97.74276327,One Motor Vehicle - Going Straight,Attention Diverted From Driving,Not Applicable,False,NONE,City Street,"Curve, Grade",Main/Proper Lane,On Roadway,30,THAXTON RD,8000,Dry,Marked Lanes,Clear,"Worn, Not Damaged",-10880674.635943882,3523827.2705367426
14491956,False,False,Austin Police Department,True,False,No,0,0,1,1,0,Non-Incapacitating Injury,2158,1,0,2015,Monday,Pedalcyclist,Intersection,30.25111478,"Dark, Lighted",-97.74912246,One Motor Vehicle - Going Straight,Attention Diverted From Driving,Not Applicable,False,NONE,City Street,"Straight, Level",Main/Proper Lane,On Roadway,-1,CONGRESS AVE S,1299,Dry,Signal Light,Clear,Unknown If Worn,-10881382.53773654,3535869.3184532193
14483564,False,False,Austin Police Department,True,False,No,0,1,0,1,0,Incapacitating Injury,700,1,0,2015,Tuesday,Pedalcyclist,Intersection,30.37763476,Daylight,-97.74750245,One Motor Vehicle - Going Straight,Attention Diverted From Driving,Not Applicable,False,NONE,City Street,"Straight, Level",Main/Proper Lane,On Roadway,30,HYRIDGE DR,3898,Dry,Stop Sign,Clear,Not Worn,-10881202.19904826,3552184.216220536
14481487,True,False,Austin Police Department,True,False,No,0,0,1,1,0,Non-Incapacitating Injury,414,1,0,2015,Wednesday,Pedalcyclist,Intersection,30.30263477,"Dark, Lighted",-97.66109248,One Motor Vehicle - Going Straight,Not Applicable,Not Applicable,False,NONE,City Street,"Straight, Level",Main/Proper Lane,On Roadway,55,ED BLUESTEIN BLVD,NO DATA,Dry,Signal Light,Clear,Not Worn,-10871583.085188398,3542510.338909169
14506372,False,False,Austin Police Department,True,False,No,0,0,0,1,1,Possible Injury,735,1,0,2015,Wednesday,Pedalcyclist,Intersection Related,30.23757478,Daylight,-97.69533248,One Motor Vehicle - Going Straight,Not Applicable,Not Applicable,False,GREEN TREK BICYCLE,City Street,"Straight, Level",Main/Proper Lane,On Roadway,30,MONTOPOLIS DR,699,Dry,Signal Light,Cloudy,Not Worn,-10875394.664553162,3534124.5659463922
14506907,False,False,Austin Police Department,True,False,No,0,0,1,1,0,Non-Incapacitating Injury,1217,1,0,2015,Saturday,Pedalcyclist,Intersection Related,30.35972476,Daylight,-97.73825246,One Motor Vehicle - Going Straight,Not Applicable,Not Applicable,False,NONE,City Street,"Straight, Level",Main/Proper Lane,On Roadway,30,ROCKWOOD LN,7901,Dry,Signal Light,Cloudy,Not Worn,-10880172.494871616,3549873.4201685186