Crash ID,$1000 Damage to Any One Person's Property,Active School Zone Flag,Agency,At Intersection Flag,Construction Zone Flag,Construction Zone Workers Present Flag,Crash Death Count,Crash Incapacitating Injury Count,Crash Non-incapacitating Injury Count,Crash Not Injured Count,Crash Possible Injury Count,Crash Severity,Crash Time,Crash Total Injury Count,Crash Unknown Injury Count,Crash Year,Day of Week,First Harmful Event,Intersection Related,Latitude,Light Condition,Longitude,Manner of Collision,Other Factor,Physical Feature 1,Private Drive Flag,Property Damages,Road Class,Roadway Alignment,Roadway Part,Roadway Relation,Speed Limit,Street Name,Street Number,Surface Condition,Traffic Control Type,Weather Condition,Person Helmet,MercatorX,MercatorY
14507081,False,False,Austin Police Department,True,False,No,0,0,1,1,0,Non-Incapacitating Injury,509,1,0,2015,Tuesday,Pedalcyclist,Intersection,30.39059474,"Dark, Lighted",-97.73946031,One Motor Vehicle - Going Straight,Not Applicable,Not Applicable,False,NONE,US & State Highways,"Straight, Level",Main/Proper Lane,On Roadway,45,N CAPITAL OF TEXAS HWY,9999,Dry,Marked Lanes,Clear,"Worn, Unk Damage",-10880306.952118574,3553856.6115146745
14507156,False,False,Austin Police Department,True,False,No,0,0,1,4,0,Non-Incapacitating Injury,1730,1,0,2015,Thursday,Pedalcyclist,Intersection Related,30.21931084,Daylight,-97.7567846,One Motor Vehicle - Going Straight,Not Applicable,Not Applicable,False,NONE,US & State Highways,"Straight, Level",Service/Frontage Road,On Roadway,-1,US0290,NO DATA,Dry,Stop Sign,Clear,Not Worn,-10882235.483259728,3531771.471362142
14511893,False,False,Austin Police Department,True,False,No,0,0,0,2,1,Possible Injury,2250,1,0,2015,Monday,Pedalcyclist,Non Intersection,30.27356299,"Dark, Lighted",-97.69790834,One Motor Vehicle - Going Straight,Slowing/Stopping-For Traffic,Not Applicable,False,NONE,US & State Highways,"Straight, Grade",Main/Proper Lane,On Roadway,-1,SL0111,1149,Dry,Center Stripe/Divider,Clear,Unknown If Worn,-10875681.407976715,3538762.5050118724
14514210,True,False,Austin Police Department,False,False,No,0,0,1,1,0,Non-Incapacitating Injury,1224,1,0,2015,Wednesday,Pedalcyclist,Driveway Access,30.42824354,Daylight,-97.84286352,One Motor Vehicle - Turning Left,One Vehicle Entering Driveway,Entrance To Or Exit From Private Property Or Driveway,False,NONE,Farm To Market,"Straight, Level",Main/Proper Lane,On Roadway,50,RM0620,NO DATA,Dry,Marked Lanes,Clear,"Worn, Unk Damage",-10891817.744802162,3558716.186317749
14537097,False,False,Austin Police Department,False,False,No,0,0,1,0,0,Non-Incapacitating Injury,1706,1,1,2015,Thursday,Pedalcyclist,Driveway Access,30.36317322,Daylight,-97.69730305,One Motor Vehicle - Going Straight,One Vehicle Leaving Driveway,Entrance To Or Exit From Private Property Or Driveway,False,NONE,City Street,"Straight, Level",Other (Explain In Narrative),On Roadway,-1,W RUNDBERG LN,NO DATA,Dry,None,Clear,Not Worn,-10875614.027402133,3550318.3167923437
14520757,True,False,Austin Police Department,True,False,No,0,0,1,1,0,Non-Incapacitating Injury,1233,1,0,2015,Friday,Pedalcyclist,Intersection Related,30.3630463,Daylight,-97.69702522,One Motor Vehicle - Going Straight,Not Applicable,Not Applicable,False,NONE,US & State Highways,"Straight, Level",Main/Proper Lane,On Roadway,35,SL0275,NO DATA,Dry,Signal Light,Clear,Not Worn,-10875583.099508006,3550301.9421676407
14526736,False,False,Austin Police Department,True,False,No,0,0,1,1,0,Non-Incapacitating Injury,1806,1,0,2015,Monday,Pedalcyclist,Intersection,30.28819477,Daylight,-97.70032247,One Motor Vehicle - Going Straight,Vision Obstructed By Other Visual Obstructions,Not Applicable,False,NONE,City Street,"Straight, Level",Main/Proper Lane,On Roadway,35,MANOR RD,3499,Dry,Stop Sign,Clear,Not Worn,-10875950.147699025,3540648.644937676
14528105,False,False,Austin Police Department,False,False,No,0,0,0,1,1,Possible Injury,2354,1,0,2015,Monday,Pedalcyclist,Intersection Related,30.27021631,"Dark, Lighted",-97.75054227,One Motor Vehicle - Going Straight,Not Applicable,Not Applicable,False,NONE,City Street,"Straight, Grade",Main/Proper Lane,On Roadway,30,W 6TH ST,795,Dry,Signal Light,Clear,Not Worn,-10881540.590262765,3538331.1338047693
14537152,False,False,Austin Police Department,False,False,No,0,0,1,1,0,Non-Incapacitating Injury,1732,1,0,2015,Tuesday,Pedalcyclist,Driveway Access,30.25867593,Daylight,-97.75100279,One Motor Vehicle - Turning Right,One Vehicle Entering Driveway,Entrance To Or Exit From Private Property Or Driveway,False,NONE,City Street,"Straight, Level",Main/Proper Lane,On Roadway,40,BARTON SPRINGS RD,681,Dry,Bike Lane,Clear,Not Worn,-10881591.855114665,3536843.746233308
15585297,False,False,Austin Police Department,False,False,No,0,0,0,1,1,Possible Injury,1854,1,0,2015,Wednesday,Pedalcyclist,Driveway Access,30.2609257,Daylight,-97.75868461,One Motor Vehicle - Turning Left,One Vehicle Entering Driveway,Entrance To Or Exit From Private Property Or Driveway,False,NONE,City Street,"Straight, Level",Main/Proper Lane,On Roadway,30,BARTON SPRINGS RD,1325,Dry,None,Clear,"Worn, Not Damaged",-10882446.991405431,3537133.695232851
14531371,False,False,Austin Police Department,False,False,No,0,0,1,1,0,Non-Incapacitating Injury,1234,1,0,2015,Friday,Pedalcyclist,Driveway Access,30.42381144,Daylight,-97.7566332,One Motor Vehicle - Turning Right,One Vehicle Entering Driveway,Entrance To Or Exit From Private Property Or Driveway,False,NONE,City Street,"Straight, Level",Other (Explain In Narrative),On Roadway,45,JOLLYVILLE RD,11885,Dry,Marked Lanes,Cloudy,Not Worn,-10882218.629488822,3558144.0090730903
14537670,True,False,Austin Police Department,False,False,No,0,0,1,1,0,Non-Incapacitating Injury,731,1,0,2015,Wednesday,Pedalcyclist,Non Intersection,30.43119157,Daylight,-97.766016,One Motor Vehicle - Going Straight,Slowing/Stopping-Reason Not Specified,Not Applicable,False,NONE,City Street,"Straight, Level",Main/Proper Lane,On Roadway,45,JOLLYVILLE RD,12207,Dry,Marked Lanes,Clear,"Worn, Not Damaged",-10883263.118007036,3559096.78682108
14537717,False,False,Austin Police Department,True,False,No,0,0,1,1,0,Non-Incapacitating Injury,1914,1,0,2015,Wednesday,Pedalcyclist,Intersection,30.26606478,Daylight,-97.76887246,One Motor Vehicle - Turning Left,Vision Obstructed By Headlight Or Sun Glare,Not Applicable,False,NONE,City Street,"Curve, Level",Main/Proper Lane,On Roadway,35,BARTON SPRINGS RD,NO DATA,Dry,Marked Lanes,Clear,"Worn, Damaged",-10883581.097679708,3537796.0416791313
14539646,False,False,Austin Police Department,True,False,No,0,0,0,1,1,Possible Injury,800,1,0,2015,Friday,Pedalcyclist,Intersection,30.26429478,Daylight,-97.74420246,One Motor Vehicle - Turning Left,Not Applicable,Not Applicable,False,BICYCLE,City Street,"Straight, Level",Main/Proper Lane,On Roadway,30,CONGRESS AVE,199,Dry,Signal Light,Clear,"Worn, Unk Damage",-10880834.845841838,3537567.9126517065
14539650,True,False,Austin Police Department,True,False,No,0,0,0,1,1,Possible Injury,752,1,0,2015,Friday,Pedalcyclist,Driveway Access,30.40320475,Daylight,-97.74805246,One Motor Vehicle - Turning Right,One Vehicle Leaving Driveway,Entrance To Or Exit From Private Property Or Driveway,False,NONE,City Street,"Straight, Level",Other (Explain In Narrative),On Roadway,40,JOLLYVILLE RD,10927,Dry,Bike Lane,Clear,Not Worn,-10881263.425881391,3555484.058577151
14555738,False,False,Austin Police Department,True,False,No,0,0,0,4,0,Not Injured,1856,0,0,2015,Friday,Pedalcyclist,Intersection,30.26805478,Daylight,-97.74281246,One Motor Vehicle - Turning Left,Not Applicable,Not Applicable,False,NONE,City Street,"Straight, Level",Main/Proper Lane,On Roadway,35,CONGRESS AVE,599,Dry,Signal Light,Clear,"Worn, Not Damaged",-10880680.111749634,3538052.5306380917
14595912,False,False,Austin Police Department,True,False,No,0,0,1,1,0,Non-Incapacitating Injury,2158,1,0,2015,Sunday,Pedalcyclist,Intersection Related,30.23093479,"Dark, Lighted",-97.73368247,One Motor Vehicle - Going Straight,Not Applicable,Not Applicable,False,NONE,City Street,"Curve, Level",Main/Proper Lane,On Roadway,-1,BURTON DR,2299,Dry,Crosswalk,Clear,Not Worn,-10879663.765911888,3533269.030500736
14550477,False,False,Austin Police Department,False,False,No,0,0,1,1,0,Non-Incapacitating Injury,731,1,0,2015,Thursday,Pedalcyclist,Intersection Related,30.31343091,Daylight,-97.73750188,One Motor Vehicle - Turning Left,Not Applicable,Not Applicable,False,NONE,City Street,"Straight, Level",Main/Proper Lane,On Roadway,30,W 45TH ST,988,Dry,Marked Lanes,Cloudy,Unknown If Worn,-10880088.940688217,3543902.423093185
14567989,False,False,Austin Police Department,False,False,No,0,0,1,1,0,Non-Incapacitating Injury,2320,1,0,2015,Tuesday,Pedalcyclist,Non Intersection,30.44217039,"Dark, Not Lighted",-97.704339,One Motor Vehicle - Going Straight,Not Applicable,Not Applicable,False,NONE,City Street,"Straight, Level",Main/Proper Lane,On Roadway,45,W HOWARD LN,NO DATA,Dry,None,Clear,Not Worn,-10876397.26577338,3560514.2903000833
14569371,False,False,Austin Police Department,True,False,No,0,0,1,1,0,Non-Incapacitating Injury,757,1,0,2015,Thursday,Pedalcyclist,Intersection,30.32582477,Daylight,-97.73962245,One Motor Vehicle - Turning Left,Not Applicable,Not Applicable,False,NONE,City Street,"Straight, Level",Main/Proper Lane,On Roadway,-1,W NORTH LOOP BLVD,2101,Dry,Signal Light,Clear,"Worn, Damaged",-10880325.00146081,3545500.7108197575
14569927,False,False,Austin Police Department,True,False,No,0,0,0,1,1,Possible Injury,1718,1,0,2015,Thursday,Pedalcyclist,Intersection,30.28063478,Daylight,-97.73808246,One Motor Vehicle - Turning Left,Not Applicable,Not Applicable,False,NONE,City Street,"Straight, Level",Main/Proper Lane,On Roadway,30,MARTIN LUTHER KING BLVD E,NO DATA,Dry,Signal Light,Clear,"Worn, Damaged",-10880153.570558183,3539674.073641539
14574401,False,False,Austin Police Department,True,False,No,0,0,0,0,1,Possible Injury,1800,1,1,2015,Friday,Pedalcyclist,Intersection Related,30.20504479,Daylight,-97.83621244,One Motor Vehicle - Going Straight,Not Applicable,Not Applicable,False,NONE,City Street,"Straight, Level",Main/Proper Lane,On Roadway,-1,BRODIE LN,NO DATA,Dry,Signal Light,Clear,Unknown If Worn,-10891077.349963337,3529933.7619478763
14572721,True,False,Austin Police Department,False,False,No,0,0,0,1,1,Possible Injury,1227,1,0,2015,Saturday,Pedalcyclist,Intersection Related,30.26092596,Daylight,-97.7584974,One Motor Vehicle - Going Straight,Not Applicable,Not Applicable,False,NONE,US & State Highways,"Straight, Level",Main/Proper Lane,On Roadway,30,SL0343,495,Dry,Marked Lanes,Clear,"Worn, Unk Damage",-10882426.151283558,3537133.7287418777
14574415,True,False,Austin Police Department,False,False,No,0,0,0,1,2,Possible Injury,603,2,0,2015,Sunday,Pedalcyclist,Non Intersection,30.2571712,Dawn,-97.75076805,One Motor Vehicle - Going Straight,Not Applicable,Not Applicable,False,NONE,City Street,"Straight, Grade",Main/Proper Lane,On Roadway,35,S 1ST ST,550,Dry,Center Stripe/Divider,Clear,"Worn, Damaged",-10881565.723977396,3536649.8212460163
14574415,True,False,Austin Police Department,False,False,No,0,0,0,1,2,Possible Injury,603,2,0,2015,Sunday,Pedalcyclist,Non Intersection,30.2571712,Dawn,-97.75076805,One Motor Vehicle - Going Straight,Not Applicable,Not Applicable,False,NONE,City Street,"Straight, Grade",Main/Proper Lane,On Roadway,35,S 1ST ST,550,Dry,Center Stripe/Divider,Clear,"Worn, Damaged",-10881565.723977396,3536649.8212460163
14582884,False,False,Austin Police Department,False,False,No,0,0,1,1,0,Non-Incapacitating Injury,1250,1,0,2015,Monday,Pedalcyclist,Driveway Access,30.3234181,Daylight,-97.7238658,One Motor Vehicle - Turning Left,One Vehicle Entering Driveway,Entrance To Or Exit From Private Property Or Driveway,False,NONE,City Street,"Straight, Level",Main/Proper Lane,Off Roadway,30,GUADALUPE ST,5586,Dry,None,Clear,Not Worn,-10878570.979206203,3545190.335586314
14579657,True,False,Austin Police Department,True,False,No,0,0,1,1,0,Non-Incapacitating Injury,1926,1,0,2015,Tuesday,Pedalcyclist,Intersection Related,30.24904478,Daylight,-97.77584246,One Motor Vehicle - Going Straight,Not Applicable,Not Applicable,False,NONE,City Street,"Straight, Level",Main/Proper Lane,On Roadway,30,BLUEBONNET LN,2207,Dry,Stop Sign,Clear,Unknown If Worn,-10884356.994530538,3535602.5645033126
14579715,False,False,Austin Police Department,False,False,No,0,0,0,3,1,Possible Injury,1248,1,0,2015,Thursday,Pedalcyclist,Intersection,30.36297063,Daylight,-97.74830578,One Motor Vehicle - Going Straight,Attention Diverted From Driving,Not Applicable,False,NONE,City Street,"Straight, Level",Main/Proper Lane,On Roadway,40,CEBERRY DR,7802,Dry,Stop Sign,Clear,Not Worn,-10881291.6253348,3550292.1795883146
14581342,False,False,Austin Police Department,True,False,No,0,0,0,1,1,Possible Injury,1933,1,0,2015,Friday,Pedalcyclist,Intersection,30.30100477,Daylight,-97.68507248,One Motor Vehicle - Going Straight,Not Applicable,Not Applicable,False,NONE,City Street,"Straight, Level",Main/Proper Lane,On Roadway,-1,MANOR RD,5401,Dry,Bike Lane,Clear,Not Worn,-10874252.526577622,3542300.175516866
14733516,False,False,Austin Police Department,False,False,No,0,0,0,0,1,Possible Injury,344,1,1,2015,Sunday,Pedalcyclist,Non Intersection,30.23326111,"Dark, Lighted",-97.79729462,One Motor Vehicle - Going Straight,Not Applicable,Not Applicable,False,NONE,US & State Highways,"Straight, Level",Main/Proper Lane,On Roadway,35,US0290,NO DATA,Dry,None,Clear,"Worn, Unk Damage",-10886745.038058152,3533568.760704215
14582193,True,False,Austin Police Department,False,False,No,0,0,1,3,0,Non-Incapacitating Injury,956,1,0,2015,Monday,Pedalcyclist,Non Intersection,30.26152478,Daylight,-97.75995246,One Motor Vehicle - Going Straight,Not Applicable,Not Applicable,False,NONE,City Street,"Straight, Level",Main/Proper Lane,On Roadway,30,BARTON SPRINGS RD,1500,Dry,Marked Lanes,Clear,"Worn, Damaged",-10882588.127821831,3537210.9054215034
14587160,False,False,Austin Police Department,False,False,No,0,0,1,1,0,Non-Incapacitating Injury,1855,1,0,2015,Tuesday,Pedalcyclist,Driveway Access,30.36958586,Daylight,-97.74544021,One Motor Vehicle - Turning Left,One Vehicle Entering Driveway,Entrance To Or Exit From Private Property Or Driveway,False,NONE,City Street,"Straight, Grade",Main/Proper Lane,On Roadway,-1,STECK AVE,3638,Dry,Marked Lanes,Clear,"Worn, Not Damaged",-10880972.631541567,3551145.673271219
14590472,False,False,Austin Police Department,True,False,No,0,0,0,1,0,Not Injured,1015,0,1,2015,Tuesday,Pedalcyclist,Intersection,30.36765476,Daylight,-97.68098247,One Motor Vehicle - Turning Left,Not Applicable,Not Applicable,False,NONE,City Street,"Straight, Level",Main/Proper Lane,On Roadway,-1,MIDDLE FISKVILLE RD,10399,Dry,Stop Sign,Clear,Unknown If Worn,-10873797.228747081,3550896.5177428736
14593111,False,False,Austin Police Department,True,False,No,0,0,1,1,0,Non-Incapacitating Injury,1758,1,0,2015,Tuesday,Pedalcyclist,Intersection,30.21295479,Daylight,-97.81497245,One Motor Vehicle - Turning Right,Attention Diverted From Driving,Not Applicable,False,NONE,City Street,"Straight, Level",Main/Proper Lane,On Roadway,-1,DILLIONHILL DR,2800,Dry,Stop Sign,Clear,Not Worn,-10888712.925092082,3530952.671314017
14607975,True,False,Austin Police Department,True,False,No,0,1,0,1,0,Incapacitating Injury,825,1,0,2015,Tuesday,Pedalcyclist,Intersection Related,30.37354517,Daylight,-97.69107745,One Motor Vehicle - Going Straight,Attention Diverted From Driving,Not Applicable,False,NONE,US & State Highways,"Straight, Level",Main/Proper Lane,On Roadway,45,SL0275,10499,Dry,Stop Sign,Clear,Not Worn,-10874920.996780248,3551656.5290998737
14594740,False,False,Austin Police Department,True,False,No,0,0,1,1,0,Non-Incapacitating Injury,1722,1,0,2015,Thursday,Pedalcyclist,Intersection Related,30.21621469,Daylight,-97.74402355,One Motor Vehicle - Turning Right,Not Applicable,Not Applicable,False,NONE,US & State Highways,"Straight, Level",Main/Proper Lane,On Roadway,40,SH0071,NO DATA,Dry,Signal Light,Clear,Unknown If Worn,-10880814.929671738,3531372.612043747
14603701,False,False,Austin Police Department,True,False,No,0,0,1,3,0,Non-Incapacitating Injury,1658,1,0,2015,Thursday,Pedalcyclist,Non Intersection,30.24686479,Daylight,-97.89622243,One Motor Vehicle - Going Straight,Slowing/Stopping-To Make Right Turn,Not Applicable,False,RESIDENTIAL GARAGE DOOR,City Street,"Straight, Grade",Main/Proper Lane,On Roadway,35,COVERED BRIDGE DR,6901,Dry,None,Clear,"Worn, Damaged",-10897757.631492645,3535321.642587335
14594774,True,False,Austin Police Department,True,False,No,0,1,0,0,0,Incapacitating Injury,1923,1,1,2015,Friday,Pedalcyclist,Intersection Related,30.27490478,Daylight,-97.71910247,One Motor Vehicle - Going Straight,Not Applicable,Not Applicable,False,NONE,City Street,"Straight, Level",Main/Proper Lane,On Roadway,-1,E 13TH ST,2001,Dry,Stop Sign,Clear,Not Worn,-10878040.727736121,3538935.459520701
14608292,True,False,Austin Police Department,True,False,No,0,0,1,1,0,Non-Incapacitating Injury,50,1,0,2015,Saturday,Pedalcyclist,Intersection,30.26339563,"Dark, Lighted",-97.74449683,One Motor Vehicle - Going Straight,Not Applicable,Not Applicable,False,NONE,US & State Highways,"Straight, Level",Main/Proper Lane,On Roadway,30,SL0343,100,Dry,Signal Light,Clear,Not Worn,-10880867.614960343,3537452.0259697665
14601611,False,False,Austin Police Department,False,False,No,0,0,0,1,1,Possible Injury,1358,1,0,2015,Wednesday,Pedalcyclist,Non Intersection,30.29791096,Daylight,-97.74120985,One Motor Vehicle - Turning Right,Not Applicable,Not Applicable,False,NONE,City Street,"Straight, Grade",Main/Proper Lane,On Roadway,-1,GUADALUPE ST,3101,Dry,Bike Lane,Clear,Unknown If Worn,-10880501.710020496,3541901.2859819233
14606868,True,False,Austin Police Department,False,False,No,0,0,0,1,1,Possible Injury,1128,1,0,2015,Sunday,Pedalcyclist,Non Intersection,30.39914444,Daylight,-97.66948248,One Motor Vehicle - Going Straight,Attention Diverted From Driving,Not Applicable,False,NONE,City Street,"Straight, Level",Main/Proper Lane,On Roadway,-1,TECH RIDGE BLVD,NO DATA,Dry,Bike Lane,Clear,"Worn, Unk Damage",-10872517.055716155,3554960.0122988196
14628750,False,False,Austin Police Department,True,False,No,0,0,1,0,0,Non-Incapacitating Injury,2214,1,1,2015,Sunday,Pedalcyclist,Intersection Related,30.1671348,"Dark, Lighted",-97.79094246,One Motor Vehicle - Turning Right,Not Applicable,Not Applicable,False,NONE,City Street,"Straight, Level",Main/Proper Lane,On Roadway,30,CULLEN LN,NO DATA,Dry,Marked Lanes,Clear,Not Worn,-10886037.918841515,3525051.605479883
14606886,False,False,Austin Police Department,False,False,No,0,0,1,2,0,Non-Incapacitating Injury,822,1,0,2015,Monday,Pedalcyclist,Intersection,30.24514696,Daylight,-97.75132538,One Motor Vehicle - Turning Right,Attention Diverted From Driving,Not Applicable,False,NONE,City Street,"Straight, Level",Main/Proper Lane,On Roadway,35,CONGRESS AVE S,1902,Dry,Marked Lanes,Clear,Not Worn,-10881627.765669199,3535100.2807813874
14606934,False,False,Austin Police Department,True,False,No,0,0,0,1,1,Possible Injury,918,1,0,2015,Monday,Pedalcyclist,Intersection Related,30.21961479,Daylight,-97.74393247,One Motor Vehicle - Turning Right,Attention Diverted From Driving,Not Applicable,False,NONE,City Street,"Straight, Level",Main/Proper Lane,On Roadway,35,WOODWARD ST,1900,Dry,Signal Light,Clear,Not Worn,-10880804.79069252,3531810.6281810915
14610533,False,False,Austin Police Department,False,False,No,0,0,1,1,0,Non-Incapacitating Injury,835,1,0,2015,Monday,Pedalcyclist,Driveway Access,30.2623834,Daylight,-97.76197666,One Motor Vehicle - Turning Right,One Vehicle Entering Driveway,Entrance To Or Exit From Private Property Or Driveway,False,GREEN GIANT BICYCLE,City Street,"Straight, Level",Main/Proper Lane,Off Roadway,-1,BARTON SPRINGS RD,1600,Dry,Bike Lane,Clear,"Worn, Unk Damage",-10882813.460735096,3537321.566275182
14618022,False,False,Austin Police Department,True,False,No,0,0,0,1,1,Possible Injury,1638,1,0,2015,Monday,Pedalcyclist,Intersection,30.26257478,Daylight,-97.73133247,One Motor Vehicle - Going Straight,Attention Diverted From Driving,Not Applicable,False,NONE,City Street,"Straight, Level",Main/Proper Lane,On Roadway,35,WALLER ST,401,Dry,Stop Sign,Clear,Not Worn,-10879402.165108522,3537346.2318867473
14633184,True,False,Austin Police Department,True,False,No,0,0,0,1,0,Not Injured,1,0,1,2015,Monday,Pedalcyclist,Intersection Related,30.3630463,"Dark, Lighted",-97.69702522,One Motor Vehicle - Going Straight,Not Applicable,Not Applicable,False,NONE,US & State Highways,"Straight, Level",Main/Proper Lane,On Roadway,40,SL0275,NO DATA,Dry,Signal Light,Clear,Unknown If Worn,-10875583.099508006,3550301.9421676407
14608880,False,False,Austin Police Department,False,False,No,0,0,1,0,0,Non-Incapacitating Injury,1811,1,1,2015,Tuesday,Pedalcyclist,Non Intersection,30.34326951,Daylight,-97.68941208,One Motor Vehicle - Going Straight,Not Applicable,Not Applicable,False,NONE,City Street,"Straight, Level",Main/Proper Lane,On Roadway,25,FURNESS DR,8350,Dry,Marked Lanes,Cloudy,Unknown If Worn,-10874735.608639868,3547750.6927737542
14610632,False,False,Austin Police Department,False,False,No,0,0,0,1,1,Possible Injury,2036,1,0,2015,Wednesday,Pedalcyclist,Driveway Access,30.25935522,"Dark, Lighted",-97.71596069,One Motor Vehicle - Backing,One Vehicle Entering Driveway,Entrance To Or Exit From Private Property Or Driveway,False,NONE,City Street,"Straight, Level",Main/Proper Lane,On Roadway,30,E 6TH ST,2401,Dry,None,Clear,Unknown If Worn,-10877690.986386338,3536931.2920184718
14735722,False,False,Austin Police Department,True,False,No,0,0,1,0,0,Non-Incapacitating Injury,1705,1,1,2015,Friday,Pedalcyclist,Intersection Related,30.20283479,Daylight,-97.80688245,One Motor Vehicle - Turning Right,Not Applicable,Not Applicable,False,NONE,City Street,"Straight, Level",Main/Proper Lane,On Roadway,35,MANCHACA RD,NO DATA,Dry,Crosswalk,Clear,Unknown If Worn,-10887812.350411566,3529649.100262943
14620080,False,False,Austin Police Department,False,False,No,0,0,1,0,0,Non-Incapacitating Injury,2200,1,1,2015,Saturday,Pedalcyclist,Intersection Related,30.23075881,"Dark, Lighted",-97.87932821,One Motor Vehicle - Going Straight,Not Applicable,Not Applicable,False,NONE,City Street,"Straight, Level",Main/Proper Lane,On Roadway,50,W US 290,NO DATA,Dry,Signal Light,Clear,"Worn, Damaged",-10895876.975524897,3533246.356986348
14633387,False,False,Austin Police Department,True,False,No,0,0,0,0,1,Possible Injury,1500,1,1,2015,Thursday,Pedalcyclist,Intersection Related,30.31764477,Daylight,-97.72846246,One Motor Vehicle - Going Straight,Attention Diverted From Driving,Not Applicable,False,NONE,City Street,"Straight, Level",Main/Proper Lane,On Roadway,35,GUADALUPE ST,5099,Dry,Signal Light,Clear,Unknown If Worn,-10879082.677056752,3544445.8114782074
14675711,False,False,Austin Police Department,True,False,No,0,0,1,1,0,Non-Incapacitating Injury,1707,1,0,2015,Thursday,Pedalcyclist,Intersection Related,30.29649477,Daylight,-97.74211246,One Motor Vehicle - Going Straight,Attention Diverted From Driving,Not Applicable,False,NONE,City Street,"Straight, Level",Main/Proper Lane,On Roadway,-1,GUADALUPE ST,2933,Dry,Signal Light,Clear,Unknown If Worn,-10880602.18810608,3541718.698693272
14633788,False,False,Austin Police Department,True,False,No,0,0,1,1,0,Non-Incapacitating Injury,1858,1,0,2015,Tuesday,Pedalcyclist,Intersection Related,30.18567486,Daylight,-97.80436082,One Motor Vehicle - Going Straight,Not Applicable,Not Applicable,False,NONE,City Street,"Straight, Hillcrest",Main/Proper Lane,On Roadway,30,W DITTMAR RD,1273,Dry,Center Stripe/Divider,Clear,Not Worn,-10887531.643843995,3527439.012438504
14634281,False,False,Austin Police Department,True,False,No,0,0,1,1,0,Non-Incapacitating Injury,2145,1,0,2015,Thursday,Pedalcyclist,Intersection Related,30.22944479,"Dark, Lighted",-97.71265247,One Motor Vehicle - Going Straight,Not Applicable,Not Applicable,False,NONE,City Street,"Straight, Level",Main/Proper Lane,On Roadway,30,FARO DR,2001,Wet,Signal Light,Cloudy,Not Worn,-10877322.717020504,3533077.0580567415
14650768,False,False,Austin Police Department,False,False,No,0,0,1,0,0,Non-Incapacitating Injury,2024,1,1,2015,Thursday,Pedalcyclist,Driveway Access,30.2186437,"Dark, Lighted",-97.76659778,One Motor Vehicle - Turning Right,One Vehicle Entering Driveway,Entrance To Or Exit From Private Property Or Driveway,False,NONE,City Street,"Straight, Level",Main/Proper Lane,Off Roadway,-1,S CONGRESS AVE,4328,Wet,Marked Lanes,Cloudy,Not Worn,-10883327.88146039,3531685.526465778
14640826,True,False,Austin Police Department,True,False,No,0,0,1,4,0,Non-Incapacitating Injury,815,1,0,2015,Monday,Pedalcyclist,Intersection,30.28724477,Daylight,-97.72671247,One Motor Vehicle - Turning Right,Not Applicable,Not Applicable,False,NONE,City Street,"Straight, Grade",Main/Proper Lane,On Roadway,35,E 26TH ST,928,Dry,Signal Light,Clear,Not Worn,-10878887.869061058,3540526.1746803173
14653110,True,False,Austin Police Department,True,False,No,0,0,0,0,1,Possible Injury,1204,1,1,2015,Wednesday,Pedalcyclist,Intersection,30.26716478,Daylight,-97.74698246,One Motor Vehicle - Turning Right,Not Applicable,Not Applicable,False,NONE,City Street,"Straight, Level",Main/Proper Lane,On Roadway,30,GUADALUPE ST,401,Dry,Bike Lane,Cloudy,Not Worn,-10881144.314026242,3537937.818853031
14647651,False,False,Austin Police Department,True,False,No,0,1,0,0,0,Incapacitating Injury,1957,1,1,2015,Thursday,Pedalcyclist,Intersection Related,30.25891478,"Dark, Lighted",-97.72377247,One Motor Vehicle - Turning Right,Not Applicable,Not Applicable,False,NONE,City Street,"Straight, Level",Main/Proper Lane,On Roadway,30,E 3RD ST,1900,Dry,Stop Sign,Clear,"Worn, Damaged",-10878560.589758126,3536874.528761977
14655582,False,False,Austin Police Department,False,False,No,0,1,0,1,0,Incapacitating Injury,2209,1,0,2015,Thursday,Pedalcyclist,Non Intersection,30.24874884,"Dark, Lighted",-97.76894446,One Motor Vehicle - Going Straight,Not Applicable,Not Applicable,False,NONE,US & State Highways,"Straight, Level",Main/Proper Lane,On Roadway,35,SL0343,NO DATA,Dry,None,Clear,Not Worn,-10883589.112683047,3535564.4281683303
14667785,False,False,Austin Police Department,False,False,No,0,0,2,0,0,Non-Incapacitating Injury,1820,2,0,2015,Thursday,Pedalcyclist,Driveway Access,30.27777264,Daylight,-97.68553536,One Motor Vehicle - Turning Right,One Vehicle Entering Driveway,Entrance To Or Exit From Private Property Or Driveway,False,NONE,City Street,"Straight, Level",Main/Proper Lane,On Roadway,35,WEBBERVILLE RD,1166,Dry,None,Clear,Unknown If Worn,-10874304.05414352,3539305.129852937