Crash ID,$1000 Damage to Any One Person's Property,Active School Zone Flag,Agency,At Intersection Flag,Construction Zone Flag,Construction Zone Workers Present Flag,Crash Death Count,Crash Incapacitating Injury Count,Crash Non-incapacitating Injury Count,Crash Not Injured Count,Crash Possible Injury Count,Crash Severity,Crash Time,Crash Total Injury Count,Crash Unknown Injury Count,Crash Year,Day of Week,First Harmful Event,Intersection Related,Latitude,Light Condition,Longitude,Manner of Collision,Other Factor,Physical Feature 1,Private Drive Flag,Property Damages,Road Class,Roadway Alignment,Roadway Part,Roadway Relation,Speed Limit,Street Name,Street Number,Surface Condition,Traffic Control Type,Weather Condition,Person Helmet,MercatorX,MercatorY
14735773,False,False,Austin Police Department,True,False,No,0,0,0,1,1,Possible Injury,1937,1,0,2015,Thursday,Pedalcyclist,Intersection,30.27097478,Dusk,-97.75250246,One Motor Vehicle - Going Straight,Not Applicable,Not Applicable,False,NONE,City Street,"Straight, Level",Main/Proper Lane,On Roadway,35,W 6TH ST,844,Dry,Signal Light,Clear,"Worn, Not Damaged",-10881758.797615422,3538428.8957079374
14650958,False,False,Austin Police Department,True,False,No,0,0,0,2,1,Possible Injury,2115,1,0,2015,Friday,Pedalcyclist,Intersection,30.29420477,"Dark, Lighted",-97.74228246,One Motor Vehicle - Turning Left,Attention Diverted From Driving,Not Applicable,False,NONE,City Street,"Curve, Level",Main/Proper Lane,On Roadway,35,GUADALUPE ST,NO DATA,Dry,Stop Sign,Clear,"Worn, Damaged",-10880621.112419514,3541423.4579487783
14651064,True,False,Austin Police Department,False,False,No,0,0,1,1,0,Non-Incapacitating Injury,1507,1,0,2015,Saturday,Pedalcyclist,Driveway Access,30.18811688,Daylight,-97.77224121,One Motor Vehicle - Going Straight,One Vehicle Leaving Driveway,Entrance To Or Exit From Private Property Or Driveway,False,NONE,Interstate,"Straight, Level",Service/Frontage Road,On Roadway,50,IH0035,NO DATA,Dry,None,Clear,Not Worn,-10883956.105214318,3527753.5052923444
14667836,True,False,Austin Police Department,True,False,No,0,0,0,1,1,Possible Injury,1727,1,0,2015,Friday,Pedalcyclist,Intersection,30.25122842,Daylight,-97.76515671,One Motor Vehicle - Going Straight,Not Applicable,Not Applicable,False,NONE,US & State Highways,"Straight, Level",Main/Proper Lane,On Roadway,-1,SL0343,1607,Wet,Stop Sign,Cloudy,"Worn, Damaged",-10883167.462281793,3535883.9630212174
14665702,False,False,Austin Police Department,True,False,No,0,0,1,1,0,Non-Incapacitating Injury,948,1,0,2015,Monday,Pedalcyclist,Intersection Related,30.28497478,Daylight,-97.74181246,One Motor Vehicle - Turning Right,Not Applicable,Not Applicable,False,NONE,City Street,"Straight, Level",Main/Proper Lane,On Roadway,30,GUADALUPE ST,2199,Dry,Bike Lane,Clear,Not Worn,-10880568.792258842,3540233.541314994
14679922,True,False,Austin Police Department,True,False,No,0,0,1,1,0,Non-Incapacitating Injury,2149,1,0,2015,Tuesday,Pedalcyclist,Intersection,30.35806933,"Dark, Not Lighted",-97.68814856,One Motor Vehicle - Going Straight,Not Applicable,Not Applicable,False,NONE,Interstate,"Straight, Level",Main/Proper Lane,On Roadway,30,IH0035,NO DATA,Dry,Flashing Red Light,Clear,Not Worn,-10874594.954236861,3549659.8535320796
14684060,True,False,Austin Police Department,True,False,No,0,0,0,4,2,Possible Injury,1829,2,0,2015,Wednesday,Pedalcyclist,Intersection,30.26742478,Daylight,-97.69435248,One Motor Vehicle - Turning Left,Not Applicable,Not Applicable,False,"BICYCLE, BICYCLE",City Street,"Straight, Level",Main/Proper Lane,On Roadway,-1,GOODWIN AVE,3798,Dry,Stop Sign,Clear,Not Worn,-10875285.571452184,3537971.3300535055
14684060,True,False,Austin Police Department,True,False,No,0,0,0,4,2,Possible Injury,1829,2,0,2015,Wednesday,Pedalcyclist,Intersection,30.26742478,Daylight,-97.69435248,One Motor Vehicle - Turning Left,Not Applicable,Not Applicable,False,"BICYCLE, BICYCLE",City Street,"Straight, Level",Main/Proper Lane,On Roadway,-1,GOODWIN AVE,3798,Dry,Stop Sign,Clear,Not Worn,-10875285.571452184,3537971.3300535055
14675786,True,False,Austin Police Department,True,False,No,0,0,1,1,0,Non-Incapacitating Injury,1951,1,1,2015,Friday,Pedalcyclist,Intersection Related,30.27664478,"Dark, Lighted",-97.74228246,One Motor Vehicle - Going Straight,Attention Diverted From Driving,Not Applicable,False,NONE,City Street,"Straight, Level",Main/Proper Lane,On Roadway,-1,LAVACA ST,1399,Dry,Marked Lanes,Clear,Not Worn,-10880621.112419514,3539159.7461602488
14675786,True,False,Austin Police Department,True,False,No,0,0,1,1,0,Non-Incapacitating Injury,1951,1,1,2015,Friday,Pedalcyclist,Intersection Related,30.27664478,"Dark, Lighted",-97.74228246,One Motor Vehicle - Going Straight,Attention Diverted From Driving,Not Applicable,False,NONE,City Street,"Straight, Level",Main/Proper Lane,On Roadway,-1,LAVACA ST,1399,Dry,Marked Lanes,Clear,Not Worn,-10880621.112419514,3539159.7461602488
14679925,False,False,Austin Police Department,True,False,No,0,0,1,1,0,Non-Incapacitating Injury,1506,1,0,2015,Friday,Pedalcyclist,Intersection,30.26928478,Daylight,-97.73614246,One Motor Vehicle - Going Straight,Not Applicable,Not Applicable,False,NONE,City Street,"Straight, Hillcrest",Main/Proper Lane,On Roadway,30,E 9TH ST,598,Dry,Stop Sign,Clear,Not Worn,-10879937.610746045,3538211.0666145463
14719547,False,False,Austin Police Department,True,False,No,0,0,0,4,0,Not Injured,2304,0,0,2015,Friday,Pedalcyclist,Intersection,30.26073929,"Dark, Lighted",-97.79349199,One Motor Vehicle - Going Straight,Not Applicable,Not Applicable,False,BICYCLE,US & State Highways,"Straight, Level",Main/Proper Lane,On Roadway,35,SL0001,NO DATA,Dry,Stop Sign,Clear,Not Worn,-10886321.73122288,3537109.670572194
14675851,True,False,Austin Police Department,True,False,No,0,0,0,1,1,Possible Injury,1000,1,0,2015,Saturday,Pedalcyclist,Intersection,30.29552477,Daylight,-97.73181246,One Motor Vehicle - Turning Left,Not Applicable,Not Applicable,False,NONE,City Street,"Straight, Level",Other (Explain In Narrative),On Roadway,35,DUVAL ST,3301,Dry,Marked Lanes,Clear,"Worn, Not Damaged",-10879455.597350908,3541593.639545007
14677730,False,False,Austin Police Department,False,False,No,0,0,0,2,0,Not Injured,1304,0,0,2015,Saturday,Pedalcyclist,Intersection Related,30.2176571,Daylight,-97.74388936,One Motor Vehicle - Other,"Slowing/Stopping - For Officer, Flagman, Or Traffic Control",Not Applicable,False,NONE,City Street,Unknown,Main/Proper Lane,On Roadway,-1,WOODWARD ST,2000,Dry,None,Clear,Unknown If Worn,-10880799.99170927,3531558.4279227196
14679930,False,False,Austin Police Department,True,False,No,0,0,1,1,0,Non-Incapacitating Injury,1447,1,0,2015,Saturday,Pedalcyclist,Intersection Related,30.26370478,Daylight,-97.76371246,One Motor Vehicle - Turning Left,Attention Diverted From Driving,One Or More Traffic Lanes Closed,False,NONE,City Street,"Straight, Level",Main/Proper Lane,On Roadway,30,BARTON SPRINGS RD,NO DATA,Dry,None,Clear,Not Worn,-10883006.689107213,3537491.8705564183
14688160,True,False,Austin Police Department,True,False,No,0,0,1,0,0,Non-Incapacitating Injury,1939,1,1,2015,Monday,Pedalcyclist,Intersection,30.24801479,Dusk,-97.88301243,One Motor Vehicle - Going Straight,Attention Diverted From Driving,Not Applicable,False,NONE,City Street,"Straight, Hillcrest",Main/Proper Lane,On Roadway,-1,KIDNEYWOOD TRL,6199,Dry,None,Clear,Not Worn,-10896287.101019267,3535469.8352442165
14679970,False,False,Austin Police Department,True,False,No,0,0,1,1,0,Non-Incapacitating Injury,656,1,0,2015,Wednesday,Pedalcyclist,Intersection Related,30.27114478,"Dark, Not Lighted",-97.73545246,One Motor Vehicle - Turning Right,Not Applicable,Not Applicable,False,NONE,City Street,"Straight, Level",Main/Proper Lane,On Roadway,30,RED RIVER ST,NO DATA,Dry,Signal Light,Clear,"Worn, Damaged",-10879860.800297398,3538450.8077178183
14684291,False,False,Austin Police Department,False,False,No,0,0,0,1,0,Not Injured,1651,0,1,2015,Wednesday,Pedalcyclist,Non Intersection,30.35812348,Daylight,-97.68784991,One Motor Vehicle - Going Straight,Attention Diverted From Driving,Not Applicable,False,NONE,City Street,"Straight, Level",Main/Proper Lane,On Roadway,35,E RUNDBERG LN,NO DATA,Dry,Marked Lanes,Clear,Unknown If Worn,-10874561.708670935,3549666.8393537137
14688975,True,False,Austin Police Department,False,False,No,0,0,1,2,0,Non-Incapacitating Injury,1717,1,0,2015,Friday,Pedalcyclist,Driveway Access,30.22707413,Daylight,-97.76170279,One Motor Vehicle - Turning Left,One Vehicle Entering Driveway,Entrance To Or Exit From Private Property Or Driveway,False,NONE,City Street,"Straight, Level",Main/Proper Lane,On Roadway,-1,S CONGRESS AVE,3638,Dry,Other (Explain In Narrative),Clear,"Worn, Damaged",-10882782.973666152,3532771.6268755905
14714881,False,False,Austin Police Department,True,False,No,0,0,1,0,0,Non-Incapacitating Injury,1711,1,1,2015,Friday,Pedalcyclist,Intersection,30.27367478,Daylight,-97.74456246,One Motor Vehicle - Turning Right,Not Applicable,Not Applicable,False,NONE,City Street,"Straight, Grade",Main/Proper Lane,On Roadway,30,GUADALUPE ST,1101,Dry,Bike Lane,Clear,Unknown If Worn,-10880874.920858523,3538776.9144674465
14697546,True,False,Austin Police Department,True,False,No,0,0,1,1,0,Non-Incapacitating Injury,1932,1,0,2015,Tuesday,Pedalcyclist,Intersection,30.3539655,"Dark, Not Lighted",-97.76001801,One Motor Vehicle - Turning Left,Not Applicable,Not Applicable,False,NONE,City Street,"Straight, Grade",Main/Proper Lane,On Roadway,30,N HILLS DR,3800,Dry,Center Stripe/Divider,Clear,"Worn, Damaged",-10882595.424814453,3549130.434969673
14695961,False,False,Austin Police Department,True,False,No,0,0,1,1,0,Non-Incapacitating Injury,935,1,0,2015,Thursday,Pedalcyclist,Driveway Access,30.25584921,Daylight,-97.74736164,One Motor Vehicle - Turning Left,One Vehicle Entering Driveway,Entrance To Or Exit From Private Property Or Driveway,False,NONE,City Street,"Straight, Level",Main/Proper Lane,On Roadway,-1,S CONGRESS AVE,600,Dry,Center Stripe/Divider,Clear,Not Worn,-10881186.52415076,3536479.449681114
14706345,False,False,Austin Police Department,True,False,No,0,0,1,1,0,Non-Incapacitating Injury,1519,1,0,2015,Friday,Pedalcyclist,Intersection Related,30.30274477,Daylight,-97.73815246,One Motor Vehicle - Turning Left,Not Applicable,Not Applicable,False,NONE,City Street,"Straight, Level",Main/Proper Lane,On Roadway,-1,GUADALUPE ST,3801,Dry,Signal Light,Clear,Not Worn,-10880161.362922538,3542524.5218406403
14701697,True,False,Austin Police Department,False,False,No,0,0,1,1,0,Non-Incapacitating Injury,1930,1,0,2015,Saturday,Pedalcyclist,Non Intersection,30.23483483,"Dark, Lighted",-97.72209744,One Motor Vehicle - Going Straight,Not Applicable,Not Applicable,False,NONE,City Street,"Straight, Level",Main/Proper Lane,On Roadway,35,S PLEASANT VALLEY RD,NO DATA,Dry,Signal Light,Clear,Not Worn,-10878374.126271462,3533771.5276372912
14735811,False,False,Austin Police Department,True,False,No,0,0,1,1,0,Non-Incapacitating Injury,1045,1,0,2015,Sunday,Pedalcyclist,Intersection,30.21168479,Daylight,-97.87647243,One Motor Vehicle - Turning Right,Not Applicable,Not Applicable,False,NONE,City Street,"Straight, Level",Main/Proper Lane,On Roadway,40,ESCARPMENT BLVD,8799,Dry,Bike Lane,Clear,"Worn, Damaged",-10895559.07154948,3530789.0735196974
14728169,False,False,Austin Police Department,False,False,No,0,0,0,2,0,Not Injured,2000,0,0,2015,Thursday,Pedalcyclist,Non Intersection,30.26373918,"Dark, Lighted",-97.73079909,One Motor Vehicle - Turning Left,Not Applicable,Alley,False,NONE,City Street,"Straight, Grade",Main/Proper Lane,On Roadway,25,WALLER ST,526,Dry,None,Clear,Not Worn,-10879342.789518526,3537496.304184685
14710508,True,False,Austin Police Department,True,False,No,0,0,1,1,0,Non-Incapacitating Injury,1004,1,0,2015,Friday,Pedalcyclist,Intersection,30.1724048,Daylight,-97.79957245,One Motor Vehicle - Going Straight,Not Applicable,Not Applicable,False,KENT 21 SPEED ROAD BICYCLE,City Street,"Straight, Level",Main/Proper Lane,On Roadway,45,W SLAUGHTER LN,NO DATA,Wet,Signal Light,Rain,Not Worn,-10886998.604933867,3525730.1786636757
14731348,False,False,Austin Police Department,False,False,No,0,0,0,1,1,Possible Injury,858,1,0,2015,Saturday,Pedalcyclist,Driveway Access,30.23551479,Daylight,-97.79011745,One Motor Vehicle - Turning Left,One Vehicle Entering Driveway,Entrance To Or Exit From Private Property Or Driveway,False,NONE,City Street,"Straight, Level",Main/Proper Lane,On Roadway,35,VICTORY DR,4000,Wet,None,Rain,"Worn, Not Damaged",-10885946.079148415,3533859.138511004
14719764,True,False,Austin Police Department,True,False,No,0,0,1,2,0,Non-Incapacitating Injury,903,1,0,2015,Tuesday,Pedalcyclist,Intersection Related,30.24247478,Daylight,-97.71723247,One Motor Vehicle - Going Straight,Attention Diverted From Driving,Not Applicable,False,NONE,City Street,"Straight, Level",Main/Proper Lane,On Roadway,35,S PLEASANT VALLEY RD,1009,Dry,Signal Light,Clear,"Worn, Damaged",-10877832.560288338,3534755.9478858495
14728305,False,False,Austin Police Department,False,False,No,0,0,0,2,1,Possible Injury,1556,1,0,2015,Wednesday,Pedalcyclist,Intersection Related,30.32577446,Daylight,-97.70551931,One Motor Vehicle - Going Straight,Attention Diverted From Driving,Not Applicable,False,NONE,Interstate,"Straight, Level",Main/Proper Lane,On Roadway,-1,LA POSADA DR,NO DATA,Dry,Stop Sign,Cloudy,Not Worn,-10876528.657281557,3545494.222532698
14728376,False,False,Austin Police Department,False,False,No,0,0,1,1,0,Non-Incapacitating Injury,1601,1,0,2015,Thursday,Pedalcyclist,Intersection,30.30295354,Daylight,-97.7164986,One Motor Vehicle - Going Straight,Attention Diverted From Driving,Not Applicable,False,NONE,City Street,"Straight, Level",Main/Proper Lane,On Roadway,-1,CLARKSON AVE,4415,Dry,Signal Light,Clear,Not Worn,-10877750.86625363,3542551.4397989763
14731414,True,False,Austin Police Department,False,False,No,0,0,0,1,1,Possible Injury,2254,1,0,2015,Friday,Pedalcyclist,Driveway Access,30.29142023,"Dark, Lighted",-97.73511422,One Motor Vehicle - Backing,One Vehicle Leaving Driveway,Entrance To Or Exit From Private Property Or Driveway,False,NONE,City Street,"Curve, Grade",Main/Proper Lane,On Roadway,25,SAN JACINTO BLVD,2905,Dry,Bike Lane,Cloudy,Not Worn,-10879823.147592831,3541064.4673836925
14728542,True,False,Austin Police Department,True,False,No,0,1,0,2,0,Incapacitating Injury,1730,1,0,2015,Sunday,Pedalcyclist,Intersection Related,30.38954926,Daylight,-97.74504852,One Motor Vehicle - Going Straight,Not Applicable,Not Applicable,False,NONE,US & State Highways,"Straight, Level",Service/Frontage Road,On Roadway,50,US0183,NO DATA,Dry,Marked Lanes,Clear,Not Worn,-10880929.028810218,3553721.6913657556
14735870,False,False,Austin Police Department,False,False,No,0,0,1,1,0,Non-Incapacitating Injury,1147,1,0,2015,Sunday,Pedalcyclist,Non Intersection,30.35756979,Daylight,-97.74950743,One Motor Vehicle - Going Straight,Not Applicable,Not Applicable,False,NONE,City Street,"Straight, Level",Main/Proper Lane,On Roadway,30,SHADOW HILL DR,7445,Dry,None,Cloudy,Not Worn,-10881425.392400911,3549595.4087035777
14748054,True,False,Austin Police Department,True,False,No,0,1,0,1,0,Incapacitating Injury,854,1,0,2015,Tuesday,Pedalcyclist,Intersection,30.24984478,Dusk,-97.74959246,One Motor Vehicle - Going Straight,Attention Diverted From Driving,Not Applicable,False,NONE,City Street,"Straight, Grade",Main/Proper Lane,On Roadway,35,CONGRESS AVE S,1399,Dry,None,Clear,"Worn, Damaged",-10881434.857897213,3535705.657150962
14748621,False,False,Austin Police Department,True,False,No,0,0,1,1,0,Non-Incapacitating Injury,1102,1,0,2015,Tuesday,Pedalcyclist,Intersection,30.21431479,Daylight,-97.81271245,One Motor Vehicle - Going Straight,Not Applicable,Not Applicable,False,NONE,City Street,"Straight, Hillcrest",Main/Proper Lane,On Roadway,35,BERKETT DR,2700,Dry,Stop Sign,Clear,Not Worn,-10888461.343042891,3531127.864994231
14894374,False,False,Austin Police Department,True,False,No,0,0,1,1,0,Non-Incapacitating Injury,1255,1,0,2015,Wednesday,Pedalcyclist,Intersection,30.41266975,Daylight,-97.73185246,One Motor Vehicle - Turning Left,Not Applicable,Not Applicable,False,NONE,City Street,"Straight, Level",Main/Proper Lane,On Roadway,35,DUVAL RD,4400,Dry,Marked Lanes,Cloudy,"Worn, Not Damaged",-10879460.05013054,3556705.748936808
14768434,True,False,Austin Police Department,True,False,No,0,0,1,1,0,Non-Incapacitating Injury,1052,1,0,2015,Sunday,Pedalcyclist,Intersection Related,30.31009477,Daylight,-97.66720248,One Motor Vehicle - Going Straight,Not Applicable,Not Applicable,False,NONE,City Street,"Straight, Grade",Main/Proper Lane,On Roadway,35,MANOR RD,NO DATA,Dry,Signal Light,Clear,Not Worn,-10872263.247277144,3543472.2355941334
14742876,False,False,Austin Police Department,True,False,No,0,0,0,1,1,Possible Injury,1349,1,0,2015,Monday,Pedalcyclist,Intersection,30.30772477,Daylight,-97.73254246,One Motor Vehicle - Going Straight,Not Applicable,Not Applicable,False,NONE,City Street,"Straight, Level",Main/Proper Lane,On Roadway,30,W 43RD ST,400,Dry,Yield Sign,Clear,Not Worn,-10879536.860579189,3543166.638498702
14744787,False,False,Austin Police Department,False,False,No,0,0,0,1,1,Possible Injury,1734,1,0,2015,Monday,Pedalcyclist,Driveway Access,30.32344143,Daylight,-97.72384913,One Motor Vehicle - Turning Left,One Vehicle Leaving Driveway,Entrance To Or Exit From Private Property Or Driveway,False,NONE,City Street,"Straight, Level",Main/Proper Lane,On Roadway,-1,GUADALUPE ST,5593,Dry,Bike Lane,Clear,"Worn, Unk Damage",-10878569.12351029,3545193.3442938244
14748454,True,False,Austin Police Department,False,True,No,0,0,1,1,0,Non-Incapacitating Injury,846,1,0,2015,Tuesday,Pedalcyclist,Driveway Access,30.2381331,Daylight,-97.75410771,One Motor Vehicle - Going Straight,Construction - Within Posted Road Construction Zone (Not Related To Crash),Entrance To Or Exit From Private Property Or Driveway,False,NONE,City Street,"Straight, Level",Main/Proper Lane,Off Roadway,40,S CONGRESS AVE,2439,Dry,Bike Lane,Cloudy,Unknown If Worn,-10881937.493228018,3534196.505819604
14757224,True,False,Austin Police Department,True,False,No,0,0,2,1,0,Non-Incapacitating Injury,2300,2,0,2015,Thursday,Pedalcyclist,Intersection Related,30.27157131,"Dark, Not Lighted",-97.75398449,One Motor Vehicle - Going Straight,Not Applicable,Not Applicable,False,NONE,City Street,"Straight, Level",Main/Proper Lane,On Roadway,35,N LAMAR BLVD,601,Dry,Signal Light,Clear,"Worn, Not Damaged",-10881923.776440362,3538505.7851176565
14761921,False,False,Austin Police Department,True,False,No,0,0,1,1,0,Non-Incapacitating Injury,1751,1,0,2015,Tuesday,Pedalcyclist,Intersection,30.27940478,Dusk,-97.72316247,One Motor Vehicle - Turning Left,Not Applicable,Not Applicable,False,NONE,City Street,"Straight, Level",Main/Proper Lane,On Roadway,25,LEONA ST,1900,Dry,Stop Sign,Clear,"Worn, Unk Damage",-10878492.684868742,3539515.5193311884
14767893,False,False,Austin Police Department,True,False,No,0,0,0,2,0,Not Injured,1537,0,0,2015,Sunday,Pedalcyclist,Intersection Related,30.32780477,Daylight,-97.72516246,One Motor Vehicle - Turning Right,Not Applicable,Not Applicable,False,BLUE BICYCLE,City Street,"Straight, Level",Main/Proper Lane,On Roadway,40,N LAMAR BLVD,5900,Dry,Stop Sign,Clear,Not Worn,-10878715.322737135,3545756.066445403
14767896,False,False,Austin Police Department,False,False,No,0,0,1,1,0,Non-Incapacitating Injury,1748,1,0,2015,Sunday,Pedalcyclist,Non Intersection,30.28117167,Dusk,-97.71254673,One Motor Vehicle - Going Straight,Not Applicable,Not Applicable,False,NONE,City Street,"Straight, Level",Main/Proper Lane,On Roadway,35,E MARTIN LUTHER KING JR BLVD,2790,Dry,None,Clear,"Worn, Unk Damage",-10877310.946097549,3539743.2825765694
14778710,False,False,Austin Police Department,True,False,No,0,1,0,2,0,Incapacitating Injury,1749,1,0,2015,Sunday,Pedalcyclist,Intersection Related,30.33706477,Daylight,-97.69530247,One Motor Vehicle - Going Straight,Attention Diverted From Driving,Not Applicable,False,NONE,City Street,"Straight, Level",Main/Proper Lane,On Roadway,35,CLOCK TOWER DR,7800,Dry,Marked Lanes,Clear,Not Worn,-10875391.323855242,3546950.373917872
14784752,True,False,Austin Police Department,False,False,No,0,1,0,1,0,Incapacitating Injury,1951,1,0,2015,Monday,Pedalcyclist,Non Intersection,30.26386305,"Dark, Lighted",-97.74289348,One Motor Vehicle - Going Straight,Not Applicable,Not Applicable,False,NONE,City Street,"Straight, Level",Main/Proper Lane,On Roadway,-1,BRAZOS ST,194,Dry,Signal Light,Clear,"Worn, Damaged",-10880689.13085478,3537512.269125848
14778835,False,False,Austin Police Department,True,False,No,0,0,0,1,1,Possible Injury,2100,1,0,2015,Wednesday,Pedalcyclist,Intersection Related,30.24247478,"Dark, Lighted",-97.71723247,One Motor Vehicle - Turning Left,Attention Diverted From Driving,Not Applicable,False,NONE,City Street,"Straight, Level",Main/Proper Lane,On Roadway,40,S PLEASANT VALLEY RD,1009,Dry,Crosswalk,Clear,"Worn, Not Damaged",-10877832.560288338,3534755.9478858495
14793162,False,False,Austin Police Department,True,False,No,0,0,0,2,0,Not Injured,1459,0,0,2015,Wednesday,Pedalcyclist,Intersection Related,30.26711478,Daylight,-97.74316246,One Motor Vehicle - Turning Left,Not Applicable,Not Applicable,False,NONE,City Street,"Straight, Level",Main/Proper Lane,On Roadway,30,CONGRESS AVE,499,Dry,Signal Light,Cloudy,"Worn, Not Damaged",-10880719.073571412,3537931.374401575
14793164,False,False,Austin Police Department,True,False,No,0,0,1,0,0,Non-Incapacitating Injury,700,1,1,2015,Thursday,Pedalcyclist,Intersection Related,30.27036478,Daylight,-97.75469246,One Motor Vehicle - Going Straight,Not Applicable,Not Applicable,False,NONE,City Street,"Straight, Level",Main/Proper Lane,On Roadway,30,W 5TH ST,1002,Wet,Signal Light,Rain,Unknown If Worn,-10882002.58730026,3538350.2705730884
14792833,False,False,Austin Police Department,True,False,No,0,0,0,1,1,Possible Injury,1450,1,0,2015,Monday,Pedalcyclist,Intersection,30.28793478,"Dark, Not Lighted",-97.74463246,One Motor Vehicle - Going Straight,Attention Diverted From Driving,Not Applicable,False,NONE,City Street,"Straight, Level",Main/Proper Lane,On Roadway,30,RIO GRANDE ST,2399,Dry,Signal Light,Clear,Not Worn,-10880882.71322288,3540615.127933261
14792834,False,False,Austin Police Department,False,False,No,0,0,0,1,1,Possible Injury,1637,1,0,2015,Monday,Pedalcyclist,Driveway Access,30.37552679,Daylight,-97.75464908,One Motor Vehicle - Turning Left,One Vehicle Entering Driveway,Entrance To Or Exit From Private Property Or Driveway,False,NONE,City Street,"Straight, Level",Main/Proper Lane,On Roadway,25,MESA DR,8360,Dry,Marked Lanes,Clear,"Worn, Not Damaged",-10881997.758260747,3551912.218319951
14792837,False,False,Austin Police Department,False,False,No,0,0,0,1,1,Possible Injury,2030,1,0,2015,Tuesday,Pedalcyclist,Intersection,30.2566424,"Dark, Lighted",-97.71125127,One Motor Vehicle - Turning Left,Not Applicable,Not Applicable,False,NONE,City Street,"Straight, Level",Main/Proper Lane,On Roadway,30,E 5TH ST,2774,Dry,Marked Lanes,Clear,Not Worn,-10877166.736150006,3536581.671829383
14788588,False,False,Austin Police Department,True,False,No,0,0,1,2,0,Non-Incapacitating Injury,1629,1,0,2015,Thursday,Pedalcyclist,Intersection,30.27338478,Daylight,-97.69914247,One Motor Vehicle - Turning Left,Not Applicable,Not Applicable,False,NONE,City Street,"Straight, Level",Main/Proper Lane,On Roadway,35,OAK SPRINGS DR,3105,Dry,None,Clear,Not Worn,-10875818.790699888,3538739.5342158764
14798767,False,False,Austin Police Department,True,False,No,0,0,1,1,0,Non-Incapacitating Injury,554,1,0,2015,Tuesday,Pedalcyclist,Intersection,30.25659478,"Dark, Lighted",-97.71110247,One Motor Vehicle - Turning Left,Attention Diverted From Driving,Not Applicable,False,NONE,City Street,"Straight, Level",Main/Proper Lane,On Roadway,-1,E 5TH ST,2798,Dry,Signal Light,Clear,Unknown If Worn,-10877150.171809776,3536575.5347913774
14802480,False,False,Austin Police Department,True,False,No,0,0,0,1,1,Possible Injury,802,1,0,2015,Tuesday,Pedalcyclist,Intersection Related,30.36676476,Dawn,-97.68485247,One Motor Vehicle - Going Straight,Not Applicable,Not Applicable,False,NONE,City Street,"Straight, Grade",Main/Proper Lane,On Roadway,30,DIAMONDBACK TRL,10117,Dry,Marked Lanes,Clear,"Worn, Not Damaged",-10874228.035176452,3550781.6892920067
14892747,True,False,Austin Police Department,True,False,No,0,0,0,0,1,Possible Injury,1001,1,1,2015,Tuesday,Pedalcyclist,Intersection Related,30.26406477,"Dark, Not Lighted",-97.74711246,One Motor Vehicle - Turning Right,Not Applicable,Not Applicable,False,NONE,City Street,"Straight, Level",Main/Proper Lane,On Roadway,30,LAVACA ST,NO DATA,Dry,Signal Light,Clear,"Worn, Not Damaged",-10881158.785560047,3537538.267779844
14800311,False,False,Austin Police Department,False,False,No,0,0,0,1,1,Possible Injury,1838,1,0,2015,Wednesday,Pedalcyclist,Driveway Access,30.35651921,"Dark, Lighted",-97.75115999,One Motor Vehicle - Turning Left,One Vehicle Entering Driveway,Entrance To Or Exit From Private Property Or Driveway,False,NONE,City Street,"Straight, Grade",Main/Proper Lane,On Roadway,35,WOOD HOLLOW DR,7343,Dry,Center Stripe/Divider,Clear,Not Worn,-10881609.354538618,3549459.876190641
14836511,False,False,Austin Police Department,True,False,No,0,0,0,2,0,Not Injured,1206,0,0,2015,Friday,Pedalcyclist,Intersection Related,30.31866845,Daylight,-97.70725807,One Motor Vehicle - Going Straight,Not Applicable,Not Applicable,False,NONE,Interstate,"Straight, Level",Service/Frontage Road,On Roadway,55,IH0035,NO DATA,Dry,Stop Sign,Clear,Not Worn,-10876722.21515937,3544577.8212480578
14809695,False,False,Austin Police Department,False,False,No,0,0,1,1,0,Non-Incapacitating Injury,1747,1,0,2015,Monday,Pedalcyclist,Driveway Access,30.28307941,"Dark, Lighted",-97.77671675,One Motor Vehicle - Turning Left,One Vehicle Entering Driveway,Entrance To Or Exit From Private Property Or Driveway,False,NONE,City Street,"Straight, Level",Main/Proper Lane,On Roadway,35,LAKE AUSTIN BLVD,2682,Dry,Center Stripe/Divider,Clear,"Worn, Unk Damage",-10884454.320048144,3539989.2068785024
14816388,False,False,Austin Police Department,False,False,No,0,0,0,0,1,Possible Injury,15,1,1,2015,Tuesday,Pedalcyclist,Non Intersection,30.21251499,"Dark, Lighted",-97.80226816,One Motor Vehicle - Going Straight,Attention Diverted From Driving,Not Applicable,False,BICYCLE,City Street,"Straight, Level",Main/Proper Lane,On Roadway,35,MANCHACA RD,6032,Dry,Marked Lanes,Clear,Unknown If Worn,-10887298.689998392,3530896.0172876543