Crash ID,$1000 Damage to Any One Person's Property,Active School Zone Flag,Agency,At Intersection Flag,Construction Zone Flag,Construction Zone Workers Present Flag,Crash Death Count,Crash Incapacitating Injury Count,Crash Non-incapacitating Injury Count,Crash Not Injured Count,Crash Possible Injury Count,Crash Severity,Crash Time,Crash Total Injury Count,Crash Unknown Injury Count,Crash Year,Day of Week,First Harmful Event,Intersection Related,Latitude,Light Condition,Longitude,Manner of Collision,Other Factor,Physical Feature 1,Private Drive Flag,Property Damages,Road Class,Roadway Alignment,Roadway Part,Roadway Relation,Speed Limit,Street Name,Street Number,Surface Condition,Traffic Control Type,Weather Condition,Person Helmet,MercatorX,MercatorY
14816416,False,False,Austin Police Department,False,False,No,0,0,1,0,0,Non-Incapacitating Injury,2356,1,1,2015,Tuesday,Pedalcyclist,Non Intersection,30.22727603,"Dark, Lighted",-97.76160372,One Motor Vehicle - Going Straight,Not Applicable,Not Applicable,False,NONE,City Street,"Straight, Level",Other (Explain In Narrative),Off Roadway,-1,S CONGRESS AVE,NO DATA,Dry,Center Stripe/Divider,Clear,Not Worn,-10882771.945244199,3532797.6389884395
14816455,False,False,Austin Police Department,True,False,No,0,0,0,1,1,Possible Injury,1253,1,0,2015,Thursday,Pedalcyclist,Intersection,30.29172477,Daylight,-97.73424246,One Motor Vehicle - Going Straight,Not Applicable,Not Applicable,False,NONE,City Street,"Straight, Grade",Main/Proper Lane,On Roadway,30,DUVAL ST,2907,Dry,Marked Lanes,Clear,Not Worn,-10879726.103713537,3541103.729022777
14844698,True,False,Austin Police Department,False,False,No,1,0,0,1,0,Killed,631,0,0,2015,Tuesday,Pedalcyclist,Non Intersection,30.18089481,Dawn,-97.85150569,One Motor Vehicle - Going Straight,Not Applicable,Not Applicable,False,NONE,City Street,"Straight, Level",Main/Proper Lane,On Roadway,40,BRODIE LN,10119,Dry,None,Clear,Not Worn,-10892779.78676591,3526823.441534845
14831401,False,False,Austin Police Department,True,False,No,0,0,0,3,0,Not Injured,1907,0,1,2015,Thursday,Pedalcyclist,Intersection Related,30.2280511,"Dark, Lighted",-97.77795807,One Motor Vehicle - Going Straight,Attention Diverted From Driving,Not Applicable,False,NONE,City Street,"Straight, Level",Service/Frontage Road,On Roadway,-1,W BEN WHITE BLVD,1200,Dry,Signal Light,Clear,Not Worn,-10884592.503158454,3532897.496880749
14850767,True,False,Austin Police Department,False,False,No,0,0,1,1,0,Non-Incapacitating Injury,1630,1,0,2015,Thursday,Pedalcyclist,Driveway Access,30.23262325,Daylight,-97.79092861,One Motor Vehicle - Going Straight,One Vehicle Leaving Driveway,Entrance To Or Exit From Private Property Or Driveway,False,NONE,City Street,"Straight, Level",Main/Proper Lane,On Roadway,35,VICTORY DR,4300,Dry,Marked Lanes,Clear,"Worn, Not Damaged",-10886036.377066568,3533486.576159836
14859694,True,True,Austin Police Department,False,False,No,0,1,0,1,0,Incapacitating Injury,1231,1,0,2015,Thursday,Pedalcyclist,Driveway Access,30.25584921,Daylight,-97.74736164,One Motor Vehicle - Turning Left,One Vehicle Entering Driveway,Entrance To Or Exit From Private Property Or Driveway,False,NONE,City Street,"Straight, Grade",Main/Proper Lane,On Roadway,35,S CONGRESS AVE,600,Dry,Center Stripe/Divider,Clear,Not Worn,-10881186.52415076,3536479.449681114
14857286,True,False,Austin Police Department,True,False,No,0,0,1,1,0,Non-Incapacitating Injury,1134,1,0,2016,Saturday,Pedalcyclist,Intersection,30.32021477,Daylight,-97.74435246,One Motor Vehicle - Turning Left,Not Applicable,Not Applicable,False,NONE,City Street,"Curve, Level",Main/Proper Lane,On Roadway,30,SHOAL CREEK BLVD,4799,Dry,Marked Lanes,Clear,"Worn, Not Damaged",-10880851.543765457,3544777.2312439387
14857295,False,False,Austin Police Department,True,False,No,0,0,1,1,0,Non-Incapacitating Injury,1941,1,0,2016,Saturday,Pedalcyclist,Intersection,30.27718478,"Dark, Lighted",-97.75239246,One Motor Vehicle - Turning Left,Not Applicable,Not Applicable,False,NONE,City Street,"Straight, Grade",Main/Proper Lane,On Roadway,30,W 12TH ST,1010,Dry,Center Stripe/Divider,Clear,Not Worn,-10881746.552471433,3539229.3531672535
14857383,False,False,Austin Police Department,False,False,No,0,0,1,1,0,Non-Incapacitating Injury,2115,1,0,2016,Monday,Pedalcyclist,Non Intersection,30.40035474,"Dark, Lighted",-97.74473126,One Motor Vehicle - Going Straight,Not Applicable,Not Applicable,False,NONE,City Street,"Straight, Level",Main/Proper Lane,On Roadway,40,W BRAKER LN,4626,Dry,Marked Lanes,Clear,Not Worn,-10880893.711588569,3555116.218094805
14857413,True,False,Austin Police Department,True,False,No,0,0,0,1,1,Possible Injury,730,1,0,2016,Tuesday,Pedalcyclist,Intersection,30.31869477,Dawn,-97.74531246,One Motor Vehicle - Going Straight,Not Applicable,Not Applicable,False,NONE,City Street,"Curve, Level",Main/Proper Lane,On Roadway,30,SHOAL CREEK BLVD,4597,Dry,Stop Sign,Clear,Not Worn,-10880958.410476618,3544581.215390524
14859731,True,False,Austin Police Department,True,False,No,0,1,0,1,0,Incapacitating Injury,837,1,0,2016,Tuesday,Pedalcyclist,Intersection Related,30.32206477,Daylight,-97.68453248,One Motor Vehicle - Turning Right,Not Applicable,Not Applicable,False,NONE,US & State Highways,"Straight, Hillcrest",Main/Proper Lane,On Roadway,30,CREEKSIDE DR,7000,Dry,Stop Sign,Clear,Not Worn,-10874192.414052593,3545015.807274053
14859752,True,False,Austin Police Department,True,False,No,0,0,1,3,0,Non-Incapacitating Injury,1421,1,0,2016,Tuesday,Pedalcyclist,Intersection Related,30.24029478,Daylight,-97.72699247,One Motor Vehicle - Going Straight,Attention Diverted From Driving,Not Applicable,False,NONE,City Street,"Straight, Level",Main/Proper Lane,On Roadway,35,TINNIN FORD RD,1599,Dry,Yield Sign,Clear,Not Worn,-10878919.03851848,3534475.043462634
14875389,False,False,Austin Police Department,False,False,No,0,0,1,1,0,Non-Incapacitating Injury,1755,1,0,2016,Wednesday,Pedalcyclist,Intersection Related,30.26991613,Dusk,-97.74947234,One Motor Vehicle - Turning Right,Not Applicable,Not Applicable,False,NONE,City Street,"Straight, Grade",Main/Proper Lane,On Roadway,-1,W 6TH ST,695,Dry,Signal Light,Clear,Not Worn,-10881421.486199979,3538292.442742691
14875516,True,False,Austin Police Department,True,False,No,0,0,1,1,0,Non-Incapacitating Injury,815,1,0,2016,Wednesday,Pedalcyclist,Intersection,30.20389479,Daylight,-97.77516246,One Motor Vehicle - Going Straight,Not Applicable,Not Applicable,False,NONE,City Street,"Straight, Level",Main/Proper Lane,On Roadway,30,SANDRA ST,100,Dry,Stop Sign,Cloudy,"Worn, Not Damaged",-10884281.297276797,3529785.63402915
14875518,False,False,Austin Police Department,False,False,No,0,0,0,1,1,Possible Injury,815,1,0,2016,Wednesday,Pedalcyclist,Driveway Access,30.32122491,Daylight,-97.72966277,One Motor Vehicle - Going Straight,One Vehicle Leaving Driveway,Entrance To Or Exit From Private Property Or Driveway,False,NONE,City Street,"Straight, Level",Main/Proper Lane,Off Roadway,30,W NORTH LOOP BLVD,816,Dry,Marked Lanes,Clear,"Worn, Not Damaged",-10879216.294954745,3544907.498356396
14875535,False,False,Austin Police Department,True,False,No,0,0,1,1,0,Non-Incapacitating Injury,1037,1,0,2016,Wednesday,Pedalcyclist,Intersection Related,30.30274477,Daylight,-97.73815246,One Motor Vehicle - Turning Left,Not Applicable,Not Applicable,False,NONE,City Street,"Straight, Level",Main/Proper Lane,On Roadway,40,GUADALUPE ST,3801,Dry,Signal Light,Clear,Not Worn,-10880161.362922538,3542524.5218406403
14907811,False,False,Austin Police Department,True,False,No,0,0,0,1,1,Possible Injury,1402,1,0,2016,Thursday,Pedalcyclist,Intersection Related,30.30720477,Daylight,-97.74942246,One Motor Vehicle - Turning Left,Not Applicable,Not Applicable,False,NONE,City Street,"Straight, Grade",Main/Proper Lane,On Roadway,35,W 35TH STREET CUTOFF,NO DATA,Dry,Center Stripe/Divider,Clear,"Worn, Not Damaged",-10881415.93358378,3543099.5886476766
14907814,False,False,Austin Police Department,True,False,No,0,0,1,1,0,Non-Incapacitating Injury,213,1,0,2016,Friday,Pedalcyclist,Intersection,30.26562982,"Dark, Lighted",-97.69552869,One Motor Vehicle - Going Straight,Not Applicable,Not Applicable,False,NONE,US & State Highways,"Straight, Level",Main/Proper Lane,On Roadway,35,SL0111,NO DATA,Dry,Signal Light,Clear,Unknown If Worn,-10875416.50655045,3537739.980845027
14905850,False,False,Austin Police Department,False,False,No,0,0,1,1,0,Non-Incapacitating Injury,1615,1,0,2016,Saturday,Pedalcyclist,Driveway Access,30.24894263,Daylight,-97.76844337,One Motor Vehicle - Going Straight,One Vehicle Leaving Driveway,Entrance To Or Exit From Private Property Or Driveway,False,NONE,US & State Highways,"Straight, Grade",Main/Proper Lane,On Roadway,45,SL0343,NO DATA,Dry,Marked Lanes,Clear,Not Worn,-10883533.331599403,3535589.400921302
14896429,False,False,Austin Police Department,False,False,No,0,0,1,1,0,Non-Incapacitating Injury,1134,1,0,2016,Wednesday,Pedalcyclist,Non Intersection,30.29944406,Daylight,-97.7378697,One Motor Vehicle - Going Straight,Vehicle Passing Or Attempting To Pass On Left,Not Applicable,False,NONE,City Street,"Straight, Level",Main/Proper Lane,On Roadway,30,W 34TH ST,391,Dry,None,Clear,Not Worn,-10880129.886223322,3542098.949277037
14896703,False,False,Austin Police Department,False,False,No,0,0,0,1,1,Possible Injury,1636,1,0,2016,Wednesday,Pedalcyclist,Driveway Access,30.26866239,Daylight,-97.73356901,One Motor Vehicle - Turning Right,One Vehicle Entering Driveway,Entrance To Or Exit From Private Property Or Driveway,False,NONE,Interstate,"Straight, Grade",Service/Frontage Road,Off Roadway,45,IH0035,NO DATA,Dry,Marked Lanes,Clear,Not Worn,-10879651.135602461,3538130.8458733005
14896709,False,False,Austin Police Department,False,False,No,0,1,0,2,0,Incapacitating Injury,1724,1,0,2016,Wednesday,Pedalcyclist,Intersection Related,30.41320475,Daylight,-97.72101246,One Motor Vehicle - Going Straight,Attention Diverted From Driving,Not Applicable,False,NONE,City Street,"Straight, Level",Main/Proper Lane,On Roadway,35,ETON LN,3700,Dry,Warning Sign,Clear,Not Worn,-10878253.346850341,3556774.8073435524
14898441,True,False,Austin Police Department,False,False,No,0,0,0,1,1,Possible Injury,734,1,0,2016,Friday,Pedalcyclist,Driveway Access,30.30723646,Daylight,-97.72442267,One Motor Vehicle - Turning Left,One Vehicle Entering Driveway,Entrance To Or Exit From Private Property Or Driveway,False,NONE,City Street,"Straight, Level",Main/Proper Lane,Off Roadway,35,DUVAL ST,4505,Dry,Marked Lanes,Clear,"Worn, Not Damaged",-10878632.96969104,3543103.6748101506
14902783,True,False,Austin Police Department,True,False,No,0,0,0,1,1,Possible Injury,958,1,0,2016,Saturday,Pedalcyclist,Intersection,30.36634476,Daylight,-97.69923247,One Motor Vehicle - Going Straight,Not Applicable,Not Applicable,False,NONE,City Street,"Straight, Level",Main/Proper Lane,On Roadway,-1,RUTLAND DR,912,Dry,None,Clear,Not Worn,-10875828.80945406,3550727.50094782
14909161,False,False,Austin Police Department,True,False,No,0,0,0,1,1,Possible Injury,1744,1,0,2016,Monday,Pedalcyclist,Intersection,30.31220477,Daylight,-97.71577247,One Motor Vehicle - Going Straight,Not Applicable,Not Applicable,False,NONE,City Street,"Straight, Level",Main/Proper Lane,On Roadway,25,CLARKSON AVE,5099,Dry,Marked Lanes,Clear,Not Worn,-10877670.03383178,3543744.3134879866
14917566,True,False,Austin Police Department,True,False,No,0,1,0,1,0,Incapacitating Injury,1631,1,0,2016,Thursday,Pedalcyclist,Intersection Related,30.35967476,Daylight,-97.76664245,One Motor Vehicle - Going Straight,Not Applicable,Not Applicable,False,NONE,City Street,"Straight, Grade",Main/Proper Lane,On Roadway,35,MESA DR,7101,Dry,Stop Sign,Clear,"Worn, Not Damaged",-10883332.854102045,3549866.969627299
14917658,True,False,Austin Police Department,True,False,No,0,0,1,1,0,Non-Incapacitating Injury,1622,1,0,2016,Saturday,Pedalcyclist,Intersection,30.30577477,Daylight,-97.70289247,One Motor Vehicle - Turning Left,Not Applicable,Not Applicable,False,NONE,City Street,"Straight, Level",Main/Proper Lane,On Roadway,30,E 51ST ST,1498,Dry,Signal Light,Clear,"Worn, Not Damaged",-10876236.238790361,3542915.203391381
14923720,False,False,Austin Police Department,False,False,No,0,0,1,0,0,Non-Incapacitating Injury,1446,1,1,2016,Saturday,Pedalcyclist,Intersection Related,30.22559609,Daylight,-97.80384525,One Motor Vehicle - Turning Right,Not Applicable,Not Applicable,False,NONE,City Street,"Straight, Level",Main/Proper Lane,On Roadway,35,JONES RD,2700,Dry,Signal Light,Clear,Not Worn,-10887474.250854127,3532581.2028296376
14920143,True,False,Austin Police Department,True,False,No,0,1,0,1,0,Incapacitating Injury,754,1,0,2016,Tuesday,Pedalcyclist,Intersection,30.26574519,Daylight,-97.73465308,One Motor Vehicle - Turning Left,Not Applicable,Not Applicable,False,NONE,Interstate,"Straight, Grade",Main/Proper Lane,On Roadway,30,IH0035,NO DATA,Dry,Signal Light,Clear,"Worn, Unk Damage",-10879771.813722847,3537754.8505523666
15585501,False,False,Austin Police Department,True,False,No,0,0,1,2,0,Non-Incapacitating Injury,1411,1,0,2016,Wednesday,Pedalcyclist,Intersection Related,30.26805478,Daylight,-97.74281246,One Motor Vehicle - Going Straight,Attention Diverted From Driving,Not Applicable,False,NONE,City Street,"Straight, Level",Main/Proper Lane,On Roadway,30,CONGRESS AVE,599,Dry,Signal Light,Clear,Unknown If Worn,-10880680.111749634,3538052.5306380917
14930525,False,False,Austin Police Department,True,False,No,0,0,1,1,0,Non-Incapacitating Injury,1515,1,0,2016,Friday,Pedalcyclist,Intersection Related,30.24247478,Daylight,-97.71723247,One Motor Vehicle - Turning Right,Vision Obstructed By Moving Vehicle,Not Applicable,False,NONE,City Street,"Straight, Grade",Main/Proper Lane,On Roadway,40,S PLEASANT VALLEY RD,1009,Dry,Signal Light,Clear,Not Worn,-10877832.560288338,3534755.9478858495
14941785,False,False,Austin Police Department,False,False,No,0,0,0,2,0,Not Injured,835,0,0,2016,Monday,Pedalcyclist,Driveway Access,30.23835308,Daylight,-97.75391838,One Motor Vehicle - Turning Left,One Vehicle Entering Driveway,Entrance To Or Exit From Private Property Or Driveway,False,NONE,City Street,"Straight, Level",Main/Proper Lane,On Roadway,35,S CONGRESS AVE,2424,Dry,None,Clear,"Worn, Unk Damage",-10881916.417108826,3534224.8504892597
14935198,True,False,Austin Police Department,True,False,No,0,0,1,1,0,Non-Incapacitating Injury,1023,1,0,2016,Wednesday,Pedalcyclist,Intersection Related,30.22698479,Daylight,-97.70800247,One Motor Vehicle - Turning Right,Attention Diverted From Driving,Not Applicable,False,NONE,City Street,"Straight, Level",Main/Proper Lane,On Roadway,35,GROVE BLVD,NO DATA,Dry,Crosswalk,Clear,Not Worn,-10876805.081388315,3532760.116629328
14935218,False,False,Austin Police Department,False,False,No,0,0,1,0,0,Non-Incapacitating Injury,2221,1,1,2016,Wednesday,Pedalcyclist,Non Intersection,30.31051019,"Dark, Lighted",-97.70558107,One Motor Vehicle - Other,Not Applicable,Not Applicable,False,GREEN BICYCLE,City Street,"Curve, Level",Main/Proper Lane,On Roadway,25,WESTMOOR DR,1149,Dry,None,Clear,Not Worn,-10876535.53237331,3543525.8022394073
14945134,True,False,Austin Police Department,True,False,No,0,0,1,2,0,Non-Incapacitating Injury,1705,1,0,2016,Thursday,Pedalcyclist,Intersection Related,30.24702478,Daylight,-97.75061246,One Motor Vehicle - Turning Right,Vehicle Changing Lanes,Not Applicable,False,DAMAGE TO RECUMBENT BICYCLE IN COLLISION,City Street,"Straight, Grade",Main/Proper Lane,On Roadway,35,CONGRESS AVE S,1699,Dry,Signal Light,Clear,"Worn, Not Damaged",-10881548.403777823,3535342.259303623
14941915,True,False,Austin Police Department,True,False,No,0,0,1,0,0,Non-Incapacitating Injury,1025,1,1,2016,Saturday,Pedalcyclist,Intersection Related,30.26742478,Daylight,-97.69435248,One Motor Vehicle - Going Straight,Not Applicable,Not Applicable,False,NONE,City Street,"Straight, Level",Main/Proper Lane,On Roadway,35,SPRINGDALE RD,1017,Dry,Stop Sign,Clear,Unknown If Worn,-10875285.571452184,3537971.3300535055
14941924,True,False,Austin Police Department,True,False,No,0,0,1,1,0,Non-Incapacitating Injury,1900,1,0,2016,Saturday,Pedalcyclist,Intersection Related,30.28720028,"Dark, Not Lighted",-97.7265264,One Motor Vehicle - Going Straight,Not Applicable,Not Applicable,False,NONE,City Street,"Curve, Grade",Entrance/On Ramp,On Roadway,35,E DEAN KEETON ST,1000,Dry,Bike Lane,Clear,Not Worn,-10878867.155843407,3540520.4392338614
14942958,False,False,Austin Police Department,True,False,No,0,1,0,0,0,Incapacitating Injury,2248,1,0,2016,Saturday,Pedalcyclist,Intersection Related,30.23876478,"Dark, Lighted",-97.71957247,One Motor Vehicle - Going Straight,Not Applicable,Not Applicable,False,NONE,City Street,"Straight, Level",Main/Proper Lane,On Roadway,45,S PLEASANT VALLEY RD,1403,Dry,Signal Light,Clear,"Worn, Damaged",-10878093.047896795,3534277.898666343
14946657,False,False,Austin Police Department,False,False,No,0,0,1,1,0,Non-Incapacitating Injury,1009,1,0,2016,Saturday,Pedalcyclist,Intersection Related,30.22953644,Daylight,-97.69698081,One Motor Vehicle - Going Straight,Attention Diverted From Driving,Not Applicable,False,NONE,City Street,"Straight, Level",Main/Proper Lane,On Roadway,-1,PORTER ST,6601,Dry,None,Clear,Not Worn,-10875578.15580942,3533088.8662106902
14970513,True,False,Austin Police Department,False,False,No,0,0,0,1,1,Possible Injury,1020,1,0,2016,Saturday,Pedalcyclist,Non Intersection,30.29728477,Daylight,-97.72297247,One Motor Vehicle - Going Straight,"Lost Control Or Skidded (Icy Or Slick Road, etc.)",Not Applicable,False,NONE,City Street,"Curve, Grade",Main/Proper Lane,On Roadway,-1,RED RIVER ST,3900,Other (Explain In Narrative),Marked Lanes,Other (Explain In Narrative),"Worn, Damaged",-10878471.534165492,3541820.5519032814
14941993,False,False,Austin Police Department,True,False,No,0,0,0,1,1,Possible Injury,1206,1,0,2016,Sunday,Pedalcyclist,Intersection Related,30.24923478,Daylight,-97.73731247,One Motor Vehicle - Turning Right,Attention Diverted From Driving,Not Applicable,False,NONE,City Street,"Curve, Level",Main/Proper Lane,On Roadway,35,E RIVERSIDE DR,1018,Dry,Stop Sign,Cloudy,"Worn, Not Damaged",-10880067.855663469,3535627.0489311214
14942036,False,False,Austin Police Department,True,False,No,0,0,0,1,1,Possible Injury,1302,1,0,2016,Monday,Pedalcyclist,Intersection,30.32620477,Daylight,-97.74833246,One Motor Vehicle - Going Straight,Vehicle Passing Or Attempting To Pass On Left,Not Applicable,False,NONE,City Street,"Straight, Level",Main/Proper Lane,On Roadway,30,FINLEY DR,4999,Dry,None,Clear,"Worn, Unk Damage",-10881294.595338814,3545549.7180647985
14943028,False,False,Austin Police Department,True,False,No,0,0,0,1,1,Possible Injury,2217,1,0,2016,Monday,Pedalcyclist,Intersection,30.28768478,"Dark, Lighted",-97.74157246,One Motor Vehicle - Turning Left,Not Applicable,Not Applicable,False,NONE,City Street,"Straight, Grade",Main/Proper Lane,On Roadway,30,W 24TH ST,400,Dry,Signal Light,Clear,Not Worn,-10880542.075581051,3540582.898888595
14945144,True,False,Austin Police Department,False,False,No,0,1,0,1,0,Incapacitating Injury,626,1,0,2016,Tuesday,Pedalcyclist,Non Intersection,30.42055904,"Dark, Not Lighted",-97.7044984,One Motor Vehicle - Going Straight,Not Applicable,Not Applicable,False,NONE,Farm To Market,"Straight, Level",Main/Proper Lane,On Roadway,55,FM0734,NO DATA,Dry,None,Clear,Not Worn,-10876415.010100214,3557724.14580643
14970523,True,False,Austin Police Department,False,False,No,0,0,1,1,0,Non-Incapacitating Injury,1653,1,0,2016,Tuesday,Pedalcyclist,Non Intersection,30.28971648,Daylight,-97.74140901,One Motor Vehicle - Going Straight,Not Applicable,Not Applicable,False,NONE,City Street,"Straight, Level",Main/Proper Lane,On Roadway,35,GUADALUPE ST,2521,Dry,Marked Lanes,Clear,Not Worn,-10880523.88041028,3540844.8202674096
14946391,True,False,Austin Police Department,True,False,No,0,0,1,1,0,Non-Incapacitating Injury,1712,1,0,2016,Wednesday,Pedalcyclist,Intersection,30.35244428,Daylight,-97.75101136,One Motor Vehicle - Turning Left,Vision Obstructed By Headlight Or Sun Glare,Not Applicable,False,NONE,City Street,"Straight, Grade",Main/Proper Lane,On Roadway,35,FAR WEST BLVD,3434,Dry,Marked Lanes,Clear,"Worn, Unk Damage",-10881592.8091227,3548934.19415231
14976201,False,False,Austin Police Department,False,False,No,0,0,1,1,0,Non-Incapacitating Injury,2311,1,0,2016,Wednesday,Pedalcyclist,Intersection Related,30.23876566,"Dark, Lighted",-97.71957192,One Motor Vehicle - Going Straight,Attention Diverted From Driving,Not Applicable,False,NONE,City Street,"Straight, Level",Main/Proper Lane,On Roadway,-1,S PLEASANT VALLEY RD,1405,Dry,Signal Light,Clear,Unknown If Worn,-10878092.986671075,3534278.012055932
14948061,False,False,Austin Police Department,True,False,No,0,0,2,1,0,Non-Incapacitating Injury,1519,2,1,2016,Thursday,Pedalcyclist,Intersection Related,30.31160477,Daylight,-97.68521248,One Motor Vehicle - Turning Left,Attention Diverted From Driving,Not Applicable,False,NONE,City Street,"Straight, Level",Main/Proper Lane,On Roadway,30,WHELESS LN,2200,Dry,Marked Lanes,Clear,Unknown If Worn,-10874268.111306332,3543666.944770494
14948061,False,False,Austin Police Department,True,False,No,0,0,2,1,0,Non-Incapacitating Injury,1519,2,1,2016,Thursday,Pedalcyclist,Intersection Related,30.31160477,Daylight,-97.68521248,One Motor Vehicle - Turning Left,Attention Diverted From Driving,Not Applicable,False,NONE,City Street,"Straight, Level",Main/Proper Lane,On Roadway,30,WHELESS LN,2200,Dry,Marked Lanes,Clear,Unknown If Worn,-10874268.111306332,3543666.944770494
14948061,False,False,Austin Police Department,True,False,No,0,0,2,1,0,Non-Incapacitating Injury,1519,2,1,2016,Thursday,Pedalcyclist,Intersection Related,30.31160477,Daylight,-97.68521248,One Motor Vehicle - Turning Left,Attention Diverted From Driving,Not Applicable,False,NONE,City Street,"Straight, Level",Main/Proper Lane,On Roadway,30,WHELESS LN,2200,Dry,Marked Lanes,Clear,Unknown If Worn,-10874268.111306332,3543666.944770494
14956656,False,False,Austin Police Department,True,False,No,0,0,1,1,0,Non-Incapacitating Injury,1708,1,0,2016,Monday,Pedalcyclist,Non Intersection,30.28192478,Daylight,-97.74266246,One Motor Vehicle - Turning Left,Attention Diverted From Driving,Alley,False,NONE,City Street,"Straight, Level",Main/Proper Lane,On Roadway,30,MARTIN LUTHER KING BLVD W,414,Dry,None,Cloudy,Not Worn,-10880663.413826017,3539840.36444376
14956661,True,False,Austin Police Department,True,False,No,0,0,0,1,1,Possible Injury,1653,1,0,2016,Monday,Pedalcyclist,Intersection,30.1828048,Daylight,-97.79344245,One Motor Vehicle - Going Straight,Not Applicable,Not Applicable,False,NONE,City Street,"Straight, Level",Main/Proper Lane,On Roadway,35,S 1ST ST,8003,Wet,No Passing Zone,Rain,Not Worn,-10886316.216455303,3527069.4048915245
14968063,False,False,Austin Police Department,True,False,No,0,0,1,1,0,Non-Incapacitating Injury,1621,1,0,2016,Saturday,Pedalcyclist,Intersection Related,30.29562477,Daylight,-97.70109247,One Motor Vehicle - Turning Left,Not Applicable,Not Applicable,False,NONE,City Street,"Straight, Level",Main/Proper Lane,On Roadway,30,THREADGILL ST,4299,Dry,Stop Sign,Clear,"Worn, Damaged",-10876035.863706935,3541606.532183515
14970306,False,False,Austin Police Department,False,False,No,0,1,0,1,0,Incapacitating Injury,530,1,0,2016,Tuesday,Pedalcyclist,Non Intersection,30.16283841,"Dark, Lighted",-97.83145686,One Motor Vehicle - Going Straight,Not Applicable,Not Applicable,False,NONE,Farm To Market,"Straight, Level",Main/Proper Lane,Shoulder,55,FM2304,10758,Dry,Marked Lanes,Fog,Not Worn,-10890547.96121931,3524498.4226382677
14993471,False,False,Austin Police Department,True,True,Yes,0,0,0,1,0,Not Injured,1535,0,1,2016,Tuesday,Pedalcyclist,Intersection,30.20415479,Daylight,-97.80989245,One Motor Vehicle - Going Straight,Construction - Within Posted Road Construction Zone (Not Related To Crash),Not Applicable,False,NONE,City Street,"Straight, Level",Main/Proper Lane,On Roadway,25,WHISPERING OAKS DR,6901,Dry,Stop Sign,Clear,Unknown If Worn,-10888147.422078853,3529819.123668059
14976316,False,False,Austin Police Department,True,False,No,0,0,0,1,1,Possible Injury,2035,1,0,2016,Wednesday,Pedalcyclist,Intersection,30.26759478,"Dark, Lighted",-97.72490247,One Motor Vehicle - Turning Left,Attention Diverted From Driving,Not Applicable,False,NONE,City Street,"Straight, Level",Main/Proper Lane,On Roadway,-1,E 11TH ST,1506,Dry,Marked Lanes,Clear,Not Worn,-10878686.380782723,3537993.241271031
14979712,False,False,Austin Police Department,False,False,No,0,0,1,1,0,Non-Incapacitating Injury,2020,1,0,2016,Friday,Pedalcyclist,Non Intersection,30.26936617,"Dark, Lighted",-97.74751375,One Motor Vehicle - Going Straight,Attention Diverted From Driving,Not Applicable,False,NONE,City Street,"Straight, Grade",Main/Proper Lane,On Roadway,-1,W 6TH ST,514,Wet,None,Rain,Not Worn,-10881203.456958506,3538221.5571261775
14979773,False,False,Austin Police Department,False,False,No,0,0,0,1,1,Possible Injury,1553,1,0,2016,Saturday,Pedalcyclist,Driveway Access,30.25584921,Daylight,-97.74736164,One Motor Vehicle - Turning Right,One Vehicle Entering Driveway,Entrance To Or Exit From Private Property Or Driveway,False,NONE,City Street,"Straight, Level",Main/Proper Lane,On Roadway,-1,S CONGRESS AVE,600,Dry,Marked Lanes,Clear,"Worn, Not Damaged",-10881186.52415076,3536479.449681114
14998088,False,False,Austin Police Department,True,False,No,0,0,0,1,1,Possible Injury,1711,1,0,2016,Tuesday,Pedalcyclist,Intersection,30.26901478,"Dark, Not Lighted",-97.74629246,One Motor Vehicle - Turning Right,Not Applicable,Not Applicable,False,NONE,City Street,"Straight, Level",Main/Proper Lane,On Roadway,30,GUADALUPE ST,599,Dry,Signal Light,Clear,"Worn, Not Damaged",-10881067.503577596,3538176.265864197
14987617,True,False,Austin Police Department,True,False,No,0,0,1,1,0,Non-Incapacitating Injury,1114,1,0,2016,Thursday,Pedalcyclist,Intersection,30.28497478,Daylight,-97.74181246,One Motor Vehicle - Turning Right,Not Applicable,Not Applicable,False,NONE,City Street,"Straight, Level",Main/Proper Lane,On Roadway,30,GUADALUPE ST,2199,Dry,Bike Lane,Clear,Not Worn,-10880568.792258842,3540233.541314994