Crash ID,$1000 Damage to Any One Person's Property,Active School Zone Flag,Agency,At Intersection Flag,Construction Zone Flag,Construction Zone Workers Present Flag,Crash Death Count,Crash Incapacitating Injury Count,Crash Non-incapacitating Injury Count,Crash Not Injured Count,Crash Possible Injury Count,Crash Severity,Crash Time,Crash Total Injury Count,Crash Unknown Injury Count,Crash Year,Day of Week,First Harmful Event,Intersection Related,Latitude,Light Condition,Longitude,Manner of Collision,Other Factor,Physical Feature 1,Private Drive Flag,Property Damages,Road Class,Roadway Alignment,Roadway Part,Roadway Relation,Speed Limit,Street Name,Street Number,Surface Condition,Traffic Control Type,Weather Condition,Person Helmet,MercatorX,MercatorY
14988958,True,False,Austin Police Department,False,False,No,0,0,0,1,1,Possible Injury,1510,1,0,2016,Thursday,Pedalcyclist,Non Intersection,30.41704682,Daylight,-97.74982253,One Motor Vehicle - Going Straight,Swerved Or Veered-Reason Not Specified,Not Applicable,False,NONE,City Street,"Straight, Level",Main/Proper Lane,Off Roadway,40,JOLLYVILLE RD,11609,Dry,None,Clear,"Worn, Damaged",-10881460.469172461,3557270.757217015
14988965,False,False,Austin Police Department,True,False,No,0,0,1,1,0,Non-Incapacitating Injury,1642,1,0,2016,Thursday,Pedalcyclist,Intersection,30.25793478,Daylight,-97.71507247,One Motor Vehicle - Turning Left,Attention Diverted From Driving,Not Applicable,False,NONE,City Street,"Straight, Level",Main/Proper Lane,On Roadway,35,E 5TH ST,2500,Dry,None,Clear,Unknown If Worn,-10877592.110188225,3536748.2287231646
14998058,False,False,Austin Police Department,False,False,No,0,0,0,1,1,Possible Injury,815,1,0,2016,Friday,Pedalcyclist,Driveway Access,30.27347839,Daylight,-97.74463291,One Motor Vehicle - Turning Right,One Vehicle Entering Driveway,Entrance To Or Exit From Private Property Or Driveway,False,NONE,City Street,"Straight, Level",Main/Proper Lane,On Roadway,30,GUADALUPE ST,1078,Dry,None,Clear,Not Worn,-10880882.76331665,3538751.600291217
14998152,False,False,Austin Police Department,True,False,No,0,0,0,0,1,Possible Injury,2030,1,2,2016,Friday,Pedalcyclist,Intersection Related,30.1670448,"Dark, Lighted",-97.78851246,One Motor Vehicle - Turning Right,Attention Diverted From Driving,Not Applicable,False,NONE,City Street,"Straight, Level",Main/Proper Lane,On Roadway,35,W SLAUGHTER LN,NO DATA,Dry,Signal Light,Clear,Not Worn,-10885767.412478888,3525040.0172586213
14993656,False,False,Austin Police Department,True,False,No,0,0,0,3,0,Not Injured,1315,0,0,2016,Sunday,Pedalcyclist,Intersection Related,30.22688479,Daylight,-97.76922246,One Motor Vehicle - Going Straight,Attention Diverted From Driving,Not Applicable,False,NONE,City Street,"Straight, Level",Main/Proper Lane,On Roadway,50,W BEN WHITE BLVD,580,Dry,Crosswalk,Clear,Not Worn,-10883620.059501486,3532747.23299917
15003136,False,False,Austin Police Department,False,False,No,0,0,0,1,1,Possible Injury,740,1,0,2016,Monday,Pedalcyclist,Intersection Related,30.26084555,Daylight,-97.758526,One Motor Vehicle - Going Straight,"Lost Control Or Skidded (Icy Or Slick Road, etc.)",Not Applicable,False,NONE,US & State Highways,"Straight, Level",Main/Proper Lane,On Roadway,45,SL0343,NO DATA,Dry,Crosswalk,Clear,"Worn, Not Damaged",-10882429.335020995,3537123.365435128
15015703,True,False,Austin Police Department,True,False,No,0,1,0,1,0,Incapacitating Injury,2204,1,0,2016,Tuesday,Pedalcyclist,Intersection Related,30.28253477,"Dark, Lighted",-97.70395247,One Motor Vehicle - Going Straight,Slowing/Stopping-To Make Left Turn,Not Applicable,False,NONE,City Street,"Straight, Level",Main/Proper Lane,On Roadway,-1,E MARTIN LUTHER KING JR BLVD,3099,Wet,Signal Light,Cloudy,Not Worn,-10876354.237450603,3539918.9975511483
15593655,False,False,Austin Police Department,False,False,No,0,0,0,1,1,Possible Injury,1129,1,0,2016,Tuesday,Pedalcyclist,Non Intersection,30.2338598,Daylight,-97.79666822,One Motor Vehicle - Going Straight,Not Applicable,Not Applicable,False,NONE,US & State Highways,"Straight, Level",Entrance/On Ramp,On Roadway,35,SL0343,NO DATA,Dry,Other (Explain In Narrative),Cloudy,Unknown If Worn,-10886675.30752912,3533645.8989074356
15000228,True,False,Austin Police Department,True,False,No,0,0,0,1,1,Possible Injury,2115,1,0,2016,Wednesday,Pedalcyclist,Intersection,30.35448114,"Dark, Lighted",-97.70404981,One Motor Vehicle - Turning Left,Not Applicable,Not Applicable,False,NONE,US & State Highways,"Straight, Level",Main/Proper Lane,On Roadway,-1,SL0275,8599,Dry,Marked Lanes,Clear,"Worn, Unk Damage",-10876365.073289838,3549196.954387225
15097902,True,False,Austin Police Department,True,False,No,0,0,0,2,0,Not Injured,1553,0,0,2016,Wednesday,Pedalcyclist,Intersection,30.1753948,Daylight,-97.81409245,One Motor Vehicle - Turning Left,Attention Diverted From Driving,Not Applicable,False,NONE,City Street,"Straight, Level",Main/Proper Lane,On Roadway,25,TEXAS OAKS DR,9399,Wet,Stop Sign,Cloudy,"Worn, Unk Damage",-10888614.963940186,3526115.191726999
15000235,True,False,Austin Police Department,True,False,No,0,0,1,2,0,Non-Incapacitating Injury,705,1,0,2016,Thursday,Pedalcyclist,Intersection,30.27686478,"Dark, Lighted",-97.75139246,One Motor Vehicle - Turning Left,Not Applicable,Not Applicable,False,NONE,City Street,"Straight, Level",Main/Proper Lane,On Roadway,35,N LAMAR BLVD,1199,Dry,Signal Light,Cloudy,"Worn, Not Damaged",-10881635.232980642,3539188.104524277
15024748,False,False,Austin Police Department,True,False,No,0,0,1,1,0,Non-Incapacitating Injury,1155,1,0,2016,Saturday,Pedalcyclist,Intersection Related,30.20843479,Daylight,-97.78153246,One Motor Vehicle - Going Straight,Not Applicable,Not Applicable,False,NONE,City Street,"Straight, Level",Main/Proper Lane,On Roadway,35,W STASSNEY LN,NO DATA,Dry,Signal Light,Clear,Not Worn,-10884990.402433151,3530370.42736213
15007071,False,False,Austin Police Department,False,False,No,0,0,1,2,0,Non-Incapacitating Injury,1800,1,0,2016,Sunday,Pedalcyclist,Non Intersection,30.25108873,Daylight,-97.74913232,One Motor Vehicle - Backing,Not Applicable,Parking Area Within Right Of Way,False,NONE,City Street,"Straight, Grade",Main/Proper Lane,On Roadway,-1,CONGRESS AVE S,1302,Dry,Marked Lanes,Clear,Not Worn,-10881383.63534672,3535865.9614422624
15010762,False,False,Austin Police Department,False,False,No,0,0,0,2,0,Not Injured,1522,0,0,2016,Sunday,Pedalcyclist,Driveway Access,30.23396617,Daylight,-97.72314152,One Motor Vehicle - Turning Right,One Vehicle Entering Driveway,Entrance To Or Exit From Private Property Or Driveway,False,NONE,City Street,"Straight, Level",Main/Proper Lane,On Roadway,45,S PLEASANT VALLEY RD,NO DATA,Dry,Marked Lanes,Clear,Not Worn,-10878490.352725409,3533659.604197484
15025115,True,False,Austin Police Department,True,False,No,0,1,0,1,0,Incapacitating Injury,1644,1,0,2016,Tuesday,Pedalcyclist,Intersection,30.19656479,Daylight,-97.74343247,One Motor Vehicle - Turning Left,Attention Diverted From Driving,Not Applicable,False,NONE,City Street,"Straight, Level",Main/Proper Lane,On Roadway,35,PAR CV,5101,Dry,Marked Lanes,Clear,Not Worn,-10880749.130947122,3528841.5202226695
15032782,True,False,"Department Of Public Safety, State Of Texas",True,False,No,0,0,1,1,0,Non-Incapacitating Injury,1805,1,0,2016,Tuesday,Pedalcyclist,Intersection,30.28063478,Daylight,-97.73808246,One Motor Vehicle - Turning Left,Not Applicable,Not Applicable,False,DIAMOND BACK BICYCLE,City Street,"Straight, Grade",Main/Proper Lane,On Roadway,35,W MARTIN LUTHER KING JR BLVD,NO DATA,Dry,Signal Light,Clear,"Worn, Damaged",-10880153.570558183,3539674.073641539
15024902,True,False,Austin Police Department,True,False,No,0,0,1,1,0,Non-Incapacitating Injury,1830,1,0,2016,Thursday,Pedalcyclist,Intersection,30.24479478,Daylight,-97.72547247,One Motor Vehicle - Turning Left,Not Applicable,Not Applicable,False,NONE,City Street,"Straight, Level",Main/Proper Lane,On Roadway,-1,S LAKESHORE BLVD,2000,Dry,Marked Lanes,Clear,Unknown If Worn,-10878749.832892476,3535054.898886971
15025000,False,False,Austin Police Department,True,False,No,0,0,1,1,0,Non-Incapacitating Injury,1750,1,0,2016,Friday,Pedalcyclist,Intersection,30.29420477,Daylight,-97.74228246,One Motor Vehicle - Turning Left,Not Applicable,Not Applicable,False,NONE,City Street,"Straight, Level",Main/Proper Lane,On Roadway,35,GUADALUPE ST,NO DATA,Dry,Marked Lanes,Clear,"Worn, Damaged",-10880621.112419514,3541423.4579487783
15025002,True,False,Austin Police Department,True,False,No,0,0,1,0,0,Non-Incapacitating Injury,1710,1,1,2016,Friday,Pedalcyclist,Intersection,30.38507475,Daylight,-97.71256247,One Motor Vehicle - Turning Left,Attention Diverted From Driving,Not Applicable,False,NONE,City Street,"Straight, Level",Main/Proper Lane,On Roadway,-1,METRIC BLVD,10607,Dry,None,Clear,Unknown If Worn,-10877312.698266333,3553144.2680749567
15025199,False,False,Austin Police Department,False,False,No,0,0,1,2,0,Non-Incapacitating Injury,2308,1,0,2016,Monday,Pedalcyclist,Non Intersection,30.25965277,"Dark, Not Lighted",-97.73842614,One Motor Vehicle - Going Straight,Not Applicable,Not Applicable,False,NONE,City Street,"Straight, Level",Main/Proper Lane,On Roadway,30,RAINEY ST,84,Dry,Marked Lanes,Clear,"Worn, Damaged",-10880191.82884078,3536969.639966953
15080187,False,False,Austin Police Department,False,False,No,0,0,0,4,1,Possible Injury,31,1,0,2016,Monday,Pedalcyclist,Intersection Related,30.2672928,"Dark, Lighted",-97.74042408,One Motor Vehicle - Turning Right,Attention Diverted From Driving,Not Applicable,False,NONE,City Street,"Straight, Level",Other (Explain In Narrative),On Roadway,-1,SAN JACINTO BLVD,590,Dry,Signal Light,Clear,Not Worn,-10880414.238504214,3537954.319241497
15175108,False,False,Austin Police Department,True,False,No,0,1,1,1,1,Incapacitating Injury,1742,3,0,2016,Monday,Pedalcyclist,Intersection,30.1806848,Daylight,-97.80248245,One Motor Vehicle - Going Straight,Not Applicable,Not Applicable,False,NONE,City Street,"Straight, Grade",Main/Proper Lane,On Roadway,30,PALACE PKWY,8513,Dry,Stop Sign,Clear,Not Worn,-10887322.544652075,3526796.397304897
15175108,False,False,Austin Police Department,True,False,No,0,1,1,1,1,Incapacitating Injury,1742,3,0,2016,Monday,Pedalcyclist,Intersection,30.1806848,Daylight,-97.80248245,One Motor Vehicle - Going Straight,Not Applicable,Not Applicable,False,NONE,City Street,"Straight, Grade",Main/Proper Lane,On Roadway,30,PALACE PKWY,8513,Dry,Stop Sign,Clear,Not Worn,-10887322.544652075,3526796.397304897
15028277,False,False,Austin Police Department,True,False,No,0,0,0,4,0,Not Injured,1756,0,0,2016,Tuesday,Pedalcyclist,Intersection Related,30.26777478,Daylight,-97.74911246,One Motor Vehicle - Turning Right,Not Applicable,Not Applicable,False,NONE,City Street,"Straight, Level",Main/Proper Lane,On Roadway,25,NUECES ST,399,Dry,Stop Sign,Cloudy,Not Worn,-10881381.424541634,3538016.4414250576
15039551,False,False,Austin Police Department,False,False,No,0,0,1,0,0,Non-Incapacitating Injury,832,1,1,2016,Tuesday,Pedalcyclist,Intersection Related,30.35390337,Daylight,-97.72592285,One Motor Vehicle - Turning Left,Not Applicable,Not Applicable,False,NONE,City Street,"Straight, Level",Main/Proper Lane,On Roadway,-1,MULLEN DR,7903,Dry,None,Cloudy,Not Worn,-10878799.968964739,3549122.4199995203
15079962,True,False,Austin Police Department,True,False,No,0,0,1,0,0,Non-Incapacitating Injury,1438,1,1,2016,Thursday,Pedalcyclist,Intersection Related,30.26872478,Daylight,-97.74874246,One Motor Vehicle - Turning Left,Not Applicable,Not Applicable,False,BLUE SE LAGER BICYCLE,City Street,"Straight, Level",Main/Proper Lane,On Roadway,35,NUECES ST,499,Dry,Signal Light,Clear,"Worn, Unk Damage",-10881340.23633004,3538138.8873870964
15049990,False,False,Austin Police Department,True,False,No,0,0,1,1,0,Non-Incapacitating Injury,1220,1,0,2016,Friday,Pedalcyclist,Intersection,30.26812478,Daylight,-97.74663246,One Motor Vehicle - Going Straight,Not Applicable,Not Applicable,False,NONE,City Street,"Straight, Level",Main/Proper Lane,On Roadway,35,GUADALUPE ST,501,Dry,Signal Light,Clear,Not Worn,-10881105.352204466,3538061.5529574314
15050036,True,False,Austin Police Department,False,False,No,0,0,1,1,0,Non-Incapacitating Injury,1308,1,0,2016,Saturday,Overturned,Non Intersection,30.41999156,Daylight,-97.75281789,One Motor Vehicle - Going Straight,Swerved Or Veered-Avoiding Vehicle Stopped Or Moving Slowly In Traffic Lane,Not Applicable,False,NONE,City Street,"Straight, Level",Main/Proper Lane,Off Roadway,45,JOLLYVILLE RD,11737,Dry,Marked Lanes,Clear,"Worn, Not Damaged",-10881793.911122404,3557650.889336505
15053893,True,False,Austin Police Department,False,False,No,0,0,0,0,1,Possible Injury,152,1,1,2016,Monday,Pedalcyclist,Non Intersection,30.20194628,"Dark, Lighted",-97.71013045,One Motor Vehicle - Going Straight,Not Applicable,Not Applicable,False,NONE,City Street,"Straight, Level",Other (Explain In Narrative),On Roadway,45,BURLESON RD,6725,Dry,Center Stripe/Divider,Clear,Not Worn,-10877041.967038333,3529534.6564743454
15053312,True,False,Austin Police Department,False,False,No,0,0,1,1,0,Non-Incapacitating Injury,1611,1,0,2016,Tuesday,Pedalcyclist,Non Intersection,30.34476753,Daylight,-97.7066161,One Motor Vehicle - Going Straight,Attention Diverted From Driving,Not Applicable,False,NONE,US & State Highways,"Straight, Level",Main/Proper Lane,On Roadway,35,US0183,230,Dry,Marked Lanes,Cloudy,Not Worn,-10876650.751385866,3547943.9225987284
15053973,False,False,Austin Police Department,False,False,No,0,0,0,1,1,Possible Injury,800,1,0,2016,Tuesday,Pedalcyclist,Driveway Access,30.33307335,Daylight,-97.70397365,One Motor Vehicle - Going Straight,One Vehicle Leaving Driveway,Entrance To Or Exit From Private Property Or Driveway,False,NONE,Interstate,"Straight, Level",Service/Frontage Road,On Roadway,-1,IH0035,NO DATA,Dry,Marked Lanes,Cloudy,Not Worn,-10876356.595197419,3546435.5671173055
15084909,True,False,Austin Police Department,False,False,No,0,0,1,1,0,Non-Incapacitating Injury,817,1,0,2016,Thursday,Pedalcyclist,Intersection,30.26560478,Daylight,-97.73417246,One Motor Vehicle - Going Straight,"Vision Obstructed By Trees, Shrubs, Weeds, etc.",Not Applicable,False,NONE,City Street,"Straight, Level",Main/Proper Lane,On Roadway,-1,E 6TH ST,800,Dry,None,Clear,Not Worn,-10879718.311349181,3537736.7535137837
15270971,True,False,Austin Police Department,True,False,No,0,1,0,0,0,Incapacitating Injury,1415,1,1,2016,Thursday,Pedalcyclist,Intersection Related,30.28061478,Daylight,-97.74198246,One Motor Vehicle - Turning Right,Not Applicable,Not Applicable,False,NONE,City Street,"Straight, Grade",Main/Proper Lane,On Roadway,35,GUADALUPE ST,1801,Dry,Stop Sign,Clear,Not Worn,-10880587.716572277,3539671.495506777
15072684,True,False,Austin Police Department,True,False,No,0,0,0,1,1,Possible Injury,1106,1,0,2016,Saturday,Pedalcyclist,Intersection,30.29427477,Daylight,-97.70024247,One Motor Vehicle - Going Straight,Not Applicable,Not Applicable,False,NONE,City Street,"Straight, Level",Main/Proper Lane,On Roadway,-1,BERKMAN DR,4199,Dry,Marked Lanes,Clear,"Worn, Unk Damage",-10875941.242139762,3541432.4826728823
15072697,False,False,Austin Police Department,True,False,No,0,0,0,2,0,Not Injured,1255,0,0,2016,Saturday,Pedalcyclist,Intersection,30.32109477,Daylight,-97.72938246,One Motor Vehicle - Turning Left,Attention Diverted From Driving,Not Applicable,False,SCHWINN BICYCLE,City Street,"Straight, Level",Main/Proper Lane,On Roadway,-1,N LAMAR BLVD,5299,Dry,Signal Light,Clear,"Worn, Not Damaged",-10879185.090988282,3544890.715496441
15072774,False,False,Austin Police Department,True,False,No,0,0,1,0,0,Non-Incapacitating Injury,2047,1,1,2016,Sunday,Pedalcyclist,Intersection Related,30.27644478,"Dark, Lighted",-97.68857248,One Motor Vehicle - Turning Right,Not Applicable,Not Applicable,False,NONE,City Street,"Curve, Grade",Main/Proper Lane,On Roadway,35,SPRINGDALE RD,1153,Dry,Bike Lane,Cloudy,Not Worn,-10874642.1447954,3539133.9658844755
15085019,False,False,Austin Police Department,True,False,No,0,0,1,1,0,Non-Incapacitating Injury,813,1,0,2016,Thursday,Pedalcyclist,Intersection,30.24515478,Daylight,-97.75132246,One Motor Vehicle - Turning Left,Attention Diverted From Driving,Not Applicable,False,NONE,City Street,"Straight, Level",Main/Proper Lane,On Roadway,40,CONGRESS AVE S,1899,Dry,Signal Light,Clear,Unknown If Worn,-10881627.440616285,3535101.288467981
15085041,True,False,Austin Police Department,True,False,No,0,0,0,1,1,Possible Injury,1602,1,0,2016,Thursday,Pedalcyclist,Intersection Related,30.22772955,Daylight,-97.77324457,One Motor Vehicle - Going Straight,Not Applicable,Not Applicable,False,NONE,US & State Highways,"Straight, Level",Main/Proper Lane,On Roadway,35,US0290,NO DATA,Dry,Stop Sign,Clear,Not Worn,-10884067.7987386,3532856.0691654254
15088621,False,False,Austin Police Department,False,False,No,0,0,0,1,1,Possible Injury,739,1,0,2016,Thursday,Pedalcyclist,Driveway Access,30.24758953,Daylight,-97.77309223,One Motor Vehicle - Turning Left,One Vehicle Entering Driveway,Entrance To Or Exit From Private Property Or Driveway,False,NONE,US & State Highways,"Straight, Level",Main/Proper Lane,On Roadway,35,SL0343,2204,Dry,Marked Lanes,Clear,Not Worn,-10884050.840327373,3535415.03468623
15088917,False,False,Austin Police Department,True,False,No,0,0,1,2,0,Non-Incapacitating Injury,1445,1,0,2016,Saturday,Pedalcyclist,Intersection,30.26955661,Daylight,-97.6966964,One Motor Vehicle - Going Straight,Attention Diverted From Driving,Not Applicable,False,NONE,US & State Highways,"Straight, Level",Main/Proper Lane,On Roadway,45,SL0111,1137,Dry,Stop Sign,Cloudy,Not Worn,-10875546.495433042,3538246.103333337
15111398,False,False,Austin Police Department,True,False,No,0,1,0,0,0,Incapacitating Injury,2113,1,0,2016,Sunday,Pedalcyclist,Intersection Related,30.20378479,Daylight,-97.78379246,One Motor Vehicle - Going Straight,Not Applicable,Not Applicable,False,NONE,City Street,"Straight, Level",Main/Proper Lane,On Roadway,25,S 1ST ST,6001,Dry,Signal Light,Cloudy,Unknown If Worn,-10885241.984482344,3529771.4653623947
15585433,False,False,Austin Police Department,True,False,No,0,0,1,0,0,Non-Incapacitating Injury,1743,1,0,2016,Sunday,Pedalcyclist,Intersection,30.23017479,Daylight,-97.79531245,One Motor Vehicle - Going Straight,Not Applicable,Not Applicable,False,NONE,City Street,"Straight, Level",Main/Proper Lane,On Roadway,30,WESTERN TRAILS BLVD,2401,Dry,Stop Sign,Cloudy,"Worn, Not Damaged",-10886524.383903086,3533171.111306749
15092582,False,False,Austin Police Department,False,False,No,0,0,1,1,0,Non-Incapacitating Injury,1722,1,0,2016,Monday,Pedalcyclist,Non Intersection,30.22975595,Daylight,-97.73104093,One Motor Vehicle - Going Straight,Not Applicable,Not Applicable,False,NONE,City Street,"Straight, Level",Main/Proper Lane,On Roadway,35,E OLTORF ST,2288,Dry,Bike Lane,Clear,Not Worn,-10879369.711024178,3533117.1478470718
15105136,False,False,Austin Police Department,True,False,No,0,0,0,0,1,Possible Injury,1,1,1,2016,Thursday,Pedalcyclist,Intersection Related,30.25299478,"Dark, Lighted",-97.71278247,One Motor Vehicle - Going Straight,Not Applicable,Not Applicable,False,NONE,City Street,"Straight, Level",Main/Proper Lane,On Roadway,35,CESAR CHAVEZ ST E,2798,Dry,Center Stripe/Divider,Cloudy,Unknown If Worn,-10877337.188554307,3536111.592611518
15107556,False,False,Austin Police Department,True,False,No,0,0,0,1,1,Possible Injury,1711,1,0,2016,Thursday,Pedalcyclist,Intersection Related,30.28586249,Daylight,-97.76398542,One Motor Vehicle - Going Straight,Not Applicable,Not Applicable,False,NONE,US & State Highways,"Straight, Level",Main/Proper Lane,On Roadway,30,SL0001,NO DATA,Dry,Signal Light,Clear,"Worn, Not Damaged",-10883037.074875422,3540347.978706634
15131015,True,False,Austin Police Department,False,False,No,0,0,1,1,0,Non-Incapacitating Injury,1837,1,0,2016,Friday,Pedalcyclist,Non Intersection,30.26911577,Daylight,-97.77889182,One Motor Vehicle - Turning Left,Attention Diverted From Driving,Not Applicable,False,NONE,City Street,"Straight, Hillcrest",Main/Proper Lane,On Roadway,-1,ROLLINGWOOD DR,2300,Dry,None,Clear,"Worn, Not Damaged",-10884696.447732983,3538189.2826225394
15129002,True,False,Austin Police Department,True,False,No,0,0,0,1,1,Possible Injury,1443,1,0,2016,Wednesday,Pedalcyclist,Intersection Related,30.26479309,Daylight,-97.73498848,One Motor Vehicle - Going Straight,Not Applicable,Not Applicable,False,BICYCLE,Interstate,"Straight, Level",Main/Proper Lane,On Roadway,30,IH0035,NO DATA,Dry,Crosswalk,Clear,Unknown If Worn,-10879809.150280058,3537632.137645769
15117699,False,False,Austin Police Department,False,False,No,0,0,1,3,0,Non-Incapacitating Injury,2058,1,0,2016,Sunday,Pedalcyclist,Non Intersection,30.24642478,"Dark, Lighted",-97.76575246,One Motor Vehicle - Going Straight,Not Applicable,Not Applicable,False,NONE,City Street,"Straight, Level",Main/Proper Lane,On Roadway,20,PERRY AVE,2200,Dry,None,Clear,Not Worn,-10883233.780868433,3535264.9419583133
15117703,False,False,Austin Police Department,False,False,No,0,0,1,1,0,Non-Incapacitating Injury,927,1,0,2016,Monday,Pedalcyclist,Driveway Access,30.25243399,Daylight,-97.74222453,One Motor Vehicle - Going Straight,One Vehicle Leaving Driveway,Entrance To Or Exit From Private Property Or Driveway,False,NONE,City Street,"Curve, Grade",Main/Proper Lane,On Roadway,35,E RIVERSIDE DR,531,Wet,Marked Lanes,Cloudy,Not Worn,-10880614.663681414,3536039.323549029
15131435,True,False,Austin Police Department,True,False,No,0,1,0,1,0,Incapacitating Injury,1549,1,0,2016,Monday,Pedalcyclist,Intersection,30.2472942,Daylight,-97.77523494,One Motor Vehicle - Turning Left,One Vehicle Entering Driveway,Entrance To Or Exit From Private Property Or Driveway,False,NONE,US & State Highways,"Curve, Grade",Main/Proper Lane,Off Roadway,35,SL0343,2299,Dry,Stop Sign,Cloudy,"Worn, Unk Damage",-10884289.36571349,3535376.9775225082
15117743,False,False,Austin Police Department,True,False,No,0,0,0,1,1,Possible Injury,748,1,0,2016,Tuesday,Pedalcyclist,Intersection Related,30.30575477,Daylight,-97.69771247,One Motor Vehicle - Going Straight,Attention Diverted From Driving,Not Applicable,False,NONE,City Street,"Straight, Level",Main/Proper Lane,On Roadway,35,BERKMAN DR,5207,Dry,None,Cloudy,"Worn, Damaged",-10875659.603828052,3542912.624595681
15131449,False,False,Austin Police Department,True,False,No,0,0,1,1,0,Non-Incapacitating Injury,1638,1,0,2016,Thursday,Pedalcyclist,Intersection Related,30.1953048,Daylight,-97.84229244,One Motor Vehicle - Going Straight,Not Applicable,Not Applicable,False,NONE,City Street,"Straight, Level",Main/Proper Lane,On Roadway,45,DAVIS LN,3498,Dry,Signal Light,Cloudy,"Worn, Not Damaged",-10891754.17246736,3528679.238904915
15129371,False,False,Austin Police Department,False,False,No,0,0,0,2,0,Not Injured,1315,0,0,2016,Sunday,Pedalcyclist,Non Intersection,30.26533889,Daylight,-97.73330469,One Motor Vehicle - Going Straight,Not Applicable,Not Applicable,False,NONE,City Street,"Straight, Grade",Main/Proper Lane,On Roadway,30,E 6TH ST,925,Dry,Marked Lanes,Clear,Not Worn,-10879621.711634656,3537702.483792018
15133516,True,False,Austin Police Department,True,False,No,0,0,1,2,0,Non-Incapacitating Injury,1412,1,0,2016,Wednesday,Pedalcyclist,Intersection,30.31049477,Daylight,-97.71193247,One Motor Vehicle - Turning Left,Not Applicable,Not Applicable,False,NONE,City Street,"Straight, Level",Main/Proper Lane,On Roadway,30,E 51ST ST,1000,Dry,Center Stripe/Divider,Clear,Not Worn,-10877242.566987133,3543523.813891818
15140213,False,False,Austin Police Department,True,False,No,0,0,0,1,1,Possible Injury,1827,1,0,2016,Wednesday,Pedalcyclist,Intersection,30.23816479,Daylight,-97.76212246,One Motor Vehicle - Turning Right,Not Applicable,Not Applicable,False,BICYCLE,City Street,"Straight, Level",Main/Proper Lane,On Roadway,35,S 1ST ST,2701,Dry,Marked Lanes,Clear,"Worn, Not Damaged",-10882829.691116855,3534200.589107726
15140276,False,False,Austin Police Department,False,False,No,0,0,1,1,0,Non-Incapacitating Injury,1434,1,0,2016,Thursday,Pedalcyclist,Non Intersection,30.23088479,Daylight,-97.73589247,One Motor Vehicle - Going Straight,Not Applicable,Not Applicable,False,NONE,City Street,"Curve, Grade",Main/Proper Lane,On Roadway,35,BURLESON RD,2300,Dry,Signal Light,Cloudy,Not Worn,-10879909.78198654,3533262.588425241
15140277,False,False,Austin Police Department,True,False,No,0,0,0,1,1,Possible Injury,653,1,0,2016,Thursday,Pedalcyclist,Intersection Related,30.38699274,Daylight,-97.6484449,One Motor Vehicle - Turning Right,Attention Diverted From Driving,Not Applicable,False,NONE,Farm To Market,"Straight, Level",Main/Proper Lane,On Roadway,55,FM0734,NO DATA,Wet,Crosswalk,Rain,Not Worn,-10870175.163023032,3553391.7762063206
15140288,True,False,Austin Police Department,True,False,No,0,0,1,1,0,Non-Incapacitating Injury,1838,1,0,2016,Thursday,Pedalcyclist,Intersection,30.42205475,Daylight,-97.77832245,One Motor Vehicle - Turning Left,Not Applicable,Not Applicable,False,NONE,City Street,"Straight, Level",Main/Proper Lane,On Roadway,-1,YAUPON DR,7800,Dry,Marked Lanes,Clear,"Worn, Unk Damage",-10884633.06575451,3557917.2303081397
15140468,False,False,Austin Police Department,True,False,No,0,0,1,1,0,Non-Incapacitating Injury,2130,1,0,2016,Friday,Pedalcyclist,Intersection Related,30.26991478,"Dark, Lighted",-97.74210246,One Motor Vehicle - Turning Right,Attention Diverted From Driving,Not Applicable,False,NONE,City Street,"Straight, Hillcrest",Main/Proper Lane,On Roadway,30,CONGRESS AVE,799,Wet,Signal Light,Rain,Not Worn,-10880601.074911172,3538292.268737582
15140585,False,False,Austin Police Department,True,False,No,0,0,1,0,0,Non-Incapacitating Injury,1700,1,1,2016,Sunday,Pedalcyclist,Intersection Related,30.32486477,Daylight,-97.69311247,One Motor Vehicle - Going Straight,Attention Diverted From Driving,Not Applicable,False,NONE,City Street,"Straight, Level",Main/Proper Lane,On Roadway,45,CAMERON RD,NO DATA,Dry,Center Stripe/Divider,Clear,Not Worn,-10875147.534170404,3545376.9038896845
15162136,True,False,Austin Police Department,False,False,No,0,0,1,1,0,Non-Incapacitating Injury,1626,1,0,2016,Thursday,Pedalcyclist,Non Intersection,30.30298544,Daylight,-97.73800046,One Motor Vehicle - Going Straight,Not Applicable,Not Applicable,False,NONE,City Street,"Straight, Level",Main/Proper Lane,On Roadway,35,GUADALUPE ST,3807,Dry,Bike Lane,Clear,"Worn, Not Damaged",-10880144.442359937,3542555.552860838