Crash ID,$1000 Damage to Any One Person's Property,Active School Zone Flag,Agency,At Intersection Flag,Construction Zone Flag,Construction Zone Workers Present Flag,Crash Death Count,Crash Incapacitating Injury Count,Crash Non-incapacitating Injury Count,Crash Not Injured Count,Crash Possible Injury Count,Crash Severity,Crash Time,Crash Total Injury Count,Crash Unknown Injury Count,Crash Year,Day of Week,First Harmful Event,Intersection Related,Latitude,Light Condition,Longitude,Manner of Collision,Other Factor,Physical Feature 1,Private Drive Flag,Property Damages,Road Class,Roadway Alignment,Roadway Part,Roadway Relation,Speed Limit,Street Name,Street Number,Surface Condition,Traffic Control Type,Weather Condition,Person Helmet,MercatorX,MercatorY
15153705,False,False,Austin Police Department,False,False,No,0,0,1,1,0,Non-Incapacitating Injury,1749,1,0,2016,Saturday,Pedalcyclist,Driveway Access,30.25891205,Daylight,-97.74744525,One Motor Vehicle - Turning Right,One Vehicle Entering Driveway,Entrance To Or Exit From Private Property Or Driveway,False,NONE,City Street,"Straight, Grade",Main/Proper Lane,On Roadway,35,BARTON SPRINGS RD,265,Dry,Marked Lanes,Clear,"Worn, Damaged",-10881195.831573386,3536874.176924403
15159154,False,False,Austin Police Department,True,False,No,0,0,1,1,0,Non-Incapacitating Injury,933,1,0,2016,Tuesday,Pedalcyclist,Intersection,30.32607477,Daylight,-97.69237247,One Motor Vehicle - Turning Left,Not Applicable,Not Applicable,False,NONE,City Street,"Straight, Level",Main/Proper Lane,On Roadway,30,E ST JOHNS AVE,1398,Dry,Signal Light,Cloudy,Not Worn,-10875065.157747217,3545532.9524069414
15170997,False,False,Austin Police Department,False,False,No,0,0,1,0,0,Non-Incapacitating Injury,1830,1,0,2016,Friday,Pedalcyclist,Non Intersection,30.22444548,Daylight,-97.66684858,One Motor Vehicle - Going Straight,Not Applicable,Not Applicable,False,NONE,City Street,"Curve, Grade",Main/Proper Lane,On Roadway,35,CARSON CREEK BLVD,9585,Dry,None,Clear,Not Worn,-10872223.851309355,3532432.9653778356
15171073,False,False,Austin Police Department,False,False,No,0,0,1,1,0,Non-Incapacitating Injury,2335,1,0,2016,Saturday,Pedalcyclist,Driveway Access,30.21872792,"Dark, Lighted",-97.76654485,One Motor Vehicle - Turning Right,One Vehicle Entering Driveway,Entrance To Or Exit From Private Property Or Driveway,False,NONE,City Street,"Straight, Grade",Main/Proper Lane,On Roadway,-1,S CONGRESS AVE,4320,Dry,Bike Lane,Clear,"Worn, Unk Damage",-10883321.989319744,3531696.3761490895
15171108,False,False,Austin Police Department,True,False,No,0,0,1,1,0,Non-Incapacitating Injury,933,1,0,2016,Sunday,Pedalcyclist,Non Intersection,30.41583934,Daylight,-97.69587677,One Motor Vehicle - Going Straight,Not Applicable,Not Applicable,False,SPECIALIZED CARBON BIKE,Farm To Market,"Straight, Level",Main/Proper Lane,On Roadway,35,FM0734,NO DATA,Dry,Marked Lanes,Clear,"Worn, Not Damaged",-10875455.254638804,3557114.8887305064
15171191,True,False,Austin Police Department,True,False,No,0,1,0,0,0,Incapacitating Injury,2210,1,1,2016,Monday,Pedalcyclist,Intersection Related,30.41724475,"Dark, Unknown Lighting",-97.75004245,One Motor Vehicle - Going Straight,Attention Diverted From Driving,Not Applicable,False,BICYCLE WHEEL FRONT,City Street,"Straight, Level",Main/Proper Lane,On Roadway,40,DUVAL RD,5799,Dry,Signal Light,Clear,Not Worn,-10881484.950554874,3557296.3073475966
15172773,False,False,Austin Police Department,True,False,No,0,0,0,1,1,Possible Injury,1816,1,0,2016,Tuesday,Pedalcyclist,Intersection,30.31249477,Daylight,-97.71634247,One Motor Vehicle - Turning Left,Vision Obstructed By Standing Or Parked Vehicle,Not Applicable,False,NONE,City Street,"Straight, Level",Main/Proper Lane,On Roadway,25,CASWELL AVE,5101,Dry,Center Stripe/Divider,Clear,"Worn, Not Damaged",-10877733.485941531,3543781.7085379073
15201934,False,False,Austin Police Department,False,False,No,0,0,1,1,0,Non-Incapacitating Injury,1930,1,0,2016,Thursday,Pedalcyclist,Driveway Access,30.38227891,Daylight,-97.70362554,One Motor Vehicle - Turning Left,One Vehicle Entering Driveway,Entrance To Or Exit From Private Property Or Driveway,False,NONE,City Street,"Straight, Level",Main/Proper Lane,On Roadway,-1,MACMORA RD,10605,Dry,None,Clear,"Worn, Not Damaged",-10876317.84376948,3552783.485983499
15178495,False,False,Austin Police Department,True,False,No,0,0,0,1,1,Possible Injury,1142,1,0,2016,Saturday,Pedalcyclist,Intersection,30.26817478,Daylight,-97.71949247,One Motor Vehicle - Turning Left,Attention Diverted From Driving,Not Applicable,False,NONE,City Street,"Straight, Level",Main/Proper Lane,On Roadway,35,CHICON ST,1139,Dry,Bike Lane,Cloudy,"Worn, Unk Damage",-10878084.142337533,3538067.997475185
15201935,False,False,Austin Police Department,True,False,No,0,0,1,2,0,Non-Incapacitating Injury,202,1,0,2016,Saturday,Pedalcyclist,Intersection,30.26872478,"Dark, Lighted",-97.74874246,One Motor Vehicle - Turning Right,Attention Diverted From Driving,Not Applicable,False,NONE,City Street,"Straight, Level",Main/Proper Lane,On Roadway,35,NUECES ST,499,Dry,Signal Light,Clear,"Worn, Unk Damage",-10881340.23633004,3538138.8873870964
15423396,False,False,Austin Police Department,True,False,No,0,0,0,2,0,Not Injured,1954,0,0,2016,Saturday,Pedalcyclist,Intersection,30.43028475,Dusk,-97.76470245,One Motor Vehicle - Going Straight,Attention Diverted From Driving,Not Applicable,False,NONE,City Street,"Straight, Level",Main/Proper Lane,On Roadway,45,JOLLYVILLE RD,12161,Standing Water,Stop Sign,Rain,Unknown If Worn,-10883116.894289905,3558979.7121102745
15291281,False,False,Austin Police Department,False,False,No,0,1,0,2,0,Incapacitating Injury,2137,1,0,2016,Tuesday,Pedalcyclist,Driveway Access,30.16384142,"Dark, Not Lighted",-97.79152174,One Motor Vehicle - Going Straight,One Vehicle Leaving Driveway,Entrance To Or Exit From Private Property Or Driveway,False,NONE,City Street,"Straight, Level",Main/Proper Lane,On Roadway,30,CULLEN LN,9486,Wet,Stop Sign,Cloudy,Not Worn,-10886102.403996142,3524627.5633015116
15197918,True,False,Austin Police Department,True,False,No,0,0,1,1,0,Non-Incapacitating Injury,1550,1,0,2016,Wednesday,Pedalcyclist,Intersection Related,30.26474478,Daylight,-97.76495246,One Motor Vehicle - Going Straight,Attention Diverted From Driving,Not Applicable,False,NONE,City Street,"Straight, Level",Main/Proper Lane,On Roadway,35,ROBERT E LEE RD,401,Dry,Signal Light,Clear,Unknown If Worn,-10883144.7252758,3537625.9111671248
15191118,True,False,Austin Police Department,True,False,No,0,0,0,1,1,Possible Injury,1751,1,0,2016,Friday,Pedalcyclist,Intersection,30.28691478,Daylight,-97.70259246,One Motor Vehicle - Turning Left,Not Applicable,Not Applicable,False,NONE,City Street,"Straight, Level",Main/Proper Lane,On Roadway,35,MANOR RD,3299,Dry,None,Clear,Not Worn,-10876202.841829931,3540483.6339470875
15191126,False,False,Austin Police Department,True,False,No,0,0,1,1,0,Non-Incapacitating Injury,1911,1,0,2016,Friday,Pedalcyclist,Intersection,30.29259477,Daylight,-97.76098246,One Motor Vehicle - Going Straight,Not Applicable,Not Applicable,False,NONE,City Street,"Straight, Grade",Main/Proper Lane,On Roadway,30,WINDSOR RD,2700,Dry,Signal Light,Clear,Unknown If Worn,-10882702.786897348,3541215.8910721815
15197957,False,False,Austin Police Department,True,False,No,0,0,0,2,0,Not Injured,2056,0,0,2016,Friday,Pedalcyclist,Intersection Related,30.25715478,"Dark, Lighted",-97.74688246,One Motor Vehicle - Going Straight,Attention Diverted From Driving,Not Applicable,False,NONE,City Street,"Straight, Level",Main/Proper Lane,On Roadway,-1,CONGRESS AVE S,401,Dry,Signal Light,Clear,Not Worn,-10881133.182077164,3536647.705103164
15210162,True,False,Austin Police Department,True,False,No,0,1,0,1,0,Incapacitating Injury,2234,1,0,2016,Monday,Pedalcyclist,Intersection Related,30.27684478,"Dark, Lighted",-97.70032247,One Motor Vehicle - Turning Left,Not Applicable,Not Applicable,False,NONE,City Street,"Straight, Hillcrest",Main/Proper Lane,On Roadway,-1,AIRPORT BLVD,1199,Dry,Signal Light,Clear,Not Worn,-10875950.147699025,3539185.526488557
15198135,False,False,Austin Police Department,True,False,No,0,0,0,1,1,Possible Injury,1936,1,0,2016,Thursday,Pedalcyclist,Intersection,30.41304808,Daylight,-97.73263246,One Motor Vehicle - Turning Left,Vision Obstructed By Headlight Or Sun Glare,Not Applicable,False,NONE,City Street,"Straight, Level",Main/Proper Lane,On Roadway,-1,DUVAL RD,4410,Dry,Center Stripe/Divider,Clear,"Worn, Damaged",-10879546.87933336,3556754.5841630795
15237665,True,False,Austin Police Department,True,False,No,0,0,2,3,0,Non-Incapacitating Injury,1937,2,0,2016,Thursday,Motor Vehicle In Transport,Intersection,30.21621428,Daylight,-97.7440169,Angle - Both Going Straight,Not Applicable,Not Applicable,False,WALK/DON'T WALK POST,US & State Highways,"Straight, Level",Service/Frontage Road,On Roadway,-1,SH0071,NO DATA,Dry,Marked Lanes,Clear,"Worn, Not Damaged",-10880814.189397126,3531372.5592266195
15202119,False,False,Austin Police Department,True,False,No,0,1,0,1,0,Incapacitating Injury,1949,1,0,2016,Friday,Pedalcyclist,Intersection,30.32351352,Daylight,-97.72379779,One Motor Vehicle - Going Straight,Not Applicable,Not Applicable,False,NONE,US & State Highways,"Straight, Level",Main/Proper Lane,On Roadway,35,SS0069,NO DATA,Dry,Signal Light,Clear,Not Worn,-10878563.408367634,3545202.6412432496
15208400,False,False,Austin Police Department,True,False,No,0,0,0,1,1,Possible Injury,1552,1,0,2016,Wednesday,Pedalcyclist,Intersection,30.26429478,Daylight,-97.74420246,One Motor Vehicle - Turning Left,Attention Diverted From Driving,Not Applicable,False,NONE,City Street,"Straight, Level",Main/Proper Lane,On Roadway,-1,CONGRESS AVE,199,Dry,Signal Light,Clear,Unknown If Worn,-10880834.845841838,3537567.9126517065
15210221,False,False,Austin Police Department,True,False,No,0,0,0,1,1,Possible Injury,646,1,0,2016,Friday,Pedalcyclist,Intersection Related,30.29560477,Daylight,-97.72339247,One Motor Vehicle - Going Straight,Not Applicable,Not Applicable,False,NONE,City Street,"Straight, Level",Main/Proper Lane,On Roadway,35,RED RIVER ST,NO DATA,Dry,Signal Light,Clear,Not Worn,-10878518.288351625,3541603.9536547614
15214193,False,False,Austin Police Department,True,False,No,0,0,0,1,1,Possible Injury,1652,1,0,2016,Friday,Pedalcyclist,Intersection,30.26479309,Daylight,-97.73498848,One Motor Vehicle - Turning Right,Not Applicable,Not Applicable,False,NONE,Interstate,"Straight, Level",Service/Frontage Road,On Roadway,35,IH0035,NO DATA,Dry,Stop Sign,Clear,Not Worn,-10879809.150280058,3537632.137645769
15217462,True,False,Austin Police Department,True,False,No,0,0,1,1,0,Non-Incapacitating Injury,1253,1,0,2016,Tuesday,Pedalcyclist,Intersection,30.28497478,Daylight,-97.74181246,One Motor Vehicle - Turning Right,Not Applicable,Not Applicable,False,NONE,City Street,"Straight, Level",Main/Proper Lane,On Roadway,30,GUADALUPE ST,2199,Dry,Bike Lane,Clear,Not Worn,-10880568.792258842,3540233.541314994
15220483,False,False,Austin Police Department,True,False,No,0,0,0,1,1,Possible Injury,1354,1,0,2016,Wednesday,Pedalcyclist,Intersection Related,30.23231479,Daylight,-97.73690247,One Motor Vehicle - Going Straight,Not Applicable,Not Applicable,False,NONE,City Street,"Straight, Level",Service/Frontage Road,On Roadway,35,E OLTORF ST,NO DATA,Wet,Signal Light,Cloudy,Not Worn,-10880022.214672243,3533446.833077413
15220496,False,False,Austin Police Department,True,False,No,0,0,0,0,0,Unknown,2210,0,2,2016,Wednesday,Pedalcyclist,Intersection Related,30.1926748,"Dark, Lighted",-97.77756246,One Motor Vehicle - Going Straight,Not Applicable,Not Applicable,False,NONE,City Street,"Straight, Level",Main/Proper Lane,On Roadway,-1,CIRCLE S RD,6601,Dry,Crosswalk,Clear,Unknown If Worn,-10884548.464054702,3528340.512855435
15230206,False,False,Austin Police Department,True,False,No,0,0,1,1,0,Non-Incapacitating Injury,741,1,0,2016,Thursday,Pedalcyclist,Intersection,30.33491477,Daylight,-97.75905246,One Motor Vehicle - Going Straight,Not Applicable,Not Applicable,False,NONE,City Street,"Curve, Level",Main/Proper Lane,On Roadway,-1,BALCONES DR,5307,Dry,Stop Sign,Clear,"Worn, Not Damaged",-10882487.940280119,3546673.0678390306
15226361,True,False,Austin Police Department,True,False,No,0,0,0,1,1,Possible Injury,204,1,0,2016,Saturday,Pedalcyclist,Intersection,30.23163827,"Dark, Lighted",-97.79167782,One Motor Vehicle - Going Straight,Not Applicable,Not Applicable,False,NONE,US & State Highways,"Straight, Level",Service/Frontage Road,On Roadway,45,US0290,NO DATA,Dry,Signal Light,Clear,Not Worn,-10886119.778742267,3533359.6682734243
15242989,False,False,Austin Police Department,True,False,No,0,0,0,3,1,Possible Injury,1910,1,0,2016,Monday,Pedalcyclist,Intersection Related,30.20098606,Daylight,-97.8708871,One Motor Vehicle - Turning Left,Attention Diverted From Driving,Not Applicable,False,NONE,City Street,"Straight, Level",Main/Proper Lane,On Roadway,55,SLAUGHTER LN W,NO DATA,Dry,Signal Light,Clear,"Worn, Not Damaged",-10894937.315457966,3529410.9773004926
15243040,True,False,Austin Police Department,False,False,No,0,1,0,3,0,Incapacitating Injury,1441,1,0,2016,Wednesday,Pedalcyclist,Non Intersection,30.23985061,Daylight,-97.78225954,One Motor Vehicle - Going Straight,Not Applicable,Not Applicable,False,NONE,City Street,"Straight, Level",Main/Proper Lane,On Roadway,-1,MANCHACA RD,3364,Dry,Marked Lanes,Clear,Not Worn,-10885071.340608517,3534417.8105947524
15706852,False,False,Austin Police Department,True,False,No,0,0,1,0,0,Non-Incapacitating Injury,1120,1,1,2016,Saturday,Pedalcyclist,Intersection Related,30.40069475,Daylight,-97.74884246,One Motor Vehicle - Turning Right,Attention Diverted From Driving,Not Applicable,False,NONE,City Street,"Straight, Level",Main/Proper Lane,On Roadway,-1,W BRAKER LN,4998,Dry,Signal Light,Clear,"Worn, Unk Damage",-10881351.36827912,3555160.101391726
15260272,False,False,Austin Police Department,True,False,No,0,0,1,1,0,Non-Incapacitating Injury,607,1,0,2016,Monday,Pedalcyclist,Intersection Related,30.36550476,"Dark, Not Lighted",-97.71843246,One Motor Vehicle - Going Straight,Not Applicable,Not Applicable,False,NONE,City Street,"Straight, Level",Main/Proper Lane,On Roadway,-1,PAYTON GIN RD,NO DATA,Dry,Stop Sign,Clear,Unknown If Worn,-10877966.142564096,3550619.124957647
15260336,False,False,Austin Police Department,True,False,No,0,0,1,1,0,Non-Incapacitating Injury,1300,1,0,2016,Tuesday,Pedalcyclist,Intersection,30.42813475,Daylight,-97.80928244,One Motor Vehicle - Turning Left,Attention Diverted From Driving,Not Applicable,False,NONE,City Street,"Straight, Level",Main/Proper Lane,On Roadway,30,SPICEWOOD PKWY,10201,Dry,Marked Lanes,Clear,"Worn, Not Damaged",-10888079.516076274,3558702.1413860535
15288615,True,False,Austin Police Department,False,False,No,0,1,0,1,0,Incapacitating Injury,900,1,0,2016,Thursday,Pedalcyclist,Driveway Access,30.42438507,Daylight,-97.75706538,One Motor Vehicle - Turning Right,One Vehicle Entering Driveway,Entrance To Or Exit From Private Property Or Driveway,False,NONE,City Street,"Straight, Level",Main/Proper Lane,On Roadway,45,JOLLYVILLE RD,11906,Dry,Bike Lane,Cloudy,"Worn, Damaged",-10882266.739546353,3558218.062353104
15277549,False,False,Austin Police Department,False,False,No,0,0,1,1,0,Non-Incapacitating Injury,628,1,0,2016,Friday,Pedalcyclist,Driveway Access,30.35692145,"Dark, Lighted",-97.73061695,One Motor Vehicle - Going Straight,One Vehicle Leaving Driveway,Entrance To Or Exit From Private Property Or Driveway,False,NONE,City Street,"Straight, Level",Main/Proper Lane,On Roadway,40,BURNET RD,7924,Dry,Bike Lane,Cloudy,"Worn, Not Damaged",-10879322.51378647,3549511.767924113
15277622,False,False,Austin Police Department,True,False,No,0,0,0,2,1,Possible Injury,1412,1,0,2016,Saturday,Pedalcyclist,Intersection,30.1689248,Daylight,-97.73850247,One Motor Vehicle - Turning Right,Attention Diverted From Driving,Not Applicable,False,NONE,City Street,"Straight, Level",Main/Proper Lane,On Roadway,45,E WILLIAM CANNON DR,NO DATA,Wet,Bike Lane,Cloudy,"Worn, Not Damaged",-10880200.32585751,3525282.0845228517
15281593,False,False,Austin Police Department,True,False,No,0,0,1,0,0,Non-Incapacitating Injury,621,1,1,2016,Tuesday,Pedalcyclist,Intersection Related,30.21642979,"Dark, Not Lighted",-97.75132782,One Motor Vehicle - Turning Right,Attention Diverted From Driving,Not Applicable,False,NONE,US & State Highways,"Straight, Level",Service/Frontage Road,On Roadway,45,US0290,NO DATA,Dry,Crosswalk,Cloudy,Not Worn,-10881628.037288757,3531400.321742273
15281623,False,False,Austin Police Department,False,False,No,0,0,0,1,1,Possible Injury,2034,1,0,2016,Tuesday,Pedalcyclist,Intersection Related,30.23340997,"Dark, Lighted",-97.72318348,One Motor Vehicle - Going Straight,Not Applicable,Not Applicable,False,NONE,City Street,"Straight, Level",Main/Proper Lane,On Roadway,35,E RIVERSIDE DR,NO DATA,Dry,None,Clear,Not Worn,-10878495.023691244,3533587.940524592
15283482,False,False,Austin Police Department,False,False,No,0,0,0,2,0,Not Injured,2015,0,0,2016,Tuesday,Pedalcyclist,Non Intersection,30.268454,Daylight,-97.74420863,One Motor Vehicle - Going Straight,Not Applicable,Not Applicable,False,NONE,City Street,"Straight, Level",Main/Proper Lane,On Roadway,-1,W 6TH ST,207,Dry,Marked Lanes,Clear,"Worn, Not Damaged",-10880835.532683097,3538103.9863004694
15283487,False,False,Austin Police Department,False,False,No,0,0,0,1,1,Possible Injury,1027,1,0,2016,Wednesday,Pedalcyclist,Driveway Access,30.29267408,Daylight,-97.73052236,One Motor Vehicle - Turning Left,One Vehicle Entering Driveway,Entrance To Or Exit From Private Property Or Driveway,False,NONE,City Street,"Straight, Level",Main/Proper Lane,On Roadway,30,E 32ND ST,706,Dry,Marked Lanes,Clear,Not Worn,-10879311.984075835,3541226.1159172263
15283494,True,False,Austin Police Department,False,False,No,0,1,0,1,0,Incapacitating Injury,1628,1,0,2016,Wednesday,Pedalcyclist,Driveway Access,30.21942533,Daylight,-97.75702706,One Motor Vehicle - Going Straight,One Vehicle Leaving Driveway,Entrance To Or Exit From Private Property Or Driveway,False,NONE,US & State Highways,"Straight, Level",Service/Frontage Road,On Roadway,-1,US0290,NO DATA,Dry,Stop Sign,Clear,Not Worn,-10882262.473783465,3531786.220695533
15283503,True,False,Austin Police Department,True,False,No,0,0,1,1,0,Non-Incapacitating Injury,1957,1,0,2016,Wednesday,Pedalcyclist,Intersection,30.30010477,Daylight,-97.68587248,One Motor Vehicle - Going Straight,Not Applicable,Not Applicable,False,NONE,City Street,"Curve, Level",Main/Proper Lane,On Roadway,-1,MANOR RD,NO DATA,Dry,Stop Sign,Clear,Unknown If Worn,-10874341.582170257,3542184.135877193
15285522,False,False,Austin Police Department,False,False,No,0,1,0,0,0,Incapacitating Injury,1830,1,1,2016,Thursday,Pedalcyclist,Non Intersection,30.31505547,Daylight,-97.74762807,One Motor Vehicle - Going Straight,Attention Diverted From Driving,Not Applicable,False,NONE,City Street,"Straight, Grade",Main/Proper Lane,On Roadway,-1,SHOAL CREEK BLVD,4239,Dry,None,Clear,"Worn, Damaged",-10881216.183002695,3544111.911631384
15288672,False,False,Austin Police Department,False,False,No,0,0,1,1,0,Non-Incapacitating Injury,1725,1,0,2016,Friday,Pedalcyclist,Driveway Access,30.31145318,Daylight,-97.70701894,One Motor Vehicle - Going Straight,One Vehicle Entering Driveway,Entrance To Or Exit From Private Property Or Driveway,False,NONE,City Street,"Straight, Level",Main/Proper Lane,On Roadway,-1,CAMERON RD,5330,Dry,None,Clear,"Worn, Not Damaged",-10876695.595329536,3543647.397638974
15293910,False,False,Austin Police Department,True,False,No,0,0,1,1,0,Non-Incapacitating Injury,1633,1,0,2016,Tuesday,Pedalcyclist,Intersection,30.28462477,Daylight,-97.71711247,One Motor Vehicle - Turning Left,Not Applicable,Not Applicable,False,NONE,City Street,"Straight, Level",Main/Proper Lane,On Roadway,35,MANOR RD,2401,Dry,Marked Lanes,Cloudy,Unknown If Worn,-10877819.201949444,3540188.420747703
15304912,True,False,Austin Police Department,True,False,No,0,0,0,1,1,Possible Injury,1345,1,0,2016,Tuesday,Pedalcyclist,Intersection,30.26487478,Daylight,-97.74249246,One Motor Vehicle - Going Straight,Attention Diverted From Driving,Not Applicable,False,NONE,City Street,"Straight, Level",Main/Proper Lane,On Roadway,30,E 3RD ST,200,Dry,None,Clear,Not Worn,-10880644.48951258,3537642.666343288
15297914,True,False,Austin Police Department,False,False,No,0,0,1,0,0,Non-Incapacitating Injury,2013,1,0,2016,Wednesday,Pedalcyclist,Non Intersection,30.19945368,"Dark, Not Lighted",-97.70711677,One Motor Vehicle - Going Straight,Not Applicable,Not Applicable,False,NONE,City Street,"Straight, Level",Main/Proper Lane,On Roadway,45,BURLESON RD,6987,Dry,Bike Lane,Clear,Not Worn,-10876706.48571532,3529213.604726494
15298051,False,False,Austin Police Department,True,False,No,0,0,0,1,1,Possible Injury,10,1,0,2016,Friday,Pedalcyclist,Intersection Related,30.30817477,"Dark, Lighted",-97.72745247,One Motor Vehicle - Turning Left,Attention Diverted From Driving,Not Applicable,False,NONE,City Street,"Straight, Level",Main/Proper Lane,On Roadway,30,E 45TH ST,200,Dry,Center Stripe/Divider,Clear,Not Worn,-10878970.245484246,3543224.662695347
15304973,True,False,Austin Police Department,True,False,No,0,0,1,1,0,Non-Incapacitating Injury,1833,1,0,2016,Friday,Pedalcyclist,Intersection,30.38021476,Daylight,-97.75083246,One Motor Vehicle - Going Straight,Not Applicable,Not Applicable,False,NONE,City Street,"Straight, Level",Main/Proper Lane,On Roadway,-1,MESA DR,8701,Dry,Stop Sign,Clear,"Worn, Not Damaged",-10881572.894065795,3552517.129597959
15316516,False,False,Austin Police Department,False,False,No,0,0,0,4,1,Possible Injury,1130,1,0,2016,Saturday,Pedalcyclist,Driveway Access,30.3879997,Daylight,-97.65034302,One Motor Vehicle - Going Straight,One Vehicle Leaving Driveway,Entrance To Or Exit From Private Property Or Driveway,False,NONE,Farm To Market,"Curve, Grade",Other (Explain In Narrative),On Roadway,35,FM0734,NO DATA,Dry,None,Clear,Not Worn,-10870386.460774895,3553521.7218881734
15305144,True,False,Austin Police Department,False,False,No,0,0,0,5,2,Possible Injury,1625,2,0,2016,Sunday,Pedalcyclist,Non Intersection,30.27479582,Daylight,-97.73645949,One Motor Vehicle - Going Straight,Open Door Or Object Projecting From Vehicle,Not Applicable,False,NONE,City Street,"Straight, Grade",Main/Proper Lane,On Roadway,30,TRINITY ST,1352,Dry,Bike Lane,Clear,Not Worn,-10879972.902364211,3538921.414668946
15305144,True,False,Austin Police Department,False,False,No,0,0,0,5,2,Possible Injury,1625,2,0,2016,Sunday,Pedalcyclist,Non Intersection,30.27479582,Daylight,-97.73645949,One Motor Vehicle - Going Straight,Open Door Or Object Projecting From Vehicle,Not Applicable,False,NONE,City Street,"Straight, Grade",Main/Proper Lane,On Roadway,30,TRINITY ST,1352,Dry,Bike Lane,Clear,Not Worn,-10879972.902364211,3538921.414668946
15305144,True,False,Austin Police Department,False,False,No,0,0,0,5,2,Possible Injury,1625,2,0,2016,Sunday,Pedalcyclist,Non Intersection,30.27479582,Daylight,-97.73645949,One Motor Vehicle - Going Straight,Open Door Or Object Projecting From Vehicle,Not Applicable,False,NONE,City Street,"Straight, Grade",Main/Proper Lane,On Roadway,30,TRINITY ST,1352,Dry,Bike Lane,Clear,Not Worn,-10879972.902364211,3538921.414668946
15305301,True,False,Austin Police Department,False,False,No,0,0,3,0,0,Non-Incapacitating Injury,32,3,1,2016,Monday,Pedalcyclist,Non Intersection,30.26371515,"Dark, Lighted",-97.73149331,One Motor Vehicle - Going Straight,Not Applicable,Not Applicable,False,NONE,City Street,"Straight, Level",Main/Proper Lane,On Roadway,35,E 5TH ST,1096,Dry,None,Clear,Not Worn,-10879420.069735423,3537493.2070889617
15305301,True,False,Austin Police Department,False,False,No,0,0,3,0,0,Non-Incapacitating Injury,32,3,1,2016,Monday,Pedalcyclist,Non Intersection,30.26371515,"Dark, Lighted",-97.73149331,One Motor Vehicle - Going Straight,Not Applicable,Not Applicable,False,NONE,City Street,"Straight, Level",Main/Proper Lane,On Roadway,35,E 5TH ST,1096,Dry,None,Clear,Not Worn,-10879420.069735423,3537493.2070889617
15305301,True,False,Austin Police Department,False,False,No,0,0,3,0,0,Non-Incapacitating Injury,32,3,1,2016,Monday,Pedalcyclist,Non Intersection,30.26371515,"Dark, Lighted",-97.73149331,One Motor Vehicle - Going Straight,Not Applicable,Not Applicable,False,NONE,City Street,"Straight, Level",Main/Proper Lane,On Roadway,35,E 5TH ST,1096,Dry,None,Clear,Not Worn,-10879420.069735423,3537493.2070889617
15456603,True,False,Austin Police Department,False,False,No,0,0,1,0,0,Non-Incapacitating Injury,116,1,1,2016,Monday,Pedalcyclist,Intersection Related,30.26899763,"Dark, Lighted",-97.74623217,One Motor Vehicle - Turning Right,Attention Diverted From Driving,Not Applicable,False,NONE,City Street,"Straight, Level",Main/Proper Lane,On Roadway,-1,W 6TH ST,393,Dry,Signal Light With Red Light Running Camera,Clear,Not Worn,-10881060.792125495,3538174.055375324
15305551,True,False,Austin Police Department,False,False,No,0,0,1,0,0,Non-Incapacitating Injury,58,1,1,2016,Wednesday,Pedalcyclist,Non Intersection,30.24750689,"Dark, Not Lighted",-97.71405598,One Motor Vehicle - Going Straight,Attention Diverted From Driving,Not Applicable,False,NONE,City Street,"Straight, Grade",Main/Proper Lane,Shoulder,35,S PLEASANT VALLEY RD,425,Dry,Marked Lanes,Cloudy,Not Worn,-10877478.955039028,3535404.3854212924
15309418,False,False,Austin Police Department,False,False,No,0,0,1,1,0,Non-Incapacitating Injury,1742,1,0,2016,Wednesday,Pedalcyclist,Non Intersection,30.28316433,Daylight,-97.74700081,One Motor Vehicle - Turning Left,Vehicle Changing Lanes,Not Applicable,False,NONE,City Street,"Straight, Grade",Main/Proper Lane,On Roadway,30,MARTIN LUTHER KING BLVD W,868,Dry,Marked Lanes,Clear,Not Worn,-10881146.356738899,3540000.1539172935
15309467,True,False,Austin Police Department,True,False,No,0,0,1,1,0,Non-Incapacitating Injury,857,1,0,2016,Thursday,Pedalcyclist,Intersection Related,30.20205479,Daylight,-97.71026247,One Motor Vehicle - Turning Left,Not Applicable,Not Applicable,False,NONE,City Street,"Straight, Level",Main/Proper Lane,On Roadway,-1,BURLESON RD,6712,Dry,Marked Lanes,Clear,Not Worn,-10877056.66343751,3529548.6329589086
15309476,False,False,Austin Police Department,True,False,No,0,0,0,1,1,Possible Injury,2007,1,0,2016,Thursday,Pedalcyclist,Intersection,30.24247478,"Dark, Not Lighted",-97.71723247,One Motor Vehicle - Turning Right,Attention Diverted From Driving,Not Applicable,False,NONE,City Street,"Straight, Level",Main/Proper Lane,On Roadway,-1,S LAKESHORE BLVD,2598,Dry,Signal Light,Clear,Not Worn,-10877832.560288338,3534755.9478858495