Crash ID,$1000 Damage to Any One Person's Property,Active School Zone Flag,Agency,At Intersection Flag,Construction Zone Flag,Construction Zone Workers Present Flag,Crash Death Count,Crash Incapacitating Injury Count,Crash Non-incapacitating Injury Count,Crash Not Injured Count,Crash Possible Injury Count,Crash Severity,Crash Time,Crash Total Injury Count,Crash Unknown Injury Count,Crash Year,Day of Week,First Harmful Event,Intersection Related,Latitude,Light Condition,Longitude,Manner of Collision,Other Factor,Physical Feature 1,Private Drive Flag,Property Damages,Road Class,Roadway Alignment,Roadway Part,Roadway Relation,Speed Limit,Street Name,Street Number,Surface Condition,Traffic Control Type,Weather Condition,Person Helmet,MercatorX,MercatorY
15313230,False,False,Austin Police Department,True,False,No,0,0,1,0,0,Non-Incapacitating Injury,2216,1,0,2016,Saturday,Pedalcyclist,Intersection,30.25524478,"Dark, Lighted",-97.71632247,One Motor Vehicle - Going Straight,Not Applicable,Not Applicable,False,NONE,City Street,"Straight, Level",Main/Proper Lane,On Roadway,-1,E 2ND ST,2498,Dry,Stop Sign,Clear,Not Worn,-10877731.259551715,3536401.5544813476
15320411,False,False,Austin Police Department,False,False,No,0,0,1,0,0,Non-Incapacitating Injury,1627,1,1,2016,Sunday,Pedalcyclist,Driveway Access,30.40035475,Daylight,-97.74347772,One Motor Vehicle - Turning Right,One Vehicle Entering Driveway,Entrance To Or Exit From Private Property Or Driveway,False,NONE,City Street,"Straight, Level",Main/Proper Lane,On Roadway,-1,W BRAKER LN,4500,Dry,Bike Lane,Clear,"Worn, Damaged",-10880754.16815408,3555116.2193854493
15344138,False,False,Austin Police Department,True,False,No,0,1,0,1,0,Incapacitating Injury,2047,1,0,2016,Sunday,Pedalcyclist,Intersection,30.26961478,Unknown,-97.74842246,One Motor Vehicle - Turning Left,Attention Diverted From Driving,Not Applicable,False,NONE,City Street,Unknown,Main/Proper Lane,On Roadway,-1,NUECES ST,599,Unknown,None,Unknown,Not Worn,-10881304.614092985,3538253.6009949553
15320475,False,False,Austin Police Department,False,False,No,0,0,1,1,0,Non-Incapacitating Injury,738,1,0,2016,Wednesday,Pedalcyclist,Non Intersection,30.26097498,Daylight,-97.75848096,One Motor Vehicle - Going Straight,Slowing/Stopping-For Traffic,Not Applicable,False,NONE,US & State Highways,"Straight, Level",Main/Proper Lane,On Roadway,35,SL0343,490,Dry,Marked Lanes,Clear,Not Worn,-10882424.32119113,3537140.0464838454
15320542,False,False,Austin Police Department,True,False,No,0,0,0,1,1,Possible Injury,2048,1,0,2016,Wednesday,Pedalcyclist,Intersection,30.26192478,"Dark, Lighted",-97.76152246,One Motor Vehicle - Turning Left,Not Applicable,Not Applicable,False,NONE,City Street,"Straight, Level",Main/Proper Lane,On Roadway,-1,BARTON SPRINGS RD,NO DATA,Dry,Signal Light,Clear,"Worn, Damaged",-10882762.899422377,3537262.4581900253
15353104,False,False,Austin Police Department,False,False,No,0,0,0,1,1,Possible Injury,1250,1,0,2016,Friday,Pedalcyclist,Intersection Related,30.32574737,Daylight,-97.70627482,One Motor Vehicle - Going Straight,Attention Diverted From Driving,Not Applicable,False,NONE,Interstate,"Straight, Level",Service/Frontage Road,On Roadway,10,IH0035,NO DATA,Dry,Other (Explain In Narrative),Clear,Not Worn,-10876612.760270048,3545490.728841047
15326474,False,False,Austin Police Department,True,False,No,0,0,0,1,1,Possible Injury,1805,1,0,2016,Saturday,Pedalcyclist,Intersection,30.27304478,Daylight,-97.74953246,One Motor Vehicle - Going Straight,Not Applicable,Not Applicable,False,NONE,City Street,"Straight, Grade",Main/Proper Lane,On Roadway,30,WEST AVE,899,Dry,Stop Sign,Clear,Not Worn,-10881428.178727765,3538695.7092339876
15541063,False,False,Austin Police Department,False,False,No,0,0,1,2,0,Non-Incapacitating Injury,1754,1,0,2016,Saturday,Pedalcyclist,Non Intersection,30.26594725,Daylight,-97.75344274,One Motor Vehicle - Going Straight,Not Applicable,Not Applicable,False,NONE,City Street,"Straight, Level",Main/Proper Lane,On Roadway,-1,W 1ST ST,813,Dry,Marked Lanes,Clear,Not Worn,-10881863.469106225,3537780.893526466
15331291,True,False,Austin Police Department,True,False,No,0,0,1,1,0,Non-Incapacitating Injury,1251,1,0,2016,Tuesday,Pedalcyclist,Intersection Related,30.26716478,Daylight,-97.74698246,One Motor Vehicle - Turning Right,Not Applicable,Not Applicable,False,NONE,City Street,"Straight, Grade",Main/Proper Lane,On Roadway,30,GUADALUPE ST,401,Dry,Bike Lane,Clear,Not Worn,-10881144.314026242,3537937.818853031
15331369,True,False,Austin Police Department,False,False,No,0,0,1,1,0,Non-Incapacitating Injury,825,1,0,2016,Wednesday,Pedalcyclist,Non Intersection,30.311253,Daylight,-97.70728016,One Motor Vehicle - Going Straight,Not Applicable,Not Applicable,False,BICYCLE,City Street,"Straight, Level",Main/Proper Lane,On Roadway,45,CAMERON RD,5319,Dry,Marked Lanes,Cloudy,Not Worn,-10876724.674206922,3543621.585001165
15332545,False,False,Austin Police Department,True,False,No,0,0,1,1,0,Non-Incapacitating Injury,1753,1,0,2016,Wednesday,Pedalcyclist,Intersection,30.29787477,Daylight,-97.74123246,One Motor Vehicle - Turning Left,Not Applicable,Not Applicable,False,NONE,City Street,"Straight, Level",Main/Proper Lane,On Roadway,30,GUADALUPE ST,3101,Dry,Marked Lanes,Clear,"Worn, Not Damaged",-10880504.226954183,3541896.6200257502
15359529,False,False,Austin Police Department,True,False,No,0,0,1,1,0,Non-Incapacitating Injury,859,1,0,2016,Wednesday,Pedalcyclist,Intersection Related,30.32988214,Daylight,-97.72945919,One Motor Vehicle - Turning Left,Not Applicable,Not Applicable,False,NONE,Farm To Market,"Straight, Level",Other (Explain In Narrative),On Roadway,30,RM2222,1200,Dry,Crosswalk,Clear,Not Worn,-10879193.63253281,3546023.9851847747
15344807,False,False,Austin Police Department,False,False,No,0,0,0,0,1,Possible Injury,2300,1,1,2016,Friday,Pedalcyclist,Non Intersection,30.27372694,"Dark, Unknown Lighting",-97.7445429,One Motor Vehicle - Going Straight,Not Applicable,Not Applicable,False,NONE,City Street,"Straight, Level",Main/Proper Lane,On Roadway,40,GUADALUPE ST,1106,Unknown,Marked Lanes,Unknown,Unknown If Worn,-10880872.743449284,3538783.6377685517
15344812,False,False,Austin Police Department,True,False,No,0,0,1,1,0,Non-Incapacitating Injury,1642,1,0,2016,Monday,Pedalcyclist,Intersection Related,30.34814141,Daylight,-97.71281681,One Motor Vehicle - Turning Right,Not Applicable,Not Applicable,False,NONE,US & State Highways,"Straight, Level",Main/Proper Lane,On Roadway,35,US0183,NO DATA,Dry,Crosswalk,Cloudy,Not Worn,-10877341.011265622,3548379.1307189194
15342842,True,False,Austin Police Department,False,False,No,0,0,1,1,0,Non-Incapacitating Injury,618,1,0,2016,Tuesday,Pedalcyclist,Intersection Related,30.42436027,"Dark, Lighted",-97.67175904,One Motor Vehicle - Going Straight,Attention Diverted From Driving,Not Applicable,False,NONE,City Street,"Straight, Level",Main/Proper Lane,On Roadway,40,W HOWARD LN,NO DATA,Dry,Marked Lanes,Clear,"Worn, Not Damaged",-10872770.481216114,3558214.860765826
15342844,False,False,Austin Police Department,False,False,No,0,0,0,1,1,Possible Injury,728,1,0,2016,Tuesday,Pedalcyclist,Driveway Access,30.25186472,Daylight,-97.76455399,One Motor Vehicle - Turning Right,One Vehicle Entering Driveway,Entrance To Or Exit From Private Property Or Driveway,False,TREK BICYCLE,US & State Highways,"Straight, Level",Main/Proper Lane,On Roadway,35,SL0343,1545,Dry,Marked Lanes,Cloudy,Unknown If Worn,-10883100.367798302,3535965.9620900596
15346880,True,False,Austin Police Department,True,False,No,0,0,1,2,0,Non-Incapacitating Injury,1615,1,0,2016,Tuesday,Pedalcyclist,Intersection,30.37326476,Daylight,-97.75324246,One Motor Vehicle - Turning Left,Not Applicable,Not Applicable,False,NONE,City Street,"Straight, Grade",Main/Proper Lane,On Roadway,30,STECK AVE,3998,Dry,Center Stripe/Divider,Cloudy,"Worn, Unk Damage",-10881841.174038608,3551620.34810417
15348422,False,False,Austin Police Department,True,False,No,0,0,1,1,0,Non-Incapacitating Injury,1550,1,0,2016,Thursday,Pedalcyclist,Intersection,30.26527478,Daylight,-97.74768246,One Motor Vehicle - Turning Left,Not Applicable,Not Applicable,False,NONE,City Street,"Straight, Level",Main/Proper Lane,On Roadway,35,W 2ND ST,400,Dry,Signal Light,Clear,Not Worn,-10881222.237669798,3537694.2208706224
15353054,True,False,Austin Police Department,False,False,No,0,0,1,1,0,Non-Incapacitating Injury,2035,1,0,2016,Thursday,Pedalcyclist,Intersection Related,30.2574537,"Dark, Not Lighted",-97.73716684,One Motor Vehicle - Turning Left,Attention Diverted From Driving,Not Applicable,False,NONE,Interstate,"Straight, Level",Service/Frontage Road,On Roadway,50,IH0035,NO DATA,Dry,Signal Light,Clear,Not Worn,-10880051.644206023,3536686.2287530364
15613512,False,False,Austin Police Department,True,False,No,0,0,1,1,0,Non-Incapacitating Injury,1356,1,0,2016,Thursday,Pedalcyclist,Intersection,30.24729425,Daylight,-97.77523451,One Motor Vehicle - Turning Left,Not Applicable,Not Applicable,False,NONE,US & State Highways,"Straight, Level",Main/Proper Lane,On Roadway,35,SL0343,2299,Dry,Bike Lane,Cloudy,Unknown If Worn,-10884289.31784611,3535376.9839656577
15353201,False,False,Austin Police Department,True,False,No,0,0,0,5,1,Possible Injury,735,1,0,2016,Friday,Pedalcyclist,Intersection,30.33480273,Daylight,-97.73981902,One Motor Vehicle - Going Straight,Not Applicable,Not Applicable,False,NONE,Farm To Market,"Straight, Level",Main/Proper Lane,On Roadway,-1,RM2222,2098,Dry,Signal Light,Clear,Not Worn,-10880346.883533115,3546658.617134764
15353318,False,False,Austin Police Department,True,False,No,0,0,1,1,0,Non-Incapacitating Injury,1002,1,0,2016,Saturday,Pedalcyclist,Intersection,30.40947475,Daylight,-97.64868248,One Motor Vehicle - Turning Right,Not Applicable,Not Applicable,False,NONE,City Street,"Curve, Grade",Main/Proper Lane,On Roadway,50,E HOWARD LN,NO DATA,Dry,Signal Light,Cloudy,"Worn, Not Damaged",-10870201.610307656,3556293.34259293
15353433,False,False,Austin Police Department,False,False,No,0,0,0,1,1,Possible Injury,1314,1,0,2016,Monday,Pedalcyclist,Driveway Access,30.23663571,Daylight,-97.68612428,One Motor Vehicle - Turning Left,One Vehicle Leaving Driveway,Entrance To Or Exit From Private Property Or Driveway,False,NONE,City Street,"Straight, Grade",Main/Proper Lane,On Roadway,30,THOMPSON LN,NO DATA,Dry,Marked Lanes,Clear,Not Worn,-10874369.612418037,3534003.567124607
15359353,False,False,Austin Police Department,True,False,No,0,0,1,1,0,Non-Incapacitating Injury,1658,1,0,2016,Monday,Pedalcyclist,Intersection,30.28768478,Daylight,-97.74157246,One Motor Vehicle - Going Straight,Not Applicable,Not Applicable,False,NONE,City Street,"Straight, Level",Main/Proper Lane,On Roadway,-1,GUADALUPE ST,2399,Dry,Signal Light,Clear,Not Worn,-10880542.075581051,3540582.898888595
15359445,True,False,Austin Police Department,True,False,No,0,1,0,3,0,Incapacitating Injury,1812,1,0,2016,Tuesday,Pedalcyclist,Intersection,30.1857748,Daylight,-97.80146249,One Motor Vehicle - Turning Left,Not Applicable,Not Applicable,False,NONE,County Road,"Straight, Level",Main/Proper Lane,On Roadway,40,W DITTMAR RD,1100,Dry,None,Clear,"Worn, Unk Damage",-10887209.003224246,3527451.88294822
15361226,False,False,Austin Police Department,True,False,No,0,0,1,0,0,Non-Incapacitating Injury,1412,1,1,2016,Tuesday,Pedalcyclist,Intersection,30.42554709,Daylight,-97.7152602,One Motor Vehicle - Turning Right,Not Applicable,Not Applicable,False,NONE,Farm To Market,"Straight, Level",Service/Frontage Road,On Roadway,45,FM0734,4007,Dry,Marked Lanes,Clear,"Worn, Not Damaged",-10877613.008196233,3558368.075702962
15381571,True,False,Austin Police Department,True,False,No,0,0,0,3,1,Possible Injury,1613,1,0,2016,Tuesday,Pedalcyclist,Intersection,30.26901478,Daylight,-97.74629246,One Motor Vehicle - Turning Right,Not Applicable,Not Applicable,False,NONE,City Street,"Straight, Grade",Main/Proper Lane,On Roadway,-1,GUADALUPE ST,599,Dry,Signal Light,Clear,"Worn, Not Damaged",-10881067.503577596,3538176.265864197
15359492,False,False,Austin Police Department,False,False,No,0,1,0,2,0,Incapacitating Injury,635,1,0,2016,Wednesday,Pedalcyclist,Non Intersection,30.39032481,"Dark, Lighted",-97.72209755,One Motor Vehicle - Going Straight,Not Applicable,Not Applicable,False,MEN'S GT BICYCLE,City Street,"Straight, Level",Main/Proper Lane,On Roadway,45,BURNET RD,10591,Dry,Marked Lanes,Cloudy,"Worn, Not Damaged",-10878374.138516607,3553821.7766633616
15361282,True,False,Austin Police Department,False,False,No,0,0,0,2,0,Not Injured,937,0,0,2016,Thursday,Pedalcyclist,Non Intersection,30.19932322,Daylight,-97.7069642,One Motor Vehicle - Going Straight,Attention Diverted From Driving,Not Applicable,False,NONE,City Street,"Straight, Level",Main/Proper Lane,On Roadway,45,BURLESON RD,7000,Dry,Marked Lanes,Clear,Not Worn,-10876689.50170061,3529196.8014475843
15361294,False,False,Austin Police Department,True,False,No,0,0,1,1,0,Non-Incapacitating Injury,1615,1,0,2016,Thursday,Pedalcyclist,Intersection Related,30.21594465,Daylight,-97.7400443,One Motor Vehicle - Going Straight,Attention Diverted From Driving,Not Applicable,False,NONE,US & State Highways,"Straight, Level",Service/Frontage Road,On Roadway,55,SH0071,2228,Dry,Stop Sign,Clear,Not Worn,-10880371.961587999,3531337.824928264
15382189,False,False,Austin Police Department,False,False,No,0,0,1,1,0,Non-Incapacitating Injury,1537,1,0,2016,Thursday,Pedalcyclist,Driveway Access,30.40176586,Daylight,-97.66944501,One Motor Vehicle - Going Straight,One Vehicle Leaving Driveway,Entrance To Or Exit From Private Property Or Driveway,False,NONE,City Street,"Straight, Level",Main/Proper Lane,Off Roadway,-1,CANYON RIDGE DR,258,Dry,Bike Lane,Cloudy,"Worn, Damaged",-10872512.884574834,3555298.344907423
15400797,True,False,Austin Police Department,False,True,Yes,0,0,1,3,0,Non-Incapacitating Injury,1756,1,0,2016,Thursday,Pedalcyclist,Non Intersection,30.23969016,Daylight,-97.78782048,One Motor Vehicle - Turning Right,Construction - Within Posted Road Construction Zone (Not Related To Crash),Not Applicable,False,NONE,US & State Highways,"Straight, Level",Main/Proper Lane,On Roadway,-1,SL0343,3583,Dry,Marked Lanes,Clear,"Worn, Not Damaged",-10885690.381617649,3534397.1361110937
15365749,False,False,Austin Police Department,True,False,No,0,0,1,0,0,Non-Incapacitating Injury,2219,1,1,2016,Friday,Pedalcyclist,Intersection,30.28548478,"Dark, Lighted",-97.77529245,One Motor Vehicle - Turning Left,Not Applicable,Not Applicable,False,NONE,City Street,"Straight, Grade",Main/Proper Lane,On Roadway,30,EXPOSITION BLVD,999,Dry,Marked Lanes,Clear,"Worn, Unk Damage",-10884295.767697405,3540299.286837056
15368340,False,False,Austin Police Department,True,False,No,0,0,1,0,0,Non-Incapacitating Injury,2301,1,1,2016,Friday,Pedalcyclist,Intersection Related,30.26574519,"Dark, Lighted",-97.73465308,One Motor Vehicle - Going Straight,Not Applicable,Not Applicable,False,NONE,Interstate,"Straight, Level",Service/Frontage Road,On Roadway,45,IH0035,NO DATA,Dry,Crosswalk,Clear,Not Worn,-10879771.813722847,3537754.8505523666
15365850,True,False,Austin Police Department,True,False,No,0,0,1,2,0,Non-Incapacitating Injury,1657,1,0,2016,Saturday,Pedalcyclist,Intersection Related,30.30577477,Daylight,-97.70289247,One Motor Vehicle - Turning Right,Not Applicable,Not Applicable,False,NONE,City Street,"Straight, Level",Main/Proper Lane,On Roadway,35,E 51ST ST,1498,Dry,Signal Light,Clear,Not Worn,-10876236.238790361,3542915.203391381
15381612,False,False,Austin Police Department,True,False,No,0,0,1,1,0,Non-Incapacitating Injury,2122,1,0,2016,Sunday,Pedalcyclist,Intersection,30.26593478,"Dark, Lighted",-97.74624246,One Motor Vehicle - Turning Left,Not Applicable,Not Applicable,False,NONE,City Street,"Straight, Level",Main/Proper Lane,On Roadway,30,W 3RD ST,300,Dry,Signal Light,Clear,"Worn, Not Damaged",-10881061.937603056,3537779.2862998964
15573204,True,False,Austin Police Department,True,False,No,0,0,0,1,1,Possible Injury,245,1,0,2016,Sunday,Pedalcyclist,Non Intersection,30.28930477,"Dark, Not Lighted",-97.73460246,One Motor Vehicle - Going Straight,Attention Diverted From Driving,Not Applicable,False,NONE,City Street,"Straight, Level",Main/Proper Lane,On Roadway,40,W DEAN KEETON ST,398,Dry,Marked Lanes,Clear,Unknown If Worn,-10879766.178730223,3540791.7432672065
15368368,True,False,Austin Police Department,False,False,No,0,0,0,2,1,Possible Injury,1631,1,0,2016,Monday,Pedalcyclist,Intersection Related,30.26644071,Daylight,-97.73440906,One Motor Vehicle - Turning Right,Not Applicable,Not Applicable,False,NONE,Interstate,"Straight, Level",Service/Frontage Road,On Roadway,55,IH0035,NO DATA,Dry,Marked Lanes,Clear,Not Worn,-10879744.649540704,3537844.494494087
15369978,False,False,Austin Police Department,False,False,No,0,0,0,5,1,Possible Injury,1734,1,0,2016,Tuesday,Pedalcyclist,Non Intersection,30.2358108,Daylight,-97.71845079,One Motor Vehicle - Going Straight,Attention Diverted From Driving,Not Applicable,False,NONE,City Street,"Straight, Level",Main/Proper Lane,On Roadway,-1,WICKERSHAM LN,1456,Dry,None,Clear,Not Worn,-10877968.183050362,3533897.2787302285
15372327,False,False,Austin Police Department,False,False,No,0,0,1,1,0,Non-Incapacitating Injury,1152,1,0,2016,Wednesday,Pedalcyclist,Non Intersection,30.29457688,Daylight,-97.74246398,One Motor Vehicle - Going Straight,Vehicle Changing Lanes,Not Applicable,False,NONE,City Street,"Curve, Level",Main/Proper Lane,On Roadway,30,GUADALUPE ST,NO DATA,Dry,Marked Lanes,Clear,"Worn, Damaged",-10880641.319133483,3541471.4321667594
15372341,False,False,Austin Police Department,True,False,No,0,0,0,2,1,Possible Injury,1801,1,0,2016,Wednesday,Pedalcyclist,Intersection,30.28978477,Daylight,-97.74140246,One Motor Vehicle - Going Straight,Not Applicable,Not Applicable,False,NONE,City Street,"Straight, Level",Main/Proper Lane,On Roadway,-1,GUADALUPE ST,2525,Dry,Signal Light,Clear,Not Worn,-10880523.151267618,3540853.6241274383
15381695,False,False,Austin Police Department,False,False,No,0,0,1,0,0,Non-Incapacitating Injury,705,1,1,2016,Friday,Pedalcyclist,Driveway Access,30.27850995,"Dark, Not Lighted",-97.68953944,One Motor Vehicle - Turning Left,One Vehicle Entering Driveway,Entrance To Or Exit From Private Property Or Driveway,False,NONE,City Street,"Straight, Grade",Main/Proper Lane,Off Roadway,35,E 12TH ST,4103,Dry,None,Cloudy,Not Worn,-10874749.786290215,3539400.171674701
15381756,False,False,Austin Police Department,False,False,No,0,0,1,1,0,Non-Incapacitating Injury,1331,1,0,2016,Saturday,Pedalcyclist,Non Intersection,30.27206415,Daylight,-97.75243904,One Motor Vehicle - Going Straight,Not Applicable,Not Applicable,False,NONE,City Street,"Straight, Level",Main/Proper Lane,On Roadway,30,HENDERSON ST,659,Dry,Stop Sign,Clear,"Worn, Unk Damage",-10881751.737733316,3538569.309813741
15382127,False,False,Austin Police Department,False,False,No,0,1,0,0,0,Incapacitating Injury,926,1,1,2016,Sunday,Pedalcyclist,Non Intersection,30.21716672,Daylight,-97.77533168,One Motor Vehicle - Going Straight,Not Applicable,Not Applicable,False,NONE,City Street,"Straight, Grade",Main/Proper Lane,On Roadway,-1,S 1ST ST,4605,Dry,Marked Lanes,Clear,"Worn, Not Damaged",-10884300.134761028,3531495.255293831
15381836,True,False,Austin Police Department,True,False,No,0,0,1,1,0,Non-Incapacitating Injury,1000,1,0,2016,Monday,Pedalcyclist,Intersection,30.41238475,Daylight,-97.72334246,One Motor Vehicle - Going Straight,Attention Diverted From Driving,Not Applicable,False,NONE,City Street,"Straight, Level",Main/Proper Lane,On Roadway,35,ASPENDALE DR,NO DATA,Dry,Stop Sign,Clear,Not Worn,-10878512.72126389,3556668.960968115
15407607,False,False,Austin Police Department,True,False,No,0,0,0,0,1,Possible Injury,1616,1,1,2016,Monday,Pedalcyclist,Intersection Related,30.20489479,Daylight,-97.77481246,One Motor Vehicle - Turning Right,Attention Diverted From Driving,Not Applicable,False,NONE,City Street,"Straight, Level",Main/Proper Lane,On Roadway,35,S CONGRESS AVE,NO DATA,Dry,Yield Sign,Clear,Not Worn,-10884242.33545502,3529914.440816848
15383429,True,False,Austin Police Department,True,False,No,0,0,1,1,0,Non-Incapacitating Injury,853,1,0,2016,Tuesday,Pedalcyclist,Intersection Related,30.31983477,Daylight,-97.73918246,One Motor Vehicle - Turning Left,Not Applicable,Not Applicable,False,NONE,City Street,"Straight, Level",Main/Proper Lane,On Roadway,-1,W 49TH ST,2100,Dry,Signal Light,Clear,"Worn, Damaged",-10880276.021998055,3544728.226995484
15383430,False,False,Austin Police Department,False,False,No,0,0,0,0,1,Possible Injury,1339,1,1,2016,Tuesday,Pedalcyclist,Non Intersection,30.24626117,Daylight,-97.77862561,One Motor Vehicle - Going Straight,Not Applicable,Not Applicable,False,NONE,US & State Highways,"Straight, Grade",Main/Proper Lane,On Roadway,35,SL0343,2562,Dry,Marked Lanes,Clear,Not Worn,-10884666.813371338,3535243.858888792
15397078,False,False,Austin Police Department,True,False,No,0,0,1,1,0,Non-Incapacitating Injury,1720,1,0,2016,Thursday,Pedalcyclist,Intersection,30.31238477,Daylight,-97.73077246,One Motor Vehicle - Turning Right,Not Applicable,Not Applicable,False,NONE,City Street,"Straight, Level",Main/Proper Lane,On Roadway,-1,W 46TH ST,500,Dry,Center Stripe/Divider,Clear,Not Worn,-10879339.825080484,3543767.524195601
15397200,False,False,Austin Police Department,True,False,No,0,0,1,0,0,Non-Incapacitating Injury,1742,1,0,2016,Friday,Pedalcyclist,Intersection,30.22964479,Daylight,-97.76025246,One Motor Vehicle - Turning Left,Not Applicable,Not Applicable,False,NONE,City Street,"Straight, Level",Main/Proper Lane,On Roadway,35,WOODWARD ST,100,Dry,Signal Light,Clear,Not Worn,-10882621.52366907,3533102.8260009955
15397208,False,False,Austin Police Department,True,False,No,0,1,0,1,0,Incapacitating Injury,1950,1,0,2016,Friday,Pedalcyclist,Intersection,30.27877478,"Dark, Unknown Lighting",-97.74619246,One Motor Vehicle - Going Straight,Not Applicable,Not Applicable,False,NONE,City Street,"Straight, Grade",Main/Proper Lane,On Roadway,-1,RIO GRANDE ST,1499,Dry,Signal Light With Red Light Running Camera,Clear,Not Worn,-10881056.371628517,3539434.3093565092
15618511,False,False,Austin Police Department,False,False,No,0,0,1,1,0,Non-Incapacitating Injury,100,1,0,2016,Friday,Pedalcyclist,Non Intersection,30.36772558,"Dark, Lighted",-97.72777955,One Motor Vehicle - Going Straight,Not Applicable,Not Applicable,False,NONE,City Street,"Straight, Level",Main/Proper Lane,On Roadway,-1,BURNET RD,8601,Dry,Marked Lanes,Clear,Not Worn,-10879006.655863294,3550905.655035955
15400844,False,False,Austin Police Department,True,False,No,0,0,1,2,0,Non-Incapacitating Injury,1748,1,0,2016,Wednesday,Pedalcyclist,Intersection,30.27730478,Daylight,-97.71658247,One Motor Vehicle - Going Straight,Not Applicable,Not Applicable,False,NONE,City Street,"Straight, Level",Main/Proper Lane,On Roadway,30,CHESTNUT AVE,1599,Dry,Stop Sign,Clear,Unknown If Worn,-10877760.202619324,3539244.821443046
15400868,False,False,Austin Police Department,False,False,No,0,0,1,1,0,Non-Incapacitating Injury,1615,1,0,2016,Wednesday,Pedalcyclist,Driveway Access,30.248263,Daylight,-97.77060112,One Motor Vehicle - Turning Left,One Vehicle Entering Driveway,Entrance To Or Exit From Private Property Or Driveway,False,NONE,US & State Highways,"Straight, Level",Main/Proper Lane,On Roadway,45,SL0343,2097,Dry,Marked Lanes,Clear,"Worn, Not Damaged",-10883773.531230662,3535501.820601679
15547819,False,False,Austin Police Department,False,False,No,0,0,0,2,0,Not Injured,2212,0,0,2016,Saturday,Pedalcyclist,Non Intersection,30.16565511,"Dark, Lighted",-97.77993023,One Motor Vehicle - Going Straight,Not Applicable,Not Applicable,False,NONE,City Street,"Straight, Grade",Main/Proper Lane,On Roadway,-1,E SLAUGHTER LN,NO DATA,Dry,Marked Lanes,Clear,Not Worn,-10884812.043005418,3524861.084877077
15411832,False,False,Austin Police Department,True,False,No,0,0,1,1,0,Non-Incapacitating Injury,1138,1,0,2016,Sunday,Pedalcyclist,Intersection Related,30.21642876,Daylight,-97.75132751,One Motor Vehicle - Going Straight,Not Applicable,Not Applicable,False,NONE,Interstate,"Straight, Level",Service/Frontage Road,On Roadway,45,IH0035,NO DATA,Dry,Signal Light,Clear,Not Worn,-10881628.002779715,3531400.1890550554
15411915,False,False,Austin Police Department,True,False,No,0,0,1,1,0,Non-Incapacitating Injury,1452,1,0,2016,Tuesday,Pedalcyclist,Intersection,30.42192475,Daylight,-97.84500243,One Motor Vehicle - Turning Right,Attention Diverted From Driving,Not Applicable,False,NONE,City Street,"Straight, Level",Main/Proper Lane,On Roadway,55,RM 620,NO DATA,Dry,Signal Light,Cloudy,"Worn, Damaged",-10892055.847174214,3557900.4482040643
15412573,False,False,Austin Police Department,False,False,No,0,0,1,1,0,Non-Incapacitating Injury,916,1,0,2016,Thursday,Pedalcyclist,Intersection,30.28713848,Daylight,-97.72626797,One Motor Vehicle - Going Straight,Not Applicable,Not Applicable,False,NONE,City Street,"Curve, Level",Main/Proper Lane,On Roadway,35,E DEAN KEETON ST,1100,Dry,Yield Sign,Cloudy,"Worn, Not Damaged",-10878838.3875474,3540512.4722660296
15418213,True,False,Austin Police Department,False,False,No,1,0,0,1,0,Killed,720,0,0,2016,Saturday,Pedalcyclist,Non Intersection,30.23661829,"Dark, Lighted",-97.83293548,One Motor Vehicle - Going Straight,Not Applicable,Not Applicable,False,NONE,US & State Highways,"Straight, Level",Service/Frontage Road,On Roadway,-1,US0290,NO DATA,Wet,Marked Lanes,Cloudy,Not Worn,-10890712.560444789,3534001.3225749778
15426333,True,False,Austin Police Department,False,False,No,0,0,0,0,0,Unknown,1848,0,2,2016,Tuesday,Pedalcyclist,Non Intersection,30.28777713,"Dark, Lighted",-97.74251778,One Motor Vehicle - Turning Left,Not Applicable,Alley,False,NONE,City Street,"Straight, Level",Main/Proper Lane,On Roadway,30,W 24TH ST,492,Wet,Marked Lanes,Rain,Unknown If Worn,-10880647.308122087,3540594.8042881284
15446082,True,False,Austin Police Department,False,False,No,0,1,0,0,0,Incapacitating Injury,1858,1,1,2016,Tuesday,Pedalcyclist,Non Intersection,30.2140524,"Dark, Not Lighted",-97.80007782,One Motor Vehicle - Going Straight,Attention Diverted From Driving,Not Applicable,False,NONE,City Street,"Straight, Grade",Main/Proper Lane,Shoulder,40,MANCHACA RD,5605,Wet,Center Stripe/Divider,Rain,Unknown If Worn,-10887054.862464927,3531094.064019112