Crash ID,$1000 Damage to Any One Person's Property,Active School Zone Flag,Agency,At Intersection Flag,Construction Zone Flag,Construction Zone Workers Present Flag,Crash Death Count,Crash Incapacitating Injury Count,Crash Non-incapacitating Injury Count,Crash Not Injured Count,Crash Possible Injury Count,Crash Severity,Crash Time,Crash Total Injury Count,Crash Unknown Injury Count,Crash Year,Day of Week,First Harmful Event,Intersection Related,Latitude,Light Condition,Longitude,Manner of Collision,Other Factor,Physical Feature 1,Private Drive Flag,Property Damages,Road Class,Roadway Alignment,Roadway Part,Roadway Relation,Speed Limit,Street Name,Street Number,Surface Condition,Traffic Control Type,Weather Condition,Person Helmet,MercatorX,MercatorY
15650086,False,False,Austin Police Department,False,False,No,0,0,1,1,0,Non-Incapacitating Injury,1821,1,0,2016,Tuesday,Pedalcyclist,Driveway Access,30.28651202,"Dark, Lighted",-97.68221627,One Motor Vehicle - Turning Right,One Vehicle Entering Driveway,Entrance To Or Exit From Private Property Or Driveway,False,NONE,City Street,"Straight, Level",Main/Proper Lane,Off Roadway,40,SPRINGDALE RD,4333,Dry,Bike Lane,Cloudy,Not Worn,-10873934.574734822,3540431.7122472553
15426386,False,False,Austin Police Department,True,False,No,0,0,0,0,1,Possible Injury,1926,1,1,2016,Wednesday,Pedalcyclist,Intersection,30.29539477,"Dark, Not Lighted",-97.74279246,One Motor Vehicle - Going Straight,Not Applicable,Not Applicable,False,NONE,City Street,"Curve, Level",Main/Proper Lane,On Roadway,30,GUADALUPE ST,2901,Wet,Marked Lanes,Cloudy,Not Worn,-10880677.88535982,3541576.8791346005
15432250,True,False,Austin Police Department,False,False,No,0,0,1,0,0,Non-Incapacitating Injury,2130,1,1,2016,Thursday,Pedalcyclist,Non Intersection,30.24199311,"Dark, Unknown Lighting",-97.71753559,One Motor Vehicle - Going Straight,Attention Diverted From Driving,Not Applicable,False,NONE,City Street,"Straight, Level",Main/Proper Lane,On Roadway,-1,S PLEASANT VALLEY RD,1058,Dry,None,Cloudy,Unknown If Worn,-10877866.303452387,3534693.88164613
15461761,False,False,Austin Police Department,False,False,No,0,0,0,1,1,Possible Injury,1737,1,0,2016,Monday,Pedalcyclist,Driveway Access,30.27266049,Dusk,-97.70345045,One Motor Vehicle - Turning Left,One Vehicle Entering Driveway,Entrance To Or Exit From Private Property Or Driveway,False,NONE,City Street,"Straight, Level",Main/Proper Lane,Off Roadway,30,OAK SPRINGS DR,2800,Dry,None,Clear,Not Worn,-10876298.352839837,3538646.1755864765
15435433,False,False,Austin Police Department,True,False,No,0,0,1,1,0,Non-Incapacitating Injury,1836,1,0,2016,Tuesday,Pedalcyclist,Intersection,30.27730478,"Dark, Lighted",-97.71658247,One Motor Vehicle - Going Straight,Not Applicable,Not Applicable,False,NONE,City Street,"Straight, Level",Main/Proper Lane,On Roadway,-1,CHESTNUT AVE,1599,Dry,Stop Sign,Clear,Unknown If Worn,-10877760.202619324,3539244.821443046
15435476,True,False,Austin Police Department,False,False,No,0,0,0,1,1,Possible Injury,1257,1,0,2016,Tuesday,Pedalcyclist,Non Intersection,30.20490466,Daylight,-97.77484205,One Motor Vehicle - Going Straight,Not Applicable,Not Applicable,False,GLOBE BICYCLE DAMAGED,City Street,"Straight, Level",Main/Proper Lane,On Roadway,35,W STASSNEY LN,NO DATA,Dry,Bike Lane,Clear,Not Worn,-10884245.629398754,3529915.712146365
15446400,False,False,Austin Police Department,False,False,No,0,0,1,1,0,Non-Incapacitating Injury,734,1,0,2016,Wednesday,Pedalcyclist,Driveway Access,30.32207744,Daylight,-97.70198712,One Motor Vehicle - Turning Left,One Vehicle Entering Driveway,Entrance To Or Exit From Private Property Or Driveway,False,NONE,US & State Highways,"Straight, Level",Main/Proper Lane,Off Roadway,-1,US0290,NO DATA,Dry,Marked Lanes,Clear,"Worn, Not Damaged",-10876135.455689372,3545017.441212992
15446534,False,False,Austin Police Department,True,False,No,0,0,0,1,1,Possible Injury,1158,1,0,2016,Friday,Pedalcyclist,Intersection Related,30.41135724,Daylight,-97.68668309,One Motor Vehicle - Going Straight,Attention Diverted From Driving,Not Applicable,False,NONE,Farm To Market,"Straight, Level",Main/Proper Lane,On Roadway,50,FM0734,1601,Dry,Signal Light With Red Light Running Camera,Cloudy,Not Worn,-10874431.81886269,3556536.3302608314
15456998,False,False,Austin Police Department,True,False,No,0,1,0,4,0,Incapacitating Injury,1119,1,0,2016,Saturday,Pedalcyclist,Intersection Related,30.31009477,Daylight,-97.66720248,One Motor Vehicle - Turning Right,Attention Diverted From Driving,Not Applicable,False,NONE,City Street,"Curve, Grade",Main/Proper Lane,On Roadway,-1,MANOR RD,NO DATA,Dry,Signal Light,Clear,Unknown If Worn,-10872263.247277144,3543472.2355941334
15480628,True,False,Austin Police Department,False,False,No,0,0,1,1,0,Non-Incapacitating Injury,728,1,0,2016,Monday,Pedalcyclist,Non Intersection,30.34439051,Daylight,-97.67319843,One Motor Vehicle - Going Straight,Vision Obstructed By Headlight Or Sun Glare,Not Applicable,False,NONE,City Street,"Curve, Level",Main/Proper Lane,On Roadway,-1,FERGUSON LN,1776,Dry,Marked Lanes,Clear,Unknown If Worn,-10872930.713377967,3547895.290453762
15464508,False,False,Austin Police Department,True,False,No,0,0,0,1,1,Possible Injury,1637,1,0,2016,Wednesday,Pedalcyclist,Intersection,30.34797815,Daylight,-97.77296194,One Motor Vehicle - Turning Right,Not Applicable,Not Applicable,False,NONE,City Street,"Curve, Grade",Main/Proper Lane,On Roadway,35,LONESOME VALLEY TRL,6100,Dry,Stop Sign,Clear,"Worn, Damaged",-10884036.336510917,3548358.0709173894
15461923,False,False,Austin Police Department,True,False,No,0,0,0,0,1,Possible Injury,1651,1,1,2016,Monday,Pedalcyclist,Intersection,30.28654477,Daylight,-97.70485247,One Motor Vehicle - Turning Left,Not Applicable,Not Applicable,False,NONE,City Street,"Straight, Level",Main/Proper Lane,On Roadway,35,MANOR RD,3109,Dry,Marked Lanes,Clear,Unknown If Worn,-10876454.42499232,3540435.9341969597
15461933,True,False,Austin Police Department,True,False,No,0,0,0,1,0,Not Injured,731,0,1,2016,Tuesday,Pedalcyclist,Non Intersection,30.19098205,Daylight,-97.77156965,One Motor Vehicle - Going Straight,Not Applicable,Not Applicable,False,NONE,City Street,"Straight, Level",Main/Proper Lane,On Roadway,-1,N BLUFF DR,997,Dry,None,Clear,Unknown If Worn,-10883881.347497081,3528122.502994146
15461988,True,False,Austin Police Department,True,False,No,0,0,1,1,0,Non-Incapacitating Injury,1540,1,0,2016,Tuesday,Pedalcyclist,Intersection Related,30.23660535,Daylight,-97.83985156,One Motor Vehicle - Going Straight,Attention Diverted From Driving,Not Applicable,False,BICYCLE TRAILER,US & State Highways,"Straight, Level",Main/Proper Lane,On Roadway,40,US0290,NO DATA,Dry,Center Stripe/Divider,Clear,Not Worn,-10891482.454948673,3533999.655269138
15461990,True,False,Austin Police Department,True,False,No,0,0,1,1,0,Non-Incapacitating Injury,1633,1,0,2016,Tuesday,Pedalcyclist,Intersection,30.33930477,Dusk,-97.74693246,One Motor Vehicle - Going Straight,Not Applicable,Not Applicable,False,NONE,City Street,"Straight, Level",Main/Proper Lane,On Roadway,30,WHITE ROCK DR,2798,Dry,Marked Lanes,Clear,"Worn, Unk Damage",-10881138.748051703,3547239.2946356344
15462003,False,False,Austin Police Department,False,False,No,0,0,1,1,0,Non-Incapacitating Injury,1915,1,0,2016,Tuesday,Pedalcyclist,Driveway Access,30.28267257,"Dark, Not Lighted",-97.74526632,One Motor Vehicle - Turning Right,One Vehicle Entering Driveway,Entrance To Or Exit From Private Property Or Driveway,False,NONE,City Street,"Straight, Grade",Main/Proper Lane,On Roadway,-1,MARTIN LUTHER KING BLVD W,704,Dry,Marked Lanes,Clear,Not Worn,-10880953.274195313,3539936.76125791
15471017,False,False,Austin Police Department,True,False,No,0,0,1,1,0,Non-Incapacitating Injury,1008,1,0,2016,Saturday,Pedalcyclist,Intersection Related,30.30863477,"Dark, Not Lighted",-97.73443246,One Motor Vehicle - Going Straight,Not Applicable,Not Applicable,False,NONE,City Street,"Straight, Level",Main/Proper Lane,On Roadway,35,GUADALUPE ST,4299,Wet,Marked Lanes,Rain,Not Worn,-10879747.254416786,3543283.976593917
15502616,False,False,Austin Police Department,False,False,No,0,1,0,3,0,Incapacitating Injury,1800,1,0,2016,Saturday,Pedalcyclist,Intersection Related,30.27157768,"Dark, Lighted",-97.74413581,One Motor Vehicle - Turning Right,Attention Diverted From Driving,Not Applicable,False,BICYCLE,City Street,"Straight, Level",Main/Proper Lane,On Roadway,25,LAVACA ST,905,Wet,Signal Light,Rain,Not Worn,-10880827.426397776,3538506.606177862
15480718,False,False,Austin Police Department,False,False,No,0,0,1,1,0,Non-Incapacitating Injury,834,1,0,2016,Thursday,Pedalcyclist,Driveway Access,30.31180218,Daylight,-97.70657114,One Motor Vehicle - Turning Left,One Vehicle Entering Driveway,Entrance To Or Exit From Private Property Or Driveway,False,NONE,City Street,"Straight, Level",Main/Proper Lane,On Roadway,35,CAMERON RD,5347,Dry,None,Clear,"Worn, Not Damaged",-10876645.74646156,3543692.400315744
15480749,False,False,Austin Police Department,True,False,No,0,0,1,0,0,Non-Incapacitating Injury,1519,1,1,2016,Thursday,Pedalcyclist,Intersection Related,30.23159479,Daylight,-97.71753247,One Motor Vehicle - Going Straight,Not Applicable,Not Applicable,False,BICYCLE,City Street,"Straight, Grade",Main/Proper Lane,On Roadway,-1,E RIVERSIDE DR,NO DATA,Dry,Marked Lanes,Clear,Not Worn,-10877865.956135575,3533354.066204305
15499141,False,False,Austin Police Department,False,False,No,0,1,0,0,1,Incapacitating Injury,1935,2,0,2016,Friday,Pedalcyclist,Intersection Related,30.37653407,"Dark, Not Lighted",-97.7001666,One Motor Vehicle - Turning Left,Not Applicable,Not Applicable,False,NONE,City Street,"Straight, Level",Main/Proper Lane,On Roadway,-1,NEANS DR,1297,Dry,Stop Sign,Cloudy,Not Worn,-10875932.796329994,3552042.1900476166
15502743,False,False,Austin Police Department,True,False,No,0,0,1,1,0,Non-Incapacitating Injury,1649,1,0,2016,Wednesday,Pedalcyclist,Intersection,30.31001477,"Dark, Lighted",-97.70889247,One Motor Vehicle - Turning Left,Attention Diverted From Driving,Not Applicable,False,NONE,City Street,"Straight, Level",Main/Proper Lane,On Roadway,30,E 52ND ST,1100,Dry,Bike Lane,Clear,Not Worn,-10876904.155735122,3543461.9199598567
15512848,False,False,Austin Police Department,False,False,No,0,0,1,1,0,Non-Incapacitating Injury,2145,1,0,2016,Sunday,Pedalcyclist,Non Intersection,30.2720847,"Dark, Lighted",-97.74397439,One Motor Vehicle - Going Straight,Attention Diverted From Driving,Not Applicable,False,NONE,City Street,"Straight, Grade",Main/Proper Lane,On Roadway,30,LAVACA ST,946,Dry,Marked Lanes,Cloudy,Unknown If Worn,-10880809.457205573,3538571.958616433
15551227,False,False,Austin Police Department,True,False,No,0,1,0,0,0,Incapacitating Injury,1928,1,1,2016,Wednesday,Pedalcyclist,Intersection Related,30.1836248,"Dark, Lighted",-97.76894246,One Motor Vehicle - Going Straight,Not Applicable,Not Applicable,False,NONE,City Street,"Straight, Level",Main/Proper Lane,On Roadway,40,BLUFF SPRINGS RD,7011,Dry,Signal Light,Clear,Not Worn,-10883588.890044065,3527175.003741307
15523031,False,False,Austin Police Department,True,False,No,0,0,0,2,0,Not Injured,1555,0,0,2016,Thursday,Pedalcyclist,Intersection Related,30.38484475,Daylight,-97.69278247,One Motor Vehicle - Going Straight,Attention Diverted From Driving,Not Applicable,False,NONE,City Street,"Straight, Hillcrest",Main/Proper Lane,On Roadway,-1,W BRAKER LN,1110,Dry,Stop Sign,Clear,"Worn, Unk Damage",-10875110.798738442,3553114.587917853
15519236,True,False,Austin Police Department,False,False,No,0,1,0,1,0,Incapacitating Injury,1315,1,0,2016,Saturday,Pedalcyclist,Non Intersection,30.41378748,Daylight,-97.65360563,One Motor Vehicle - Going Straight,Attention Diverted From Driving,Not Applicable,False,NONE,City Street,"Straight, Level",Main/Proper Lane,On Roadway,45,E HOWARD LN,600,Dry,None,Clear,"Worn, Damaged",-10870749.652858755,3556850.0272235097
15534469,True,False,Austin Police Department,True,False,No,1,0,0,0,1,Killed,1531,1,0,2017,Sunday,Pedalcyclist,Non Intersection,30.42644368,Daylight,-97.75368864,One Motor Vehicle - Going Straight,Not Applicable,Not Applicable,False,NONE,US & State Highways,"Straight, Level",Service/Frontage Road,On Roadway,55,US0183,NO DATA,Dry,Stop Sign,Clear,"Worn, Not Damaged",-10881890.84256901,3558483.824045002
15531267,False,False,Austin Police Department,True,False,No,0,1,0,1,0,Incapacitating Injury,1330,1,0,2017,Tuesday,Pedalcyclist,Intersection Related,30.36088476,Daylight,-97.77148245,One Motor Vehicle - Turning Right,Not Applicable,Not Applicable,False,NONE,City Street,"Curve, Grade",Main/Proper Lane,On Roadway,30,FAR WEST BLVD,4307,Dry,Stop Sign,Clear,"Worn, Unk Damage",-10883871.640437484,3550023.073650442
15534478,False,False,Austin Police Department,True,False,No,0,0,1,1,0,Non-Incapacitating Injury,1613,1,0,2017,Wednesday,Pedalcyclist,Intersection Related,30.22047479,Daylight,-97.85779244,One Motor Vehicle - Going Straight,Vision Obstructed By Headlight Or Sun Glare,Not Applicable,False,NONE,City Street,"Straight, Level",Main/Proper Lane,On Roadway,-1,BECKETT RD,7399,Dry,Stop Sign,Clear,"Worn, Not Damaged",-10893479.624574656,3531921.4196386714
15536509,True,False,Austin Police Department,True,False,No,0,0,1,1,0,Non-Incapacitating Injury,1706,1,0,2017,Thursday,Pedalcyclist,Intersection Related,30.21902478,Daylight,-97.75710246,One Motor Vehicle - Turning Right,Attention Diverted From Driving,Not Applicable,False,NONE,City Street,"Straight, Level",Main/Proper Lane,On Roadway,-1,TERRY O LN,4100,Dry,Stop Sign,Clear,Not Worn,-10882270.867273072,3531734.61936005
15540820,True,False,Austin Police Department,True,False,No,0,0,1,1,0,Non-Incapacitating Injury,1706,1,0,2017,Friday,Pedalcyclist,Intersection,30.29787477,Daylight,-97.74123246,One Motor Vehicle - Turning Right,Not Applicable,Not Applicable,False,NONE,City Street,"Straight, Level",Main/Proper Lane,On Roadway,30,GUADALUPE ST,3101,Dry,Marked Lanes,Clear,Not Worn,-10880504.226954183,3541896.6200257502
15541177,False,False,Austin Police Department,True,False,No,0,0,1,1,0,Non-Incapacitating Injury,1410,1,0,2017,Friday,Pedalcyclist,Intersection Related,30.39474992,Daylight,-97.64440306,One Motor Vehicle - Turning Right,Not Applicable,Not Applicable,False,NONE,City Street,"Straight, Level",Main/Proper Lane,On Roadway,30,BRADBURY LN,NO DATA,Dry,Marked Lanes,Clear,Unknown If Worn,-10869725.227452364,3554392.855562466
15541180,False,False,Austin Police Department,True,False,No,0,0,0,1,1,Possible Injury,844,1,0,2017,Saturday,Pedalcyclist,Intersection Related,30.23913478,Daylight,-97.69440248,One Motor Vehicle - Going Straight,Attention Diverted From Driving,Not Applicable,False,NONE,City Street,"Straight, Level",Main/Proper Lane,On Roadway,30,MONSANTO DR,6300,Wet,Marked Lanes,Cloudy,Not Worn,-10875291.137426721,3534325.5739239836
15597730,False,False,Austin Police Department,False,False,No,0,0,0,1,1,Possible Injury,829,1,0,2017,Tuesday,Pedalcyclist,Driveway Access,30.262618,Daylight,-97.74162676,One Motor Vehicle - Turning Left,One Vehicle Entering Driveway,Entrance To Or Exit From Private Property Or Driveway,False,NONE,US & State Highways,"Straight, Level",Main/Proper Lane,On Roadway,35,SL0343,344,Wet,None,Rain,Not Worn,-10880548.120229403,3537351.802212828
15554133,True,False,Austin Police Department,False,False,No,0,0,0,1,3,Possible Injury,1921,3,0,2017,Friday,Pedalcyclist,Non Intersection,30.26703264,"Dark, Lighted",-97.74650676,One Motor Vehicle - Going Straight,Not Applicable,Not Applicable,False,NONE,City Street,"Straight, Level",Main/Proper Lane,On Roadway,30,W 4TH ST,355,Dry,Marked Lanes,Clear,Not Worn,-10881091.359344473,3537920.787463848
15554133,True,False,Austin Police Department,False,False,No,0,0,0,1,3,Possible Injury,1921,3,0,2017,Friday,Pedalcyclist,Non Intersection,30.26703264,"Dark, Lighted",-97.74650676,One Motor Vehicle - Going Straight,Not Applicable,Not Applicable,False,NONE,City Street,"Straight, Level",Main/Proper Lane,On Roadway,30,W 4TH ST,355,Dry,Marked Lanes,Clear,Not Worn,-10881091.359344473,3537920.787463848
15554133,True,False,Austin Police Department,False,False,No,0,0,0,1,3,Possible Injury,1921,3,0,2017,Friday,Pedalcyclist,Non Intersection,30.26703264,"Dark, Lighted",-97.74650676,One Motor Vehicle - Going Straight,Not Applicable,Not Applicable,False,NONE,City Street,"Straight, Level",Main/Proper Lane,On Roadway,30,W 4TH ST,355,Dry,Marked Lanes,Clear,Not Worn,-10881091.359344473,3537920.787463848
15570053,False,False,Austin Police Department,True,False,No,0,0,1,1,0,Non-Incapacitating Injury,1626,1,0,2017,Saturday,Pedalcyclist,Intersection Related,30.32697477,Daylight,-97.68777247,One Motor Vehicle - Turning Left,Not Applicable,Not Applicable,False,NONE,City Street,"Straight, Level",Main/Proper Lane,On Roadway,-1,BERKMAN DR,7299,Dry,Stop Sign,Clear,Not Worn,-10874553.088089569,3545649.0228021974
15554146,True,False,Austin Police Department,True,False,No,0,1,0,2,0,Incapacitating Injury,2103,1,0,2017,Sunday,Pedalcyclist,Intersection,30.26742478,"Dark, Lighted",-97.69435248,One Motor Vehicle - Going Straight,Not Applicable,Not Applicable,False,NONE,City Street,"Straight, Level",Main/Proper Lane,On Roadway,-1,SPRINGDALE RD,1017,Dry,Marked Lanes,Clear,Not Worn,-10875285.571452184,3537971.3300535055
15556906,False,False,Austin Police Department,True,False,No,0,0,0,2,1,Possible Injury,1653,1,0,2017,Sunday,Pedalcyclist,Intersection,30.26901478,Daylight,-97.74629246,One Motor Vehicle - Turning Right,Not Applicable,Not Applicable,False,NONE,City Street,"Straight, Level",Main/Proper Lane,On Roadway,35,W 6TH ST,400,Dry,Signal Light,Clear,Not Worn,-10881067.503577596,3538176.265864197
15557018,True,False,Austin Police Department,True,False,No,0,0,0,1,1,Possible Injury,922,1,0,2017,Tuesday,Pedalcyclist,Intersection,30.22964479,Daylight,-97.76025246,One Motor Vehicle - Turning Right,Attention Diverted From Driving,Not Applicable,False,BYCICLE,City Street,"Straight, Level",Main/Proper Lane,On Roadway,40,S CONGRESS AVE,3401,Dry,Bike Lane,Clear,"Worn, Damaged",-10882621.52366907,3533102.8260009955
15570305,True,False,Austin Police Department,True,False,No,0,0,0,1,1,Possible Injury,1753,1,0,2017,Tuesday,Pedalcyclist,Intersection,30.30197477,Daylight,-97.73865246,One Motor Vehicle - Going Straight,Not Applicable,Not Applicable,False,NONE,City Street,"Straight, Level",Main/Proper Lane,On Roadway,-1,GUADALUPE ST,3701,Dry,Stop Sign,Clear,"Worn, Not Damaged",-10880217.022667935,3542425.241654517
15557069,False,False,Austin Police Department,False,False,No,0,1,0,1,0,Incapacitating Injury,844,1,0,2017,Wednesday,Pedalcyclist,Driveway Access,30.38425224,Daylight,-97.74511902,One Motor Vehicle - Turning Left,One Vehicle Leaving Driveway,Entrance To Or Exit From Private Property Or Driveway,False,NONE,City Street,"Curve, Level",Main/Proper Lane,On Roadway,35,JOLLYVILLE RD,9226,Dry,Center Stripe/Divider,Clear,Unknown If Worn,-10880936.87683432,3553038.128283616
15559005,False,False,Austin Police Department,True,False,No,0,0,1,1,0,Non-Incapacitating Injury,1836,1,0,2017,Thursday,Pedalcyclist,Intersection,30.27785478,"Dark, Lighted",-97.74655246,One Motor Vehicle - Turning Left,Attention Diverted From Driving,Not Applicable,False,NONE,City Street,"Straight, Grade",Main/Proper Lane,On Roadway,-1,W 14TH ST,700,Dry,Stop Sign,Clear,"Worn, Unk Damage",-10881096.446645202,3539315.7179490984
15564712,False,False,Austin Police Department,False,False,No,0,0,1,1,0,Non-Incapacitating Injury,2133,1,0,2017,Thursday,Pedalcyclist,Driveway Access,30.16399413,"Dark, Not Lighted",-97.83026558,One Motor Vehicle - Going Straight,One Vehicle Leaving Driveway,Entrance To Or Exit From Private Property Or Driveway,False,NONE,Farm To Market,"Straight, Level",Main/Proper Lane,On Roadway,45,FM2304,10654,Dry,None,Clear,Not Worn,-10890415.348536318,3524647.2253051563
15559034,False,False,Austin Police Department,True,False,No,0,0,1,1,0,Non-Incapacitating Injury,1139,1,0,2017,Friday,Pedalcyclist,Intersection,30.28497478,Daylight,-97.74181246,One Motor Vehicle - Turning Right,Attention Diverted From Driving,Not Applicable,False,NONE,City Street,"Straight, Level",Main/Proper Lane,On Roadway,35,GUADALUPE ST,2199,Dry,Signal Light With Red Light Running Camera,Clear,"Worn, Damaged",-10880568.792258842,3540233.541314994
15562578,False,False,Austin Police Department,False,False,No,0,0,1,1,0,Non-Incapacitating Injury,955,1,0,2017,Monday,Pedalcyclist,Non Intersection,30.26390399,Daylight,-97.76370763,One Motor Vehicle - Going Straight,Not Applicable,Not Applicable,False,NONE,City Street,"Straight, Level",Main/Proper Lane,On Roadway,35,BARTON SPRINGS RD,1802,Dry,Marked Lanes,Clear,Unknown If Worn,-10883006.151434073,3537517.5456677033
15562579,False,False,Austin Police Department,False,False,No,0,0,1,1,0,Non-Incapacitating Injury,1000,1,0,2017,Monday,Pedalcyclist,Driveway Access,30.24512882,Daylight,-97.75123214,One Motor Vehicle - Turning Left,One Vehicle Leaving Driveway,Entrance To Or Exit From Private Property Or Driveway,False,NONE,City Street,"Straight, Level",Main/Proper Lane,On Roadway,30,MARY ST E,101,Dry,None,Clear,"Worn, Unk Damage",-10881617.386239877,3535097.9432580643
15564776,False,False,Austin Police Department,True,False,No,0,0,1,1,0,Non-Incapacitating Injury,1646,1,0,2017,Monday,Pedalcyclist,Intersection,30.24830478,Daylight,-97.76208246,One Motor Vehicle - Going Straight,Attention Diverted From Driving,Not Applicable,False,NONE,City Street,"Straight, Level",Main/Proper Lane,On Roadway,-1,5TH ST S,1899,Dry,Stop Sign,Clear,Not Worn,-10882825.23833722,3535507.2045515883
15564779,False,False,Austin Police Department,True,False,No,0,0,1,1,0,Non-Incapacitating Injury,1630,1,0,2017,Monday,Pedalcyclist,Intersection,30.2340002,Daylight,-97.87121316,One Motor Vehicle - Turning Right,Not Applicable,Not Applicable,False,NONE,US & State Highways,"Straight, Level",Main/Proper Lane,On Roadway,-1,US0290,NO DATA,Dry,Center Stripe/Divider,Clear,Not Worn,-10894973.612291135,3533663.9888111292
15570267,False,False,Austin Police Department,False,False,No,0,1,0,1,0,Incapacitating Injury,1905,1,0,2017,Thursday,Pedalcyclist,Driveway Access,30.2215145,"Dark, Not Lighted",-97.76480976,One Motor Vehicle - Going Straight,One Vehicle Leaving Driveway,Entrance To Or Exit From Private Property Or Driveway,False,NONE,City Street,"Straight, Level",Main/Proper Lane,On Roadway,45,S CONGRESS AVE,4135,Dry,Bike Lane,Clear,Not Worn,-10883128.839984464,3532055.3639395135
15572960,True,False,Austin Police Department,True,False,No,0,1,0,0,0,Incapacitating Injury,630,1,1,2017,Sunday,Pedalcyclist,Intersection,30.28876477,Daylight,-97.64418249,One Motor Vehicle - Going Straight,Not Applicable,Not Applicable,False,NONE,City Street,"Straight, Level",Main/Proper Lane,On Roadway,-1,ALONDRA LN,7400,Dry,Stop Sign,Clear,Unknown If Worn,-10869700.67371228,3540722.1276613926
15575970,False,False,Austin Police Department,True,False,No,0,0,0,3,0,Not Injured,1707,0,0,2017,Monday,Pedalcyclist,Driveway Access,30.1670448,Daylight,-97.78851246,One Motor Vehicle - Turning Left,One Vehicle Entering Driveway,Entrance To Or Exit From Private Property Or Driveway,False,NONE,City Street,"Straight, Level",Main/Proper Lane,On Roadway,45,W SLAUGHTER LN,NO DATA,Dry,Bike Lane,Clear,Not Worn,-10885767.412478888,3525040.0172586213
15585627,True,False,Austin Police Department,True,False,No,0,0,0,1,1,Possible Injury,1745,1,0,2017,Saturday,Pedalcyclist,Intersection Related,30.22261479,Daylight,-97.69779248,One Motor Vehicle - Turning Right,Not Applicable,Not Applicable,False,NONE,City Street,"Straight, Level",Main/Proper Lane,On Roadway,35,E RIVERSIDE DR,6900,Dry,Stop Sign,Clear,Not Worn,-10875668.510500511,3532197.1142141414
15671109,False,False,Austin Police Department,False,False,No,0,1,0,1,0,Incapacitating Injury,2331,1,0,2017,Monday,Pedalcyclist,Non Intersection,30.36621259,"Dark, Lighted",-97.7209145,One Motor Vehicle - Going Straight,Not Applicable,Not Applicable,False,NONE,City Street,"Curve, Level",Main/Proper Lane,On Roadway,30,HEARTHSTONE DR,1906,Dry,None,Clear,Unknown If Worn,-10878242.441993024,3550710.4484401285
15588796,False,False,Austin Police Department,False,False,No,0,0,1,1,0,Non-Incapacitating Injury,923,1,0,2017,Tuesday,Pedalcyclist,Driveway Access,30.22588478,Daylight,-97.76229246,One Motor Vehicle - Turning Right,One Vehicle Entering Driveway,Entrance To Or Exit From Private Property Or Driveway,False,BICYCLE,City Street,"Straight, Level",Main/Proper Lane,Off Roadway,35,S CONGRESS AVE,3800,Wet,Bike Lane,Rain,Unknown If Worn,-10882848.615430288,3532618.396129817
15590078,True,False,Austin Police Department,True,False,No,0,0,1,1,0,Non-Incapacitating Injury,1847,1,0,2017,Tuesday,Pedalcyclist,Intersection Related,30.29323477,"Dark, Not Lighted",-97.74179246,One Motor Vehicle - Going Straight,Not Applicable,Not Applicable,False,NONE,City Street,"Straight, Level",Main/Proper Lane,On Roadway,35,GUADALUPE ST,2717,Dry,Marked Lanes,Clear,"Worn, Not Damaged",-10880566.565869026,3541298.4017206877
15604729,False,False,Austin Police Department,False,False,No,0,0,0,1,1,Possible Injury,1445,1,0,2017,Wednesday,Pedalcyclist,Intersection Related,30.26411005,Daylight,-97.74706731,One Motor Vehicle - Turning Right,Attention Diverted From Driving,Not Applicable,False,NONE,US & State Highways,"Straight, Level",Main/Proper Lane,On Roadway,35,SL0343,296,Dry,Crosswalk,Clear,"Worn, Unk Damage",-10881153.759485038,3537544.103693652
15597896,False,False,Austin Police Department,False,False,No,0,0,0,0,2,Possible Injury,1108,2,0,2017,Saturday,Pedalcyclist,Driveway Access,30.18377988,Daylight,-97.79232508,One Motor Vehicle - Turning Left,One Vehicle Entering Driveway,Entrance To Or Exit From Private Property Or Driveway,False,NONE,City Street,"Straight, Level",Main/Proper Lane,On Roadway,45,W DITTMAR RD,618,Dry,None,Clear,"Worn, Not Damaged",-10886191.831395876,3527194.9749006643
15633737,True,False,Austin Police Department,True,False,No,0,0,0,1,1,Possible Injury,1043,1,0,2017,Saturday,Pedalcyclist,Intersection,30.27767478,Daylight,-97.77185246,One Motor Vehicle - Turning Right,Attention Diverted From Driving,Not Applicable,False,NONE,City Street,"Straight, Level",Main/Proper Lane,On Roadway,35,LAKE AUSTIN BLVD,2304,Dry,Signal Light,Clear,"Worn, Unk Damage",-10883912.829762273,3539292.51541247