Crash ID,$1000 Damage to Any One Person's Property,Active School Zone Flag,Agency,At Intersection Flag,Construction Zone Flag,Construction Zone Workers Present Flag,Crash Death Count,Crash Incapacitating Injury Count,Crash Non-incapacitating Injury Count,Crash Not Injured Count,Crash Possible Injury Count,Crash Severity,Crash Time,Crash Total Injury Count,Crash Unknown Injury Count,Crash Year,Day of Week,First Harmful Event,Intersection Related,Latitude,Light Condition,Longitude,Manner of Collision,Other Factor,Physical Feature 1,Private Drive Flag,Property Damages,Road Class,Roadway Alignment,Roadway Part,Roadway Relation,Speed Limit,Street Name,Street Number,Surface Condition,Traffic Control Type,Weather Condition,Person Helmet,MercatorX,MercatorY
15707038,False,False,Austin Police Department,True,False,No,0,1,0,2,0,Incapacitating Injury,1753,1,0,2017,Friday,Pedalcyclist,Intersection,30.27356478,Daylight,-97.69790247,One Motor Vehicle - Going Straight,Not Applicable,Not Applicable,False,NONE,City Street,"Straight, Level",Main/Proper Lane,On Roadway,55,AIRPORT BLVD,1149,Dry,Signal Light,Clear,Not Worn,-10875680.754531305,3538762.7357383333
15711468,False,False,Austin Police Department,True,False,No,0,0,1,1,0,Non-Incapacitating Injury,757,1,0,2017,Tuesday,Pedalcyclist,Intersection,30.27893477,Daylight,-97.68705248,One Motor Vehicle - Turning Right,Not Applicable,Not Applicable,False,NONE,City Street,"Straight, Grade",Main/Proper Lane,On Roadway,30,SPRINGDALE RD,1201,Dry,Signal Light,Cloudy,"Worn, Not Damaged",-10874472.939169392,3539454.9327735477
15711512,False,False,Austin Police Department,True,False,No,0,0,0,1,1,Possible Injury,1731,1,0,2017,Tuesday,Pedalcyclist,Intersection Related,30.31402477,Daylight,-97.73875246,One Motor Vehicle - Going Straight,Not Applicable,Not Applicable,False,NONE,City Street,"Straight, Level",Main/Proper Lane,On Roadway,35,W 45TH ST,NO DATA,Dry,Stop Sign,Clear,"Worn, Not Damaged",-10880228.154617015,3543979.001495363
15711543,True,False,Austin Police Department,True,False,No,0,0,0,3,1,Possible Injury,1914,1,0,2017,Tuesday,Pedalcyclist,Intersection,30.26085741,Daylight,-97.75852178,One Motor Vehicle - Turning Left,Not Applicable,Not Applicable,False,NONE,US & State Highways,"Straight, Level",Main/Proper Lane,On Roadway,-1,SL0343,498,Dry,Signal Light,Clear,"Worn, Not Damaged",-10882428.865252743,3537124.8939611213
15715040,False,False,Austin Police Department,False,False,No,0,0,1,1,0,Non-Incapacitating Injury,1526,1,0,2017,Thursday,Pedalcyclist,Driveway Access,30.24203696,Daylight,-97.78450687,One Motor Vehicle - Turning Left,One Vehicle Entering Driveway,Entrance To Or Exit From Private Property Or Driveway,False,NONE,US & State Highways,"Straight, Level",Main/Proper Lane,Off Roadway,35,SL0343,3037,Dry,Center Stripe/Divider,Clear,"Worn, Unk Damage",-10885321.512239762,3534699.5319846375
15727897,False,False,Austin Police Department,False,False,No,0,0,0,2,0,Not Injured,736,0,0,2017,Wednesday,Pedalcyclist,Driveway Access,30.30357172,Daylight,-97.76436707,One Motor Vehicle - Turning Left,One Vehicle Leaving Driveway,Entrance To Or Exit From Private Property Or Driveway,False,NONE,City Street,"Straight, Level",Main/Proper Lane,On Roadway,-1,EXPOSITION BLVD,2707,Dry,None,Clear,"Worn, Not Damaged",-10883079.559959084,3542631.145760868
15727903,True,False,Austin Police Department,False,False,No,0,0,1,1,0,Non-Incapacitating Injury,1720,1,0,2017,Wednesday,Pedalcyclist,Driveway Access,30.37705476,Daylight,-97.75755245,One Motor Vehicle - Turning Left,One Vehicle Entering Driveway,Entrance To Or Exit From Private Property Or Driveway,False,NONE,City Street,"Straight, Level",Main/Proper Lane,On Roadway,35,STECK AVE,4200,Dry,None,Clear,Not Worn,-10882320.959930733,3552109.3764384952
15727904,False,False,Austin Police Department,False,False,No,0,0,1,1,0,Non-Incapacitating Injury,1735,1,0,2017,Wednesday,Pedalcyclist,Driveway Access,30.3235726,Daylight,-97.72782322,One Motor Vehicle - Turning Right,One Vehicle Leaving Driveway,Entrance To Or Exit From Private Property Or Driveway,False,NONE,City Street,"Straight, Level",Main/Proper Lane,Off Roadway,40,N LAMAR BLVD,5531,Dry,None,Clear,"Worn, Not Damaged",-10879011.517185457,3545210.2603879287
15731348,False,False,Austin Police Department,False,False,No,0,0,1,1,0,Non-Incapacitating Injury,1524,1,0,2017,Friday,Pedalcyclist,Driveway Access,30.23388479,Daylight,-97.72299247,One Motor Vehicle - Turning Left,One Vehicle Entering Driveway,Entrance To Or Exit From Private Property Or Driveway,False,NONE,City Street,"Straight, Grade",Main/Proper Lane,On Roadway,45,S PLEASANT VALLEY RD,NO DATA,Dry,Marked Lanes,Cloudy,Not Worn,-10878473.760555306,3533649.118753789
15731457,True,False,Austin Police Department,True,False,No,0,0,1,1,0,Non-Incapacitating Injury,1809,1,0,2017,Friday,Pedalcyclist,Intersection,30.43587169,Daylight,-97.73387432,One Motor Vehicle - Turning Left,Not Applicable,Not Applicable,False,NONE,Farm To Market,"Straight, Level",Main/Proper Lane,On Roadway,60,FM0734,NO DATA,Dry,Marked Lanes,Clear,"Worn, Unk Damage",-10879685.122556197,3559701.0295475908
15731604,False,False,Austin Police Department,True,False,No,0,0,1,1,0,Non-Incapacitating Injury,1244,1,0,2017,Sunday,Pedalcyclist,Intersection,30.24919478,Daylight,-97.77944245,One Motor Vehicle - Going Straight,Not Applicable,Not Applicable,False,NONE,City Street,"Straight, Grade",Main/Proper Lane,On Roadway,25,ARPDALE ST,2198,Dry,Stop Sign,Clear,Not Worn,-10884757.743584199,3535621.8943108055
15731605,False,False,Austin Police Department,True,False,No,0,0,1,0,0,Non-Incapacitating Injury,1300,1,1,2017,Sunday,Pedalcyclist,Intersection Related,30.30577477,Daylight,-97.70289247,One Motor Vehicle - Turning Right,Attention Diverted From Driving,Not Applicable,False,NONE,City Street,"Straight, Level",Main/Proper Lane,On Roadway,35,E 51ST ST,1498,Dry,Marked Lanes,Clear,"Worn, Not Damaged",-10876236.238790361,3542915.203391381
15731612,True,False,Austin Police Department,True,False,No,0,0,1,1,0,Non-Incapacitating Injury,1930,1,0,2017,Sunday,Pedalcyclist,Intersection,30.22695479,Daylight,-97.75459246,One Motor Vehicle - Turning Left,Not Applicable,Not Applicable,False,NONE,City Street,"Straight, Level",Main/Proper Lane,On Roadway,35,WOODWARD ST,406,Dry,None,Clear,"Worn, Unk Damage",-10881991.45535118,3532756.2515389053
15740313,False,False,Austin Police Department,False,True,No,0,0,0,1,0,Not Injured,539,0,1,2017,Tuesday,Pedalcyclist,Non Intersection,30.19433177,"Dark, Not Lighted",-97.76741785,One Motor Vehicle - Going Straight,Construction - Within Posted Road Construction Zone (Not Related To Crash),Not Applicable,False,NONE,Interstate,"Straight, Grade",Service/Frontage Road,On Roadway,-1,IH0035,NO DATA,Dry,Marked Lanes,Clear,Unknown If Worn,-10883419.171235204,3528553.9182277136
15750500,True,False,Austin Police Department,True,False,No,0,0,0,3,0,Not Injured,1024,0,0,2017,Tuesday,Pedalcyclist,Intersection Related,30.22964479,Daylight,-97.76025246,One Motor Vehicle - Turning Right,Not Applicable,Not Applicable,False,NONE,City Street,"Straight, Grade",Main/Proper Lane,On Roadway,40,S CONGRESS AVE,3401,Dry,Signal Light,Clear,"Worn, Not Damaged",-10882621.52366907,3533102.8260009955
15740059,True,False,Austin Police Department,False,False,No,0,0,1,1,0,Non-Incapacitating Injury,833,1,0,2017,Thursday,Pedalcyclist,Driveway Access,30.32955919,Daylight,-97.67980809,One Motor Vehicle - Turning Left,One Vehicle Leaving Driveway,Entrance To Or Exit From Private Property Or Driveway,False,NONE,US & State Highways,"Straight, Level",Main/Proper Lane,On Roadway,-1,US0183,2000,Dry,Marked Lanes,Clear,Unknown If Worn,-10873666.497363484,3545982.3338988326
15750514,False,False,Austin Police Department,True,False,No,0,0,0,4,1,Possible Injury,10,1,0,2017,Thursday,Pedalcyclist,Intersection,30.29539477,"Dark, Lighted",-97.74279246,One Motor Vehicle - Going Straight,Not Applicable,Not Applicable,False,NONE,City Street,"Curve, Level",Main/Proper Lane,On Roadway,30,GUADALUPE ST,2901,Dry,Signal Light,Clear,"Worn, Not Damaged",-10880677.88535982,3541576.8791346005
15745416,False,False,Austin Police Department,True,False,No,0,0,1,1,0,Non-Incapacitating Injury,1647,1,0,2017,Friday,Pedalcyclist,Intersection,30.27684478,Daylight,-97.70032247,One Motor Vehicle - Turning Left,Attention Diverted From Driving,Not Applicable,False,NONE,City Street,"Straight, Grade",Main/Proper Lane,On Roadway,-1,E 12TH ST,3199,Dry,Signal Light,Clear,"Worn, Not Damaged",-10875950.147699025,3539185.526488557
15751012,False,False,Austin Police Department,True,False,No,0,0,1,1,0,Non-Incapacitating Injury,1527,1,0,2017,Tuesday,Pedalcyclist,Intersection,30.26901478,Daylight,-97.74629246,One Motor Vehicle - Going Straight,Attention Diverted From Driving,Not Applicable,False,NONE,City Street,"Straight, Grade",Main/Proper Lane,On Roadway,35,GUADALUPE ST,599,Wet,Marked Lanes,Rain,"Worn, Not Damaged",-10881067.503577596,3538176.265864197
15761441,False,False,Austin Police Department,False,False,No,0,0,0,1,1,Possible Injury,1312,1,0,2017,Friday,Pedalcyclist,Non Intersection,30.40367527,Daylight,-97.85382508,One Motor Vehicle - Going Straight,Not Applicable,Not Applicable,False,NONE,Farm To Market,"Straight, Level",Main/Proper Lane,On Roadway,50,RM2222,11564,Dry,Marked Lanes,Clear,"Worn, Not Damaged",-10893037.980079662,3555544.7879242366
15766823,False,False,Austin Police Department,True,False,No,0,0,1,0,0,Non-Incapacitating Injury,1530,1,1,2017,Friday,Pedalcyclist,Intersection,30.26578478,Daylight,-97.74217246,One Motor Vehicle - Going Straight,One Vehicle Leaving Driveway,Entrance To Or Exit From Private Property Or Driveway,False,BICYCLE,City Street,"Straight, Level",Main/Proper Lane,On Roadway,35,BRAZOS ST,399,Dry,None,Clear,Not Worn,-10880608.867275529,3537759.953197578
15787002,False,False,Austin Police Department,False,False,No,0,0,1,1,0,Non-Incapacitating Injury,1204,1,0,2017,Friday,Pedalcyclist,Driveway Access,30.33342436,Daylight,-97.71663962,One Motor Vehicle - Going Straight,One Vehicle Leaving Driveway,Entrance To Or Exit From Private Property Or Driveway,False,NONE,City Street,"Straight, Level",Main/Proper Lane,On Roadway,-1,AIRPORT BLVD,6778,Dry,Bike Lane,Clear,Not Worn,-10877766.564528221,3546480.838969397
15761856,False,False,Austin Police Department,True,False,No,0,0,1,1,0,Non-Incapacitating Injury,1138,1,0,2017,Sunday,Pedalcyclist,Intersection,30.26339563,Daylight,-97.74449683,One Motor Vehicle - Turning Left,Not Applicable,Not Applicable,False,NONE,US & State Highways,"Straight, Level",Main/Proper Lane,On Roadway,35,SL0343,100,Dry,Signal Light With Red Light Running Camera,Clear,"Worn, Not Damaged",-10880867.614960343,3537452.0259697665
15795117,False,False,Austin Police Department,False,False,No,0,0,0,2,0,Not Injured,536,0,0,2017,Sunday,Pedalcyclist,Driveway Access,30.27453395,"Dark, Lighted",-97.73512855,One Motor Vehicle - Backing,One Vehicle Leaving Driveway,Entrance To Or Exit From Private Property Or Driveway,False,NONE,City Street,"Straight, Grade",Main/Proper Lane,On Roadway,35,RED RIVER ST,1383,Dry,Marked Lanes,Clear,Not Worn,-10879824.742801134,3538887.6599114127
15762380,True,False,Austin Police Department,True,False,No,0,0,1,0,0,Non-Incapacitating Injury,1921,1,1,2017,Monday,Pedalcyclist,Intersection Related,30.22104479,Daylight,-97.77290246,One Motor Vehicle - Turning Right,Not Applicable,Not Applicable,False,NONE,City Street,"Straight, Level",Main/Proper Lane,On Roadway,-1,S 1ST ST,4400,Dry,Crosswalk,Clear,Not Worn,-10884029.715227604,3531994.8517199103
15770203,False,False,Austin Police Department,False,False,No,0,0,0,1,1,Possible Injury,1149,1,0,2017,Sunday,Pedalcyclist,Intersection Related,30.36447418,Daylight,-97.70001612,One Motor Vehicle - Turning Left,Not Applicable,Not Applicable,False,NONE,City Street,"Straight, Level",Main/Proper Lane,On Roadway,35,W RUNDBERG LN,NO DATA,Dry,Marked Lanes,Cloudy,Not Worn,-10875916.04497302,3550486.1617912655
15770204,False,False,Austin Police Department,True,False,No,0,0,1,3,0,Non-Incapacitating Injury,1543,1,0,2017,Sunday,Pedalcyclist,Intersection Related,30.24017479,Daylight,-97.75574246,One Motor Vehicle - Going Straight,Not Applicable,Not Applicable,False,NONE,City Street,"Straight, Level",Main/Proper Lane,On Roadway,35,EUCLID AVE,2401,Dry,Stop Sign,Cloudy,Not Worn,-10882119.472765591,3534459.582303298
15770204,False,False,Austin Police Department,True,False,No,0,0,1,3,0,Non-Incapacitating Injury,1543,1,0,2017,Sunday,Pedalcyclist,Intersection Related,30.24017479,Daylight,-97.75574246,One Motor Vehicle - Going Straight,Not Applicable,Not Applicable,False,NONE,City Street,"Straight, Level",Main/Proper Lane,On Roadway,35,EUCLID AVE,2401,Dry,Stop Sign,Cloudy,Not Worn,-10882119.472765591,3534459.582303298
15802274,False,False,Austin Police Department,True,False,No,0,0,1,1,0,Non-Incapacitating Injury,2228,1,0,2017,Sunday,Pedalcyclist,Intersection Related,30.35806933,"Dark, Lighted",-97.68814856,One Motor Vehicle - Going Straight,Not Applicable,Not Applicable,False,BICYCLE,Interstate,"Straight, Level",Service/Frontage Road,On Roadway,55,IH0035,NO DATA,Wet,Signal Light,Rain,Not Worn,-10874594.954236861,3549659.8535320796
15802276,False,False,Austin Police Department,True,False,No,0,0,1,2,0,Non-Incapacitating Injury,2342,1,0,2017,Monday,Pedalcyclist,Intersection Related,30.22162495,"Dark, Lighted",-97.76159608,One Motor Vehicle - Going Straight,Not Applicable,Not Applicable,False,NONE,US & State Highways,"Straight, Level",Service/Frontage Road,On Roadway,55,US0290,NO DATA,Dry,Stop Sign,Clear,Not Worn,-10882771.09476329,3532069.593132774
15774575,False,False,Austin Police Department,True,False,No,0,0,1,1,0,Non-Incapacitating Injury,1743,1,0,2017,Tuesday,Pedalcyclist,Intersection,30.35247476,Daylight,-97.72321246,One Motor Vehicle - Turning Left,Attention Diverted From Driving,Not Applicable,False,NONE,City Street,"Straight, Level",Main/Proper Lane,On Roadway,-1,W ANDERSON LN,1700,Wet,Signal Light,Rain,"Worn, Unk Damage",-10878498.249730088,3548938.126111229
15787143,False,False,Austin Police Department,True,False,No,0,0,0,1,1,Possible Injury,1633,1,0,2017,Wednesday,Pedalcyclist,Intersection Related,30.29649477,Daylight,-97.74211246,One Motor Vehicle - Turning Right,Attention Diverted From Driving,Not Applicable,False,NONE,City Street,"Straight, Level",Main/Proper Lane,On Roadway,45,GUADALUPE ST,2933,Dry,Signal Light,Clear,"Worn, Not Damaged",-10880602.18810608,3541718.698693272
15787145,False,False,Austin Police Department,True,False,No,0,1,0,1,0,Incapacitating Injury,1818,1,0,2017,Wednesday,Pedalcyclist,Intersection Related,30.22467135,Daylight,-97.72949277,One Motor Vehicle - Turning Right,Not Applicable,Not Applicable,False,NONE,City Street,"Straight, Grade",Main/Proper Lane,On Roadway,-1,S PLEASANT VALLEY RD,2800,Dry,Signal Light,Clear,"Worn, Unk Damage",-10879197.37064131,3532462.064930093
15787743,True,False,Austin Police Department,True,False,No,0,0,0,0,1,Possible Injury,1515,1,1,2017,Tuesday,Pedalcyclist,Intersection Related,30.34235476,Daylight,-97.71595247,One Motor Vehicle - Going Straight,Attention Diverted From Driving,Not Applicable,False,NONE,City Street,"Straight, Level",Main/Proper Lane,On Roadway,-1,N LAMAR BLVD,7501,Dry,None,Clear,Not Worn,-10877690.071340123,3547632.7004880444
15787744,False,False,Austin Police Department,False,False,No,0,0,1,2,0,Non-Incapacitating Injury,1556,1,0,2017,Tuesday,Pedalcyclist,Non Intersection,30.30907799,Daylight,-97.71558273,One Motor Vehicle - Going Straight,Not Applicable,Not Applicable,False,NONE,City Street,"Straight, Level",Main/Proper Lane,On Roadway,45,AIRPORT BLVD,4883,Dry,Marked Lanes,Cloudy,Not Worn,-10877648.912071597,3543341.1270879423
15795124,False,False,Austin Police Department,False,False,No,0,0,1,1,0,Non-Incapacitating Injury,1943,1,0,2017,Tuesday,Pedalcyclist,Driveway Access,30.42271331,Daylight,-97.66744815,One Motor Vehicle - Going Straight,One Vehicle Leaving Driveway,Entrance To Or Exit From Private Property Or Driveway,False,NONE,City Street,"Straight, Level",Main/Proper Lane,On Roadway,50,W HOWARD LN,964,Dry,Marked Lanes,Clear,Not Worn,-10872290.595136449,3558002.2462090673
15791403,True,False,Austin Police Department,True,False,No,0,0,1,1,0,Non-Incapacitating Injury,1700,1,0,2017,Thursday,Pedalcyclist,Intersection,30.3276179,Daylight,-97.81115444,One Motor Vehicle - Turning Left,Not Applicable,Not Applicable,False,NONE,US & State Highways,"Straight, Level",Main/Proper Lane,On Roadway,-1,SL0360,NO DATA,Dry,Marked Lanes,Clear,"Worn, Not Damaged",-10888287.906163039,3545731.9660703647
15791408,True,False,Austin Police Department,False,False,No,0,0,1,1,0,Non-Incapacitating Injury,801,1,0,2017,Friday,Pedalcyclist,Driveway Access,30.25644977,Daylight,-97.7471433,One Motor Vehicle - Turning Left,One Vehicle Entering Driveway,Entrance To Or Exit From Private Property Or Driveway,False,NONE,City Street,"Straight, Level",Main/Proper Lane,On Roadway,35,CONGRESS AVE S,512,Dry,Bike Lane,Clear,Not Worn,-10881162.218653142,3536556.8466139613
15795523,True,False,Austin Police Department,True,False,No,0,1,0,1,0,Incapacitating Injury,238,1,0,2017,Friday,Pedalcyclist,Intersection,30.29004477,"Dark, Lighted",-97.73449246,One Motor Vehicle - Turning Left,Not Applicable,Not Applicable,False,NONE,City Street,"Curve, Level",Main/Proper Lane,On Roadway,30,SAN JACINTO BLVD,2801,Dry,Center Stripe/Divider,Clear,Not Worn,-10879753.933586234,3540887.143053164
15808513,False,False,Austin Police Department,True,False,No,0,0,1,1,0,Non-Incapacitating Injury,1024,1,0,2017,Friday,Pedalcyclist,Intersection Related,30.35190476,Daylight,-97.72201246,One Motor Vehicle - Going Straight,Not Applicable,Not Applicable,False,NONE,City Street,"Straight, Level",Main/Proper Lane,On Roadway,-1,BURRELL DR,7901,Dry,Signal Light,Cloudy,Not Worn,-10878364.666341135,3548864.595586143
15808516,False,False,Austin Police Department,False,False,No,0,0,0,0,1,Possible Injury,1610,1,1,2017,Friday,Pedalcyclist,Non Intersection,30.25784179,Daylight,-97.71477393,One Motor Vehicle - Going Straight,Attention Diverted From Driving,Not Applicable,False,NONE,City Street,"Straight, Level",Main/Proper Lane,On Roadway,35,E 5TH ST,2521,Dry,Bike Lane,Clear,Unknown If Worn,-10877558.876867445,3536736.244461477
15808641,False,False,Austin Police Department,True,False,No,0,0,0,0,1,Possible Injury,1558,1,0,2017,Friday,Pedalcyclist,Intersection Related,30.1670448,Daylight,-97.78851246,One Motor Vehicle - Turning Right,Not Applicable,Not Applicable,False,NONE,City Street,"Straight, Level",Main/Proper Lane,On Roadway,45,W SLAUGHTER LN,NO DATA,Dry,Crosswalk,Cloudy,Not Worn,-10885767.412478888,3525040.0172586213
15826121,True,False,Austin Police Department,False,False,No,0,3,0,1,1,Incapacitating Injury,645,4,0,2017,Saturday,Pedalcyclist,Non Intersection,30.23924664,Daylight,-97.71926976,One Motor Vehicle - Going Straight,Attention Diverted From Driving,Not Applicable,False,NONE,City Street,"Straight, Level",Main/Proper Lane,On Roadway,35,S PLEASANT VALLEY RD,1399,Dry,None,Clear,Unknown If Worn,-10878059.350373738,3534339.987349367
15826121,True,False,Austin Police Department,False,False,No,0,3,0,1,1,Incapacitating Injury,645,4,0,2017,Saturday,Pedalcyclist,Non Intersection,30.23924664,Daylight,-97.71926976,One Motor Vehicle - Going Straight,Attention Diverted From Driving,Not Applicable,False,NONE,City Street,"Straight, Level",Main/Proper Lane,On Roadway,35,S PLEASANT VALLEY RD,1399,Dry,None,Clear,Unknown If Worn,-10878059.350373738,3534339.987349367
15826121,True,False,Austin Police Department,False,False,No,0,3,0,1,1,Incapacitating Injury,645,4,0,2017,Saturday,Pedalcyclist,Non Intersection,30.23924664,Daylight,-97.71926976,One Motor Vehicle - Going Straight,Attention Diverted From Driving,Not Applicable,False,NONE,City Street,"Straight, Level",Main/Proper Lane,On Roadway,35,S PLEASANT VALLEY RD,1399,Dry,None,Clear,Unknown If Worn,-10878059.350373738,3534339.987349367
15826121,True,False,Austin Police Department,False,False,No,0,3,0,1,1,Incapacitating Injury,645,4,0,2017,Saturday,Pedalcyclist,Non Intersection,30.23924664,Daylight,-97.71926976,One Motor Vehicle - Going Straight,Attention Diverted From Driving,Not Applicable,False,NONE,City Street,"Straight, Level",Main/Proper Lane,On Roadway,35,S PLEASANT VALLEY RD,1399,Dry,None,Clear,Unknown If Worn,-10878059.350373738,3534339.987349367
15827854,True,False,Austin Police Department,False,False,No,0,1,0,2,0,Incapacitating Injury,1645,1,0,2017,Monday,Pedalcyclist,Non Intersection,30.26258522,Daylight,-97.72225002,One Motor Vehicle - Going Straight,Swerved Or Veered-Avoiding Vehicle Stopped Or Moving Slowly In Traffic Lane,Not Applicable,False,NONE,City Street,"Straight, Level",Main/Proper Lane,Off Roadway,35,E 7TH ST,1883,Dry,Signal Light,Clear,Unknown If Worn,-10878391.11139937,3537347.5774257244
15812496,False,False,Austin Police Department,True,False,No,0,0,0,1,1,Possible Injury,1128,1,0,2017,Tuesday,Pedalcyclist,Intersection Related,30.27377478,Daylight,-97.76337246,One Motor Vehicle - Turning Left,Not Applicable,Not Applicable,False,NONE,City Street,"Straight, Level",Main/Proper Lane,On Roadway,35,W 5TH ST,1600,Dry,Marked Lanes,Clear,Not Worn,-10882968.840480344,3538789.804234977
15820582,False,False,Austin Police Department,False,False,No,0,0,1,1,0,Non-Incapacitating Injury,1528,1,0,2017,Wednesday,Pedalcyclist,Non Intersection,30.26956473,Daylight,-97.72442785,One Motor Vehicle - Going Straight,Not Applicable,Not Applicable,False,NONE,City Street,"Straight, Level",Main/Proper Lane,On Roadway,-1,ANGELINA ST,1159,Dry,None,Clear,Not Worn,-10878633.546326002,3538247.1499380614
15896055,False,False,Austin Police Department,True,False,No,0,0,0,0,1,Possible Injury,2234,1,1,2017,Wednesday,Pedalcyclist,Intersection,30.24823478,"Dark, Lighted",-97.77063246,One Motor Vehicle - Turning Right,Not Applicable,Not Applicable,False,NONE,City Street,"Straight, Level",Main/Proper Lane,On Roadway,35,KINNEY AVE,2399,Dry,Signal Light,Clear,Not Worn,-10883777.019983504,3535498.1840527975
15847006,True,False,Austin Police Department,True,False,No,0,1,0,0,3,Incapacitating Injury,48,4,0,2017,Thursday,Motor Vehicle In Transport,Intersection,30.27155478,"Dark, Lighted",-97.75399246,Angle - Both Going Straight,Attention Diverted From Driving,Not Applicable,False,NONE,City Street,"Straight, Grade",Main/Proper Lane,On Roadway,-1,W 6TH ST,998,Dry,Signal Light,Clear,"Worn, Damaged",-10881924.663656704,3538503.6544860075
15820621,False,False,Austin Police Department,False,False,No,0,0,1,1,0,Non-Incapacitating Injury,1724,1,0,2017,Friday,Pedalcyclist,Intersection Related,30.30271193,Daylight,-97.67754779,One Motor Vehicle - Turning Right,Not Applicable,Not Applicable,False,NONE,City Street,"Straight, Level",Main/Proper Lane,On Roadway,25,REICHER DR,5702,Dry,Stop Sign,Clear,Not Worn,-10873414.881918443,3542520.2875892515
15820672,False,False,Austin Police Department,False,False,No,0,0,0,1,1,Possible Injury,2207,1,0,2017,Saturday,Pedalcyclist,Intersection Related,30.2656795,"Dark, Lighted",-97.73467612,One Motor Vehicle - Turning Left,Not Applicable,Not Applicable,False,NONE,Interstate,"Straight, Level",Service/Frontage Road,On Roadway,-1,IH0035,NO DATA,Dry,Crosswalk,Clear,Not Worn,-10879774.378523914,3537746.3839551387
15827861,False,False,Austin Police Department,False,False,No,0,0,2,1,0,Non-Incapacitating Injury,842,2,0,2017,Monday,Pedalcyclist,Intersection Related,30.2685281,Daylight,-97.77741548,One Motor Vehicle - Turning Right,Attention Diverted From Driving,Not Applicable,False,NONE,US & State Highways,"Straight, Hillcrest",Service/Frontage Road,On Roadway,45,SL0001,NO DATA,Dry,Bike Lane,Clear,"Worn, Not Damaged",-10884532.102315946,3538113.537108981
15827861,False,False,Austin Police Department,False,False,No,0,0,2,1,0,Non-Incapacitating Injury,842,2,0,2017,Monday,Pedalcyclist,Intersection Related,30.2685281,Daylight,-97.77741548,One Motor Vehicle - Turning Right,Attention Diverted From Driving,Not Applicable,False,NONE,US & State Highways,"Straight, Hillcrest",Service/Frontage Road,On Roadway,45,SL0001,NO DATA,Dry,Bike Lane,Clear,"Worn, Not Damaged",-10884532.102315946,3538113.537108981
15823139,True,False,Austin Police Department,True,False,No,0,0,1,1,0,Non-Incapacitating Injury,753,1,0,2017,Tuesday,Pedalcyclist,Intersection Related,30.35764657,Daylight,-97.7000886,One Motor Vehicle - Turning Left,Not Applicable,Not Applicable,False,NONE,US & State Highways,"Straight, Level",Main/Proper Lane,On Roadway,45,SL0275,8900,Dry,Signal Light,Clear,Not Worn,-10875924.113409713,3549605.313942879
15827869,True,False,Austin Police Department,True,False,No,0,0,1,1,0,Non-Incapacitating Injury,1905,1,0,2017,Tuesday,Pedalcyclist,Intersection,30.26684478,Daylight,-97.74946246,One Motor Vehicle - Going Straight,Not Applicable,Not Applicable,False,NONE,City Street,"Straight, Level",Main/Proper Lane,On Roadway,-1,W 3RD ST,798,Dry,Stop Sign,Clear,"Worn, Unk Damage",-10881420.386363411,3537896.574420427
15827961,False,False,Austin Police Department,True,False,No,0,0,1,1,0,Non-Incapacitating Injury,1553,1,0,2017,Thursday,Pedalcyclist,Intersection Related,30.25151478,Daylight,-97.71339247,One Motor Vehicle - Going Straight,Not Applicable,Not Applicable,False,NONE,City Street,"Straight, Level",Other (Explain In Narrative),On Roadway,-1,PLEASANT VALLEY RD N,79,Dry,Marked Lanes,Clear,Not Worn,-10877405.093443692,3535920.8657581857
15889853,False,False,Austin Police Department,True,False,No,0,0,0,1,1,Possible Injury,717,1,0,2017,Monday,Pedalcyclist,Intersection Related,30.33692476,Daylight,-97.67600248,One Motor Vehicle - Other,Attention Diverted From Driving,Not Applicable,False,NONE,City Street,"Straight, Grade",Main/Proper Lane,On Roadway,40,CROSS PARK DR,NO DATA,Wet,Stop Sign,Rain,"Worn, Not Damaged",-10873242.858796125,3546932.3153026933
15851719,False,False,Austin Police Department,False,False,No,0,0,1,1,0,Non-Incapacitating Injury,1545,1,0,2017,Friday,Pedalcyclist,Driveway Access,30.40236613,Daylight,-97.85471224,One Motor Vehicle - Turning Left,One Vehicle Entering Driveway,Entrance To Or Exit From Private Property Or Driveway,False,DAMAGED BICYCLE,Farm To Market,"Straight, Level",Main/Proper Lane,On Roadway,55,RM0620,NO DATA,Dry,Marked Lanes,Clear,Unknown If Worn,-10893136.738279114,3555375.819812268
15843303,True,False,Austin Police Department,True,False,No,0,0,1,1,0,Non-Incapacitating Injury,307,1,0,2017,Sunday,Pedalcyclist,Intersection,30.27167173,"Dark, Lighted",-97.73245068,One Motor Vehicle - Going Straight,Attention Diverted From Driving,Not Applicable,False,NONE,Interstate,"Straight, Grade",Service/Frontage Road,On Roadway,55,IH0035,NO DATA,Dry,Signal Light,Clear,Not Worn,-10879526.643676324,3538518.7287448584