Crash ID,$1000 Damage to Any One Person's Property,Active School Zone Flag,Agency,At Intersection Flag,Construction Zone Flag,Construction Zone Workers Present Flag,Crash Death Count,Crash Incapacitating Injury Count,Crash Non-incapacitating Injury Count,Crash Not Injured Count,Crash Possible Injury Count,Crash Severity,Crash Time,Crash Total Injury Count,Crash Unknown Injury Count,Crash Year,Day of Week,First Harmful Event,Intersection Related,Latitude,Light Condition,Longitude,Manner of Collision,Other Factor,Physical Feature 1,Private Drive Flag,Property Damages,Road Class,Roadway Alignment,Roadway Part,Roadway Relation,Speed Limit,Street Name,Street Number,Surface Condition,Traffic Control Type,Weather Condition,Person Helmet,MercatorX,MercatorY
15857029,False,False,Austin Police Department,False,False,No,0,0,0,2,1,Possible Injury,1504,1,0,2017,Monday,Pedalcyclist,Driveway Access,30.24520672,Daylight,-97.75130214,One Motor Vehicle - Turning Left,One Vehicle Entering Driveway,Entrance To Or Exit From Private Property Or Driveway,False,NONE,City Street,"Straight, Level",Main/Proper Lane,On Roadway,35,CONGRESS AVE S,1893,Dry,Bike Lane,Clear,"Worn, Not Damaged",-10881625.178604234,3535107.98146767
15857036,False,False,Austin Police Department,True,False,No,0,0,0,0,0,Unknown,1900,0,2,2017,Wednesday,Pedalcyclist,Intersection,30.31293477,Unknown,-97.67180248,One Motor Vehicle - Going Straight,Not Applicable,Not Applicable,False,POSSIBLE TO BIKE,City Street,Unknown,Main/Proper Lane,On Roadway,-1,LOYOLA LN,3000,Unknown,None,Unknown,Unknown If Worn,-10872775.316934794,3543838.446066345
15852059,False,False,Austin Police Department,False,False,No,0,0,1,4,0,Non-Incapacitating Injury,1717,1,0,2017,Thursday,Pedalcyclist,Driveway Access,30.36202476,Daylight,-97.70968247,One Motor Vehicle - Backing,One Vehicle Leaving Driveway,Entrance To Or Exit From Private Property Or Driveway,False,NONE,City Street,"Straight, Level",Main/Proper Lane,On Roadway,-1,PARKFIELD DR,8900,Dry,Bike Lane,Clear,Not Worn,-10876992.09813285,3550170.148629117
15866864,False,False,Austin Police Department,True,False,No,0,0,1,1,0,Non-Incapacitating Injury,1658,1,0,2017,Thursday,Pedalcyclist,Driveway Access,30.27342478,Daylight,-97.72193247,One Motor Vehicle - Turning Right,One Vehicle Entering Driveway,Entrance To Or Exit From Private Property Or Driveway,False,NONE,City Street,"Straight, Level",Other (Explain In Narrative),Off Roadway,5,E 12TH ST,1701,Dry,Other (Explain In Narrative),Clear,Not Worn,-10878355.761895066,3538744.6901060785
15857184,True,False,Austin Police Department,True,False,No,0,0,1,3,0,Non-Incapacitating Injury,1630,1,0,2017,Saturday,Pedalcyclist,Intersection Related,30.35659386,Daylight,-97.68909455,One Motor Vehicle - Going Straight,Not Applicable,Not Applicable,False,NONE,Interstate,"Straight, Level",Main/Proper Lane,On Roadway,25,IH0035,NO DATA,Dry,Stop Sign,Clear,Not Worn,-10874700.261361957,3549469.5065392326
15861367,False,False,Austin Police Department,False,False,No,0,0,1,1,0,Non-Incapacitating Injury,1803,1,0,2017,Wednesday,Pedalcyclist,Driveway Access,30.27156821,Daylight,-97.73696186,One Motor Vehicle - Turning Right,One Vehicle Entering Driveway,Entrance To Or Exit From Private Property Or Driveway,False,NONE,City Street,"Straight, Grade",Main/Proper Lane,Off Roadway,35,E 11TH ST,405,Dry,Bike Lane,Clear,"Worn, Not Damaged",-10880028.8259368,3538505.3855436356
15866527,False,False,Austin Police Department,False,False,No,0,0,0,0,1,Possible Injury,940,1,1,2017,Friday,Pedalcyclist,Driveway Access,30.24204869,Daylight,-97.73627288,One Motor Vehicle - Turning Right,One Vehicle Leaving Driveway,Entrance To Or Exit From Private Property Or Driveway,False,NONE,Interstate,"Straight, Level",Service/Frontage Road,On Roadway,-1,IH0035,NO DATA,Unknown,None,Clear,"Worn, Unk Damage",-10879952.129034033,3534701.0434667235
15866709,True,False,Austin Police Department,False,False,No,0,0,1,1,0,Non-Incapacitating Injury,955,1,0,2017,Saturday,Pedalcyclist,Non Intersection,30.23756273,Daylight,-97.72033475,One Motor Vehicle - Going Straight,Not Applicable,Not Applicable,False,NONE,City Street,"Straight, Level",Main/Proper Lane,On Roadway,40,S PLEASANT VALLEY RD,1568,Dry,None,Cloudy,Not Worn,-10878177.904518237,3534123.0133010326
15867064,False,False,Austin Police Department,False,False,No,0,0,1,0,0,Non-Incapacitating Injury,1800,1,1,2017,Saturday,Pedalcyclist,Non Intersection,30.23438698,Daylight,-97.7225175,One Motor Vehicle - Going Straight,Attention Diverted From Driving,Not Applicable,False,NONE,City Street,"Straight, Level",Other (Explain In Narrative),On Roadway,35,S PLEASANT VALLEY RD,NO DATA,Wet,None,Clear,Not Worn,-10878420.887136765,3533713.8237948236
15874475,False,False,Austin Police Department,False,False,No,0,0,1,1,0,Non-Incapacitating Injury,1002,1,0,2017,Thursday,Pedalcyclist,Non Intersection,30.27486246,Daylight,-97.74646539,One Motor Vehicle - Turning Left,Attention Diverted From Driving,Alley,False,NONE,Other Roads,"Straight, Level",Main/Proper Lane,On Roadway,30,NUECES ST,1153,Dry,Center Stripe/Divider,Clear,"Worn, Not Damaged",-10881086.75405714,3538930.0045066765
15890042,False,False,Austin Police Department,False,False,No,0,0,1,0,0,Non-Incapacitating Injury,700,1,1,2017,Sunday,Pedalcyclist,Non Intersection,30.25454163,Daylight,-97.74784113,One Motor Vehicle - Going Straight,Swerved Or Veered-Reason Not Specified,Not Applicable,False,NONE,City Street,"Straight, Level",Main/Proper Lane,Off Roadway,35,CONGRESS AVE S,804,Dry,None,Clear,"Worn, Damaged",-10881239.900733402,3536310.937461747
15892188,False,False,Austin Police Department,False,False,No,0,0,0,0,1,Possible Injury,700,1,1,2017,Wednesday,Pedalcyclist,Non Intersection,30.36126536,Daylight,-97.68613263,One Motor Vehicle - Going Straight,Attention Diverted From Driving,Not Applicable,False,NONE,Interstate,"Straight, Level",Service/Frontage Road,Off Roadway,50,IH0035,NO DATA,Dry,Marked Lanes,Clear,Unknown If Worn,-10874370.541935787,3550072.1758606005
15890352,True,False,Austin Police Department,False,False,No,0,0,1,1,0,Non-Incapacitating Injury,50,1,0,2017,Friday,Pedalcyclist,Non Intersection,30.25673478,"Dark, Lighted",-97.75102246,One Motor Vehicle - Going Straight,Not Applicable,Not Applicable,False,NONE,City Street,"Straight, Level",Main/Proper Lane,On Roadway,-1,S 1ST ST,614,Dry,None,Clear,"Worn, Damaged",-10881594.044769049,3536593.5773307476
15897786,True,False,Austin Police Department,True,False,No,0,0,1,1,0,Non-Incapacitating Injury,1710,1,0,2017,Tuesday,Pedalcyclist,Intersection,30.2978966,Daylight,-97.70889191,One Motor Vehicle - Turning Right,Not Applicable,Not Applicable,False,MAGNA ELECTROSHOCK BICYCLE,City Street,"Straight, Level",Main/Proper Lane,On Roadway,40,UNKNOWN,NO DATA,Dry,Marked Lanes,Clear,Not Worn,-10876904.093396207,3541899.434555062
15906059,False,False,Austin Police Department,False,False,No,0,1,0,1,0,Incapacitating Injury,1818,1,0,2017,Wednesday,Pedalcyclist,Driveway Access,30.18000264,Daylight,-97.77805612,One Motor Vehicle - Going Straight,One Vehicle Leaving Driveway,Entrance To Or Exit From Private Property Or Driveway,False,NONE,City Street,"Straight, Hillcrest",Service/Frontage Road,On Roadway,45,S I 35,7700,Dry,Center Stripe/Divider,Clear,Not Worn,-10884603.418034527,3526708.5519243446
15909240,False,False,"Department Of Public Safety, State Of Texas",True,False,No,0,0,1,1,0,Non-Incapacitating Injury,1440,1,0,2017,Saturday,Pedalcyclist,Intersection,30.27910478,Daylight,-97.74014246,One Motor Vehicle - Going Straight,Not Applicable,Not Applicable,False,NONE,City Street,"Straight, Level",Main/Proper Lane,On Roadway,-1,W 17TH ST,200,Dry,Crosswalk,Clear,Not Worn,-10880382.888709217,3539476.847849651
15908213,True,False,Austin Police Department,True,False,No,0,1,0,1,0,Incapacitating Injury,1034,1,0,2017,Tuesday,Pedalcyclist,Intersection Related,30.24477478,Daylight,-97.73052247,One Motor Vehicle - Going Straight,Attention Diverted From Driving,Not Applicable,False,NONE,City Street,"Straight, Level",Main/Proper Lane,On Roadway,45,E RIVERSIDE DR,NO DATA,Dry,Signal Light With Red Light Running Camera,Clear,Not Worn,-10879311.99632098,3535052.321693009
15908295,True,False,Austin Police Department,False,False,No,0,0,1,2,0,Non-Incapacitating Injury,1310,1,0,2017,Wednesday,Pedalcyclist,Non Intersection,30.28224478,Daylight,-97.74492246,One Motor Vehicle - Going Straight,Not Applicable,Not Applicable,False,NONE,City Street,"Curve, Level",Main/Proper Lane,On Roadway,-1,RIO GRANDE ST,1808,Dry,None,Clear,Unknown If Worn,-10880914.995875208,3539881.6152137397
15978679,True,False,Austin Police Department,False,False,No,0,0,1,1,0,Non-Incapacitating Injury,1806,1,0,2017,Wednesday,Pedalcyclist,Intersection,30.26604389,Daylight,-97.76878194,One Motor Vehicle - Turning Left,Not Applicable,Not Applicable,False,BICYCLE,City Street,"Straight, Level",Main/Proper Lane,On Roadway,5,BARTON SPRINGS RD,NO DATA,Dry,Bike Lane,Clear,"Worn, Damaged",-10883571.0210394,3537793.34921708
15908345,False,False,Austin Police Department,False,False,No,0,0,1,1,0,Non-Incapacitating Injury,857,1,0,2017,Thursday,Pedalcyclist,Driveway Access,30.302625,Daylight,-97.73822965,One Motor Vehicle - Turning Right,One Vehicle Entering Driveway,Entrance To Or Exit From Private Property Or Driveway,False,NONE,City Street,"Straight, Level",Main/Proper Lane,On Roadway,35,GUADALUPE ST,3774,Dry,None,Cloudy,Not Worn,-10880169.955674032,3542509.0792077524
15914295,False,False,Austin Police Department,False,False,No,0,0,1,1,0,Non-Incapacitating Injury,813,1,0,2017,Friday,Pedalcyclist,Non Intersection,30.29383431,Daylight,-97.73528702,One Motor Vehicle - Turning Left,One Vehicle Forward From Parking,Not Applicable,False,NONE,City Street,"Straight, Level",Main/Proper Lane,On Roadway,30,SPEEDWAY,3091,Dry,Center Stripe/Divider,Clear,"Worn, Not Damaged",-10879842.38360084,3541375.696637579
15917080,False,False,Austin Police Department,True,False,No,0,0,1,1,0,Non-Incapacitating Injury,1049,1,0,2017,Friday,Pedalcyclist,Intersection,30.15711407,Daylight,-97.83337637,One Motor Vehicle - Turning Right,Not Applicable,Not Applicable,False,NONE,Farm To Market,"Straight, Level",Main/Proper Lane,On Roadway,55,FM2304,11215,Dry,Signal Light,Clear,Not Worn,-10890761.640095083,3523761.421167502
15917083,False,False,Austin Police Department,True,False,No,0,0,0,0,1,Possible Injury,1635,1,1,2017,Friday,Pedalcyclist,Intersection,30.26593478,Daylight,-97.74624246,One Motor Vehicle - Turning Right,Not Applicable,Not Applicable,False,NONE,City Street,"Straight, Level",Main/Proper Lane,On Roadway,30,LAVACA ST,299,Dry,Signal Light,Clear,Not Worn,-10881061.937603056,3537779.2862998964
15917192,False,False,Austin Police Department,False,False,No,0,0,1,1,0,Non-Incapacitating Injury,1637,1,0,2017,Monday,Pedalcyclist,Driveway Access,30.18766033,Daylight,-97.81522601,One Motor Vehicle - Going Straight,One Vehicle Leaving Driveway,Entrance To Or Exit From Private Property Or Driveway,False,NONE,Farm To Market,"Straight, Level",Other (Explain In Narrative),On Roadway,35,FM2304,8436,Dry,None,Clear,Not Worn,-10888741.15126217,3527694.7084112405
15925318,False,False,Austin Police Department,False,False,No,0,0,1,1,0,Non-Incapacitating Injury,2005,1,0,2017,Monday,Pedalcyclist,Non Intersection,30.36265448,Daylight,-97.66859505,One Motor Vehicle - Going Straight,Not Applicable,Not Applicable,False,NONE,City Street,"Curve, Grade",Main/Proper Lane,On Roadway,55,DESSAU RD,NO DATA,Dry,None,Clear,"Worn, Unk Damage",-10872418.26746044,3550251.3915181253
15925381,False,False,Austin Police Department,True,False,No,0,0,1,1,0,Non-Incapacitating Injury,1940,1,0,2017,Friday,Pedalcyclist,Driveway Access,30.2472942,Daylight,-97.77523494,One Motor Vehicle - Turning Right,One Vehicle Entering Driveway,Entrance To Or Exit From Private Property Or Driveway,False,NONE,US & State Highways,"Straight, Hillcrest",Main/Proper Lane,Shoulder,35,SL0343,2299,Dry,Bike Lane,Clear,"Worn, Unk Damage",-10884289.36571349,3535376.9775225082
15925390,False,False,Austin Police Department,True,False,No,0,0,1,1,0,Non-Incapacitating Injury,1722,1,0,2017,Friday,Pedalcyclist,Intersection,30.28664478,Daylight,-97.74477246,One Motor Vehicle - Turning Left,Not Applicable,Not Applicable,False,NONE,City Street,"Straight, Level",Main/Proper Lane,On Roadway,-1,RIO GRANDE ST,2299,Dry,Bike Lane,Clear,"Worn, Not Damaged",-10880898.29795159,3540448.8269443046
15929475,True,False,Austin Police Department,False,False,No,0,0,1,1,0,Non-Incapacitating Injury,1600,1,0,2017,Friday,Pedalcyclist,Non Intersection,30.27701,Daylight,-97.74333809,One Motor Vehicle - Going Straight,Not Applicable,Alley,False,NONE,City Street,"Straight, Grade",Main/Proper Lane,On Roadway,-1,GUADALUPE ST,1408,Dry,Marked Lanes,Clear,Not Worn,-10880738.624613581,3539206.8236573995
15925457,False,False,Austin Police Department,False,False,No,0,0,1,1,0,Non-Incapacitating Injury,1609,1,0,2017,Saturday,Pedalcyclist,Non Intersection,30.26991478,Daylight,-97.74210246,One Motor Vehicle - Going Straight,Not Applicable,Not Applicable,False,NONE,City Street,"Straight, Grade",Main/Proper Lane,On Roadway,30,E 8TH ST,100,Dry,Marked Lanes,Clear,Not Worn,-10880601.074911172,3538292.268737582
15925505,False,False,Austin Police Department,True,False,No,0,0,0,2,1,Possible Injury,1749,1,0,2017,Sunday,Pedalcyclist,Intersection Related,30.26587478,Daylight,-97.73502247,One Motor Vehicle - Turning Left,Not Applicable,Not Applicable,False,NONE,City Street,"Straight, Grade",Service/Frontage Road,On Roadway,35,N INTERSTATE 35,NO DATA,Dry,Signal Light,Clear,"Worn, Not Damaged",-10879812.934029551,3537771.553055425
15925532,True,False,Austin Police Department,False,False,No,0,0,0,1,1,Possible Injury,1406,1,0,2017,Monday,Pedalcyclist,Driveway Access,30.2190533,Daylight,-97.76634037,One Motor Vehicle - Turning Right,One Vehicle Leaving Driveway,Entrance To Or Exit From Private Property Or Driveway,False,SHIMANO SCHWANN BICYCLE,City Street,"Straight, Level",Main/Proper Lane,On Roadway,35,S CONGRESS AVE,4300,Dry,Marked Lanes,Clear,Not Worn,-10883299.226710266,3531738.2934764023
15929491,False,False,Austin Police Department,True,False,No,0,0,1,1,0,Non-Incapacitating Injury,1814,1,0,2017,Monday,Pedalcyclist,Intersection Related,30.25603639,Daylight,-97.76151136,One Motor Vehicle - Turning Left,Attention Diverted From Driving,Not Applicable,False,NONE,US & State Highways,"Straight, Level",Main/Proper Lane,On Roadway,35,SL0343,1000,Dry,Signal Light,Clear,Not Worn,-10882761.66377603,3536503.572378937
15942370,False,False,Austin Police Department,False,False,No,0,0,1,1,0,Non-Incapacitating Injury,708,1,0,2017,Monday,Pedalcyclist,Driveway Access,30.40406182,Dawn,-97.71386982,One Motor Vehicle - Going Straight,One Vehicle Leaving Driveway,Entrance To Or Exit From Private Property Or Driveway,False,"FRONT WHEEL BENT - 24"" FELT BICYCLE",City Street,"Straight, Level",Main/Proper Lane,On Roadway,30,HOBBY HORSE CT,11909,Dry,Marked Lanes,Clear,"Worn, Not Damaged",-10877458.231802624,3555594.6796018295
15929681,False,False,Austin Police Department,True,False,No,0,0,1,1,0,Non-Incapacitating Injury,716,1,0,2017,Wednesday,Pedalcyclist,Intersection,30.30706606,Daylight,-97.7474973,One Motor Vehicle - Turning Left,Not Applicable,Not Applicable,False,NONE,City Street,"Straight, Grade",Main/Proper Lane,On Roadway,35,W 38TH ST,1400,Dry,Signal Light,Clear,Not Worn,-10881201.625752883,3543081.703160012
15940540,False,False,Austin Police Department,True,False,No,0,0,1,1,0,Non-Incapacitating Injury,1742,1,0,2017,Tuesday,Pedalcyclist,Intersection Related,30.27978478,Daylight,-97.72121247,One Motor Vehicle - Turning Right,Not Applicable,Not Applicable,False,NONE,City Street,"Straight, Level",Main/Proper Lane,On Roadway,30,E MARTIN LUTHER KING JR BLVD,1900,Dry,Signal Light,Clear,Unknown If Worn,-10878275.611861696,3539564.5033775177
15940542,False,False,Austin Police Department,False,False,No,0,0,0,1,1,Possible Injury,1836,1,0,2017,Tuesday,Pedalcyclist,Driveway Access,30.32065566,Daylight,-97.73923973,One Motor Vehicle - Going Straight,One Vehicle Leaving Driveway,Entrance To Or Exit From Private Property Or Driveway,False,NONE,City Street,"Straight, Level",Main/Proper Lane,Shoulder,40,BURNET RD,4943,Dry,Center Stripe/Divider,Clear,"Worn, Unk Damage",-10880282.397265293,3544834.088016615
15940545,False,False,Austin Police Department,True,False,No,0,0,0,1,1,Possible Injury,1959,1,0,2017,Tuesday,Pedalcyclist,Intersection,30.36295476,"Dark, Lighted",-97.78251245,One Motor Vehicle - Turning Left,Not Applicable,Not Applicable,False,NONE,City Street,"Curve, Grade",Main/Proper Lane,On Roadway,30,BACKTRAIL DR,5398,Dry,Stop Sign,Clear,"Worn, Not Damaged",-10885099.494420933,3550290.1321182298
15942444,True,False,Austin Police Department,True,False,No,0,0,1,1,0,Non-Incapacitating Injury,1855,1,0,2017,Thursday,Pedalcyclist,Intersection,30.25939478,Daylight,-97.72822247,One Motor Vehicle - Turning Left,Not Applicable,Not Applicable,False,BICYCLE DAMAGED,City Street,"Straight, Level",Main/Proper Lane,On Roadway,-1,COMAL ST,200,Dry,Stop Sign,Clear,Not Worn,-10879055.961492157,3536936.3904652856
15972270,True,False,Austin Police Department,True,False,No,0,0,1,0,0,Non-Incapacitating Injury,1911,1,1,2017,Thursday,Pedalcyclist,Intersection,30.26257478,Daylight,-97.73133247,One Motor Vehicle - Going Straight,Attention Diverted From Driving,Not Applicable,False,NONE,City Street,"Straight, Level",Main/Proper Lane,On Roadway,-1,WALLER ST,401,Dry,Stop Sign,Clear,Not Worn,-10879402.165108522,3537346.2318867473
16057733,False,False,Austin Police Department,True,False,No,0,0,1,1,0,Non-Incapacitating Injury,2243,1,0,2017,Thursday,Pedalcyclist,Intersection Related,30.26449154,"Dark, Lighted",-97.75711525,One Motor Vehicle - Turning Right,Not Applicable,Not Applicable,False,NONE,US & State Highways,"Straight, Level",Main/Proper Lane,On Roadway,35,SL0343,NO DATA,Dry,Signal Light,Clear,Unknown If Worn,-10882272.291049358,3537593.2721476564
15945888,False,False,Austin Police Department,True,False,No,0,0,1,1,0,Non-Incapacitating Injury,1259,1,0,2017,Friday,Pedalcyclist,Intersection Related,30.26984478,Daylight,-97.71802247,One Motor Vehicle - Turning Right,Not Applicable,Not Applicable,False,NONE,City Street,"Straight, Grade",Main/Proper Lane,On Roadway,30,ROSEWOOD AVE,2003,Dry,None,Clear,Not Worn,-10877920.502686065,3538283.2462537326
15945985,True,False,Austin Police Department,False,False,No,0,0,0,2,1,Possible Injury,2200,1,0,2017,Friday,Pedalcyclist,Driveway Access,30.26101156,"Dark, Lighted",-97.71366217,One Motor Vehicle - Turning Right,One Vehicle Entering Driveway,Entrance To Or Exit From Private Property Or Driveway,False,NONE,City Street,"Straight, Level",Other (Explain In Narrative),Off Roadway,-1,PEDERNALES ST,669,Dry,Marked Lanes,Clear,"Worn, Not Damaged",-10877435.11631036,3537144.7609494077
15972278,True,False,Austin Police Department,True,False,No,0,1,0,3,0,Incapacitating Injury,2353,1,0,2017,Friday,Pedalcyclist,Intersection,30.25715478,"Dark, Lighted",-97.74688246,One Motor Vehicle - Going Straight,Not Applicable,Not Applicable,False,NONE,City Street,"Straight, Level",Main/Proper Lane,On Roadway,45,W RIVERSIDE DR,100,Dry,Center Stripe/Divider,Clear,Not Worn,-10881133.182077164,3536647.705103164
15948412,False,False,Austin Police Department,False,False,No,0,0,1,3,0,Non-Incapacitating Injury,2300,1,0,2017,Saturday,Pedalcyclist,Non Intersection,30.26915485,"Dark, Lighted",-97.73619299,One Motor Vehicle - Going Straight,Vehicle Passing Or Attempting To Pass On Right,Not Applicable,False,NONE,City Street,"Straight, Level",Main/Proper Lane,On Roadway,30,RED RIVER ST,876,Dry,None,Clear,"Worn, Unk Damage",-10879943.235719914,3538194.3197081815
16022100,False,False,Austin Police Department,False,False,No,0,0,1,0,0,Non-Incapacitating Injury,1757,1,1,2017,Sunday,Pedalcyclist,Driveway Access,30.19700504,Daylight,-97.78776916,One Motor Vehicle - Turning Right,One Vehicle Entering Driveway,Entrance To Or Exit From Private Property Or Driveway,False,NONE,City Street,"Straight, Level",Main/Proper Lane,On Roadway,40,W WILLIAM CANNON DR,NO DATA,Dry,Marked Lanes,Clear,Not Worn,-10885684.66870138,3528898.2230274645
15948415,False,False,Austin Police Department,False,False,No,0,0,1,1,0,Non-Incapacitating Injury,1100,1,0,2017,Monday,Pedalcyclist,Non Intersection,30.30137419,Daylight,-97.73902785,One Motor Vehicle - Going Straight,Not Applicable,Not Applicable,False,BICYCLE,City Street,"Straight, Level",Main/Proper Lane,On Roadway,35,GUADALUPE ST,3505,Dry,None,Clear,Not Worn,-10880258.810891584,3542347.8062293036
15950309,False,False,Austin Police Department,True,False,No,0,0,1,1,0,Non-Incapacitating Injury,1831,1,0,2017,Wednesday,Pedalcyclist,Intersection,30.22714479,Daylight,-97.72181247,One Motor Vehicle - Turning Left,Not Applicable,Not Applicable,False,NONE,City Street,"Straight, Level",Main/Proper Lane,On Roadway,-1,WICKERSHAM LN,2331,Dry,Marked Lanes,Clear,Not Worn,-10878342.403556172,3532780.730464831
15950353,False,False,Austin Police Department,False,False,No,0,0,1,1,0,Non-Incapacitating Injury,1832,1,0,2017,Wednesday,Pedalcyclist,Non Intersection,30.36536898,Daylight,-97.71841074,One Motor Vehicle - Going Straight,Not Applicable,Not Applicable,False,NONE,City Street,"Straight, Level",Service/Frontage Road,On Roadway,-1,RESEARCH BLVD,NO DATA,Dry,Marked Lanes,Clear,Not Worn,-10877963.724704755,3550601.6068403483
15952092,True,False,Austin Police Department,True,False,No,0,0,1,0,0,Non-Incapacitating Injury,2052,1,0,2017,Wednesday,Pedalcyclist,Intersection,30.25524478,"Dark, Lighted",-97.71632247,One Motor Vehicle - Going Straight,Not Applicable,Not Applicable,False,STOP SIGN,City Street,"Straight, Level",Main/Proper Lane,On Roadway,-1,E 2ND ST,2498,Dry,Marked Lanes,Clear,Not Worn,-10877731.259551715,3536401.5544813476
15958583,False,False,Austin Police Department,True,False,No,0,0,1,2,0,Non-Incapacitating Injury,1638,1,0,2017,Monday,Pedalcyclist,Intersection,30.35619476,Daylight,-97.70755247,One Motor Vehicle - Turning Left,Attention Diverted From Driving,Not Applicable,False,NONE,City Street,"Straight, Level",Main/Proper Lane,On Roadway,-1,JAMESTOWN DR,8513,Dry,Stop Sign,Clear,Not Worn,-10876754.98761746,3549418.0200589956
15970538,False,False,Austin Police Department,True,False,No,0,0,0,3,1,Possible Injury,1141,1,0,2017,Monday,Pedalcyclist,Intersection,30.26623478,Daylight,-97.74733246,One Motor Vehicle - Turning Right,Not Applicable,Not Applicable,False,NONE,City Street,"Straight, Level",Main/Proper Lane,On Roadway,30,W 3RD ST,400,Dry,Signal Light,Clear,"Worn, Damaged",-10881183.27584802,3537817.9525931426
15972374,False,False,Austin Police Department,False,False,No,0,0,1,1,0,Non-Incapacitating Injury,1225,1,0,2017,Wednesday,Pedalcyclist,Driveway Access,30.24758953,Daylight,-97.77309223,One Motor Vehicle - Turning Right,One Vehicle Entering Driveway,Entrance To Or Exit From Private Property Or Driveway,False,NONE,US & State Highways,"Straight, Level",Main/Proper Lane,Off Roadway,35,SL0343,2204,Dry,Bike Lane,Clear,Not Worn,-10884050.840327373,3535415.03468623
15972381,False,False,Austin Police Department,True,False,No,0,1,0,0,0,Incapacitating Injury,1646,1,0,2017,Wednesday,Pedalcyclist,Intersection Related,30.27538478,Daylight,-97.74627246,One Motor Vehicle - Turning Left,Not Applicable,Not Applicable,False,NONE,City Street,"Straight, Level",Main/Proper Lane,On Roadway,-1,NUECES ST,1199,Dry,Signal Light,Clear,"Worn, Damaged",-10881065.27718778,3538997.331299969
15969788,False,False,Austin Police Department,False,False,No,0,0,1,0,0,Non-Incapacitating Injury,21,1,1,2017,Saturday,Pedalcyclist,Non Intersection,30.3119334,"Dark, Not Lighted",-97.70931913,One Motor Vehicle - Going Straight,Attention Diverted From Driving,Not Applicable,False,NONE,City Street,"Straight, Level",Service/Frontage Road,On Roadway,-1,N I 35,NO DATA,Dry,None,Clear,Not Worn,-10876951.651309064,3543709.320847874
15978737,True,False,Austin Police Department,False,False,No,0,2,1,1,0,Incapacitating Injury,257,3,0,2017,Sunday,Pedalcyclist,Non Intersection,30.26385857,"Dark, Lighted",-97.7443447,One Motor Vehicle - Going Straight,Not Applicable,Not Applicable,False,NONE,City Street,"Straight, Level",Main/Proper Lane,On Roadway,35,CONGRESS AVE,88,Dry,None,Clear,Not Worn,-10880850.679926207,3537511.6917222794
15978737,True,False,Austin Police Department,False,False,No,0,2,1,1,0,Incapacitating Injury,257,3,0,2017,Sunday,Pedalcyclist,Non Intersection,30.26385857,"Dark, Lighted",-97.7443447,One Motor Vehicle - Going Straight,Not Applicable,Not Applicable,False,NONE,City Street,"Straight, Level",Main/Proper Lane,On Roadway,35,CONGRESS AVE,88,Dry,None,Clear,Not Worn,-10880850.679926207,3537511.6917222794
15978737,True,False,Austin Police Department,False,False,No,0,2,1,1,0,Incapacitating Injury,257,3,0,2017,Sunday,Pedalcyclist,Non Intersection,30.26385857,"Dark, Lighted",-97.7443447,One Motor Vehicle - Going Straight,Not Applicable,Not Applicable,False,NONE,City Street,"Straight, Level",Main/Proper Lane,On Roadway,35,CONGRESS AVE,88,Dry,None,Clear,Not Worn,-10880850.679926207,3537511.6917222794
15982385,False,False,Austin Police Department,True,False,No,0,0,0,1,1,Possible Injury,1142,1,0,2017,Friday,Pedalcyclist,Intersection,30.28063478,Daylight,-97.74551246,One Motor Vehicle - Turning Left,Not Applicable,Not Applicable,False,NONE,City Street,"Straight, Level",Main/Proper Lane,On Roadway,35,RIO GRANDE ST,1699,Dry,None,Clear,"Worn, Unk Damage",-10880980.674374778,3539674.073641539
15986973,False,False,Austin Police Department,False,False,No,1,0,0,1,0,Killed,228,0,0,2017,Friday,Pedalcyclist,Non Intersection,30.26885907,"Dark, Lighted",-97.74922591,One Motor Vehicle - Going Straight,Not Applicable,Not Applicable,False,NONE,City Street,"Straight, Level",Main/Proper Lane,On Roadway,30,W 5TH ST,644,Dry,None,Clear,Not Worn,-10881394.053737864,3538156.1961860936
15987039,True,False,Austin Police Department,False,False,No,0,0,1,1,0,Non-Incapacitating Injury,1645,1,0,2017,Tuesday,Pedalcyclist,Non Intersection,30.32188004,Daylight,-97.6891187,One Motor Vehicle - Going Straight,Attention Diverted From Driving,Not Applicable,False,NONE,City Street,"Straight, Level",Main/Proper Lane,On Roadway,30,BERKMAN DR,NO DATA,Wet,Yield Sign,Rain,Not Worn,-10874702.949727658,3544991.98428777