Crash ID,$1000 Damage to Any One Person's Property,Active School Zone Flag,Agency,At Intersection Flag,Construction Zone Flag,Construction Zone Workers Present Flag,Crash Death Count,Crash Incapacitating Injury Count,Crash Non-incapacitating Injury Count,Crash Not Injured Count,Crash Possible Injury Count,Crash Severity,Crash Time,Crash Total Injury Count,Crash Unknown Injury Count,Crash Year,Day of Week,First Harmful Event,Intersection Related,Latitude,Light Condition,Longitude,Manner of Collision,Other Factor,Physical Feature 1,Private Drive Flag,Property Damages,Road Class,Roadway Alignment,Roadway Part,Roadway Relation,Speed Limit,Street Name,Street Number,Surface Condition,Traffic Control Type,Weather Condition,Person Helmet,MercatorX,MercatorY
15996164,False,False,Austin Police Department,True,False,No,0,0,0,0,1,Possible Injury,1444,1,0,2017,Tuesday,Pedalcyclist,Intersection Related,30.21401479,"Dark, Lighted",-97.80016245,One Motor Vehicle - Going Straight,Not Applicable,Not Applicable,False,NONE,City Street,"Straight, Level",Main/Proper Lane,On Roadway,35,MANCHACA RD,5607,Wet,Other (Explain In Narrative),Rain,Unknown If Worn,-10887064.283433435,3531089.219121304
16009469,False,False,Austin Police Department,False,False,No,0,0,0,2,0,Not Injured,936,0,0,2017,Tuesday,Pedalcyclist,Non Intersection,30.25796584,Daylight,-97.75967589,One Motor Vehicle - Going Straight,Not Applicable,Not Applicable,False,NONE,US & State Highways,"Straight, Level",Main/Proper Lane,On Roadway,35,SL0343,757,Dry,Marked Lanes,Cloudy,Not Worn,-10882557.340190263,3536752.2316417913
15996210,False,False,Austin Police Department,True,True,No,0,0,1,5,0,Non-Incapacitating Injury,2002,1,0,2017,Wednesday,Pedalcyclist,Intersection,30.23567478,"Dark, Lighted",-97.74041247,One Motor Vehicle - Going Straight,Construction - Within Posted Road Construction Zone (Not Related To Crash),Not Applicable,False,NONE,Interstate,"Straight, Level",Service/Frontage Road,On Roadway,-1,S I 35,2200,Wet,Signal Light,Rain,Not Worn,-10880412.946084926,3533879.7528465064
16009470,False,False,Austin Police Department,False,False,No,0,1,0,1,0,Incapacitating Injury,1518,1,0,2017,Wednesday,Pedalcyclist,Non Intersection,30.22273968,Daylight,-97.68126452,One Motor Vehicle - Going Straight,Attention Diverted From Driving,Not Applicable,False,NONE,US & State Highways,"Straight, Level",Service/Frontage Road,On Roadway,-1,SH0071,NO DATA,Dry,Marked Lanes,Clear,Not Worn,-10873828.62640946,3532213.2038832814
16002840,True,False,Austin Police Department,False,False,No,0,1,0,4,0,Incapacitating Injury,1434,1,0,2017,Thursday,Pedalcyclist,Driveway Access,30.42163587,Daylight,-97.67205841,One Motor Vehicle - Going Straight,Not Applicable,Entrance To Or Exit From Private Property Or Driveway,False,NONE,Interstate,"Straight, Level",Service/Frontage Road,On Roadway,45,IH0035,NO DATA,Dry,Marked Lanes,Clear,"Worn, Damaged",-10872803.806932075,3557863.155866994
16015419,False,False,Austin Police Department,True,True,No,0,0,1,1,0,Non-Incapacitating Injury,2229,1,0,2017,Friday,Pedalcyclist,Intersection,30.2618442,"Dark, Lighted",-97.73886871,One Motor Vehicle - Turning Right,Construction - Within Posted Road Construction Zone (Not Related To Crash),Not Applicable,False,NONE,US & State Highways,"Straight, Grade",Main/Proper Lane,On Roadway,-1,SL0343,598,Dry,Signal Light,Clear,Not Worn,-10880241.09550782,3537252.072867916
16011469,False,False,Austin Police Department,True,False,No,0,0,0,3,0,Not Injured,954,0,0,2017,Sunday,Pedalcyclist,Intersection Related,30.22196479,Daylight,-97.76455246,One Motor Vehicle - Turning Right,Attention Diverted From Driving,Not Applicable,False,NONE,US & State Highways,"Straight, Level",Main/Proper Lane,On Roadway,35,S CONGRESS AVE,4100,Dry,Crosswalk,Clear,Not Worn,-10883100.19747948,3532113.374573304
16000584,False,False,Austin Police Department,True,False,No,0,0,0,1,1,Possible Injury,1700,1,0,2017,Monday,Pedalcyclist,Intersection,30.28520478,Daylight,-97.74492246,One Motor Vehicle - Backing,Not Applicable,Not Applicable,False,NONE,City Street,"Straight, Level",Main/Proper Lane,On Roadway,-1,W 22ND ST,700,Dry,Center Stripe/Divider,Clear,Not Worn,-10880914.995875208,3540263.191214006
16005223,True,False,Austin Police Department,False,False,No,0,0,1,1,0,Non-Incapacitating Injury,1955,1,0,2017,Wednesday,Pedalcyclist,Driveway Access,30.20854407,"Dark, Lighted",-97.8191143,One Motor Vehicle - Turning Right,One Vehicle Entering Driveway,Entrance To Or Exit From Private Property Or Driveway,False,NONE,City Street,"Straight, Hillcrest",Main/Proper Lane,Off Roadway,45,W WILLIAM CANNON DR,NO DATA,Dry,None,Clear,"Worn, Unk Damage",-10889173.993725024,3530384.503953524
16011473,False,False,Austin Police Department,False,False,No,0,0,0,2,0,Not Injured,749,0,1,2017,Wednesday,Pedalcyclist,Driveway Access,30.21388447,Dawn,-97.80044147,One Motor Vehicle - Turning Right,One Vehicle Entering Driveway,Entrance To Or Exit From Private Property Or Driveway,False,NONE,City Street,"Straight, Level",Main/Proper Lane,Off Roadway,20,MANCHACA RD,5719,Dry,None,Clear,Not Worn,-10887095.343797754,3531072.4313908154
16015586,False,False,Austin Police Department,True,False,No,0,0,1,0,0,Non-Incapacitating Injury,2040,1,1,2017,Wednesday,Pedalcyclist,Intersection Related,30.23230479,"Dark, Lighted",-97.72039247,One Motor Vehicle - Turning Right,Attention Diverted From Driving,Not Applicable,False,NONE,City Street,"Straight, Level",Main/Proper Lane,On Roadway,35,WICKERSHAM LN,2001,Dry,Signal Light,Clear,"Worn, Not Damaged",-10878184.329879245,3533445.544643969
16026953,True,False,Austin Police Department,False,False,No,0,0,1,1,0,Non-Incapacitating Injury,811,1,0,2017,Wednesday,Pedalcyclist,Driveway Access,30.2396791,Daylight,-97.74755322,One Motor Vehicle - Turning Right,One Vehicle Entering Driveway,Entrance To Or Exit From Private Property Or Driveway,False,NONE,City Street,"Curve, Grade",Main/Proper Lane,Off Roadway,35,LIVE OAK ST E,720,Dry,Marked Lanes,Clear,"Worn, Not Damaged",-10881207.850738809,3534395.7109967917
16037013,False,False,Austin Police Department,True,False,No,0,0,1,2,0,Non-Incapacitating Injury,808,1,0,2017,Wednesday,Pedalcyclist,Intersection,30.26742478,Daylight,-97.69435248,One Motor Vehicle - Turning Right,Attention Diverted From Driving,Not Applicable,False,NONE,City Street,"Straight, Level",Main/Proper Lane,On Roadway,20,SPRINGDALE RD,1017,Wet,Bike Lane,Cloudy,Not Worn,-10875285.571452184,3537971.3300535055
16009543,True,False,Austin Police Department,True,False,No,0,1,0,1,0,Incapacitating Injury,2127,1,0,2017,Friday,Pedalcyclist,Non Intersection,30.25436338,"Dark, Lighted",-97.75252266,One Motor Vehicle - Going Straight,Not Applicable,Not Applicable,False,NONE,City Street,"Straight, Grade",Main/Proper Lane,On Roadway,35,S 1ST ST,917,Dry,Center Stripe/Divider,Clear,Not Worn,-10881761.046269136,3536287.9659602535
16015427,True,False,Austin Police Department,True,False,No,0,0,1,1,0,Non-Incapacitating Injury,2200,1,0,2017,Saturday,Pedalcyclist,Intersection Related,30.23159479,"Dark, Lighted",-97.71753247,One Motor Vehicle - Going Straight,Not Applicable,Not Applicable,False,BICYCLE,City Street,"Straight, Grade",Main/Proper Lane,On Roadway,-1,E RIVERSIDE DR,NO DATA,Dry,Crosswalk,Clear,Unknown If Worn,-10877865.956135575,3533354.066204305
16026958,False,False,Austin Police Department,False,False,No,0,0,1,1,0,Non-Incapacitating Injury,1733,1,0,2017,Monday,Pedalcyclist,Non Intersection,30.30704085,Daylight,-97.69694833,One Motor Vehicle - Going Straight,Not Applicable,Not Applicable,False,NONE,City Street,"Straight, Level",Main/Proper Lane,On Roadway,30,WESTMOOR DR,1694,Dry,None,Clear,"Worn, Unk Damage",-10875574.540152358,3543078.452545297
16015943,False,False,Austin Police Department,False,False,No,0,0,1,1,0,Non-Incapacitating Injury,1511,1,0,2017,Wednesday,Pedalcyclist,Non Intersection,30.20736173,Daylight,-97.83780297,One Motor Vehicle - Going Straight,Attention Diverted From Driving,Not Applicable,False,NONE,City Street,"Straight, Level",Main/Proper Lane,On Roadway,30,CROFTWOOD DR,7725,Dry,Other (Explain In Narrative),Clear,"Worn, Damaged",-10891254.40695303,3530232.205030276
16028889,False,False,Austin Police Department,True,False,No,0,0,0,2,0,Not Injured,813,0,0,2017,Thursday,Pedalcyclist,Intersection,30.35333854,Daylight,-97.70561214,One Motor Vehicle - Turning Left,Not Applicable,Not Applicable,False,NONE,US & State Highways,"Straight, Level",Main/Proper Lane,On Roadway,40,SL0275,8417,Dry,Crosswalk,Clear,Not Worn,-10876538.991069887,3549049.5553433727
16027051,False,False,Austin Police Department,False,False,No,0,0,1,1,0,Non-Incapacitating Injury,1750,1,0,2017,Monday,Pedalcyclist,Driveway Access,30.29591212,Daylight,-97.74248572,One Motor Vehicle - Turning Right,One Vehicle Entering Driveway,Entrance To Or Exit From Private Property Or Driveway,False,NONE,City Street,"Straight, Level",Main/Proper Lane,Off Roadway,35,GUADALUPE ST,2915,Dry,Bike Lane,Clear,"Worn, Unk Damage",-10880643.739219215,3541643.579253434
16027089,False,False,Austin Police Department,True,False,No,0,0,1,1,0,Non-Incapacitating Injury,811,1,0,2017,Tuesday,Pedalcyclist,Intersection,30.28352478,Daylight,-97.76034246,One Motor Vehicle - Turning Left,Not Applicable,Not Applicable,False,NONE,City Street,"Straight, Level",Main/Proper Lane,On Roadway,-1,ENFIELD RD,1700,Dry,Marked Lanes,Clear,Unknown If Worn,-10882631.54242324,3540046.619639004
16028945,True,False,Austin Police Department,True,False,No,0,0,1,1,0,Non-Incapacitating Injury,1829,1,0,2017,Tuesday,Pedalcyclist,Intersection,30.28043478,Dusk,-97.71727247,One Motor Vehicle - Turning Left,Not Applicable,Not Applicable,False,NONE,City Street,"Straight, Grade",Main/Proper Lane,On Roadway,-1,CHESTNUT AVE,1901,Dry,Marked Lanes,Clear,"Worn, Not Damaged",-10877837.01306797,3539648.2923175585
16027144,True,False,Austin Police Department,False,False,No,0,0,1,1,0,Non-Incapacitating Injury,753,1,0,2017,Wednesday,Pedalcyclist,Driveway Access,30.23561466,Daylight,-97.75626763,One Motor Vehicle - Turning Left,One Vehicle Entering Driveway,Entrance To Or Exit From Private Property Or Driveway,False,NONE,City Street,"Straight, Level",Main/Proper Lane,On Roadway,-1,CONGRESS AVE S,2687,Dry,Bike Lane,Clear,"Worn, Damaged",-10882177.934422571,3533872.006521861
16065877,True,False,Austin Police Department,False,False,No,0,0,0,2,0,Not Injured,1715,0,0,2017,Wednesday,Pedalcyclist,Driveway Access,30.24075473,Daylight,-97.75269247,One Motor Vehicle - Turning Left,One Vehicle Entering Driveway,Entrance To Or Exit From Private Property Or Driveway,False,NONE,City Street,"Straight, Level",Main/Proper Lane,Off Roadway,35,CONGRESS AVE S,2300,Dry,None,Clear,"Worn, Not Damaged",-10881779.949431868,3534534.309911653
16042650,False,False,Austin Police Department,False,False,No,0,0,1,2,0,Non-Incapacitating Injury,1525,1,0,2017,Tuesday,Pedalcyclist,Non Intersection,30.28782184,Daylight,-97.74157246,One Motor Vehicle - Going Straight,Not Applicable,Not Applicable,False,NONE,City Street,"Straight, Level",Main/Proper Lane,On Roadway,30,GUADALUPE ST,2403,Dry,Marked Lanes,Clear,"Worn, Unk Damage",-10880542.075581051,3540600.5681298715
16047681,False,False,University Of Texas At Austin Police Department,False,False,No,0,0,1,1,0,Non-Incapacitating Injury,114,1,0,2017,Wednesday,Pedalcyclist,Non Intersection,30.28357478,"Dark, Lighted",-97.73899246,One Motor Vehicle - Turning Left,Attention Diverted From Driving,Not Applicable,False,NONE,City Street,"Straight, Grade",Main/Proper Lane,On Roadway,15,W 21ST ST,100,Dry,None,Clear,Not Worn,-10880254.871294806,3540053.0651680515
16044942,False,False,Austin Police Department,True,False,No,0,0,1,1,0,Non-Incapacitating Injury,1611,1,0,2017,Thursday,Pedalcyclist,Intersection Related,30.28090478,Daylight,-97.74305246,One Motor Vehicle - Going Straight,Not Applicable,Not Applicable,False,NONE,City Street,"Straight, Level",Main/Proper Lane,On Roadway,-1,SAN ANTONIO ST,1800,Dry,Stop Sign,Clear,Not Worn,-10880706.828427427,3539708.878512267
16052898,False,False,Austin Police Department,False,False,No,0,0,0,2,0,Not Injured,2120,0,0,2017,Thursday,Pedalcyclist,Non Intersection,30.27306612,"Dark, Not Lighted",-97.74603787,One Motor Vehicle - Turning Left,Not Applicable,Parking Area Within Right Of Way,False,NONE,City Street,"Straight, Hillcrest",Main/Proper Lane,On Roadway,25,W 10TH ST,507,Dry,None,Clear,"Worn, Not Damaged",-10881039.162748436,3538698.459891621
16052916,False,False,Austin Police Department,True,False,No,0,0,1,1,0,Non-Incapacitating Injury,953,1,0,2017,Friday,Pedalcyclist,Intersection Related,30.25954478,Daylight,-97.75347246,One Motor Vehicle - Turning Right,Not Applicable,Not Applicable,False,NONE,City Street,"Straight, Level",Main/Proper Lane,On Roadway,35,BARTON SPRINGS RD,NO DATA,Dry,Crosswalk,Clear,Not Worn,-10881866.777521491,3536955.722309573
16053317,False,False,Austin Police Department,True,False,No,0,0,1,1,0,Non-Incapacitating Injury,2010,1,0,2017,Sunday,Pedalcyclist,Intersection Related,30.22466479,"Dark, Not Lighted",-97.80447245,One Motor Vehicle - Turning Right,Not Applicable,Not Applicable,False,NONE,City Street,"Straight, Grade",Main/Proper Lane,On Roadway,35,WEST GATE BLVD,5205,Dry,None,Clear,Not Worn,-10887544.070438756,3532461.2197834337
16053324,False,False,Austin Police Department,True,False,No,0,0,1,0,0,Non-Incapacitating Injury,1712,1,1,2017,Sunday,Pedalcyclist,Intersection Related,30.31353477,Daylight,-97.76714245,One Motor Vehicle - Turning Left,Vision Obstructed By Headlight Or Sun Glare,Not Applicable,False,NONE,City Street,"Straight, Level",Main/Proper Lane,On Roadway,-1,W 35TH ST,3100,Dry,Center Stripe/Divider,Clear,"Worn, Unk Damage",-10883388.51384744,3543915.815833841
16051566,True,False,Austin Police Department,True,False,No,0,0,1,1,0,Non-Incapacitating Injury,832,1,0,2017,Tuesday,Pedalcyclist,Intersection,30.35247476,Daylight,-97.72321246,One Motor Vehicle - Going Straight,Not Applicable,Not Applicable,False,NONE,City Street,"Straight, Level",Main/Proper Lane,On Roadway,35,W ANDERSON LN,1700,Dry,Bike Lane,Clear,"Worn, Not Damaged",-10878498.249730088,3548938.126111229
16054176,True,False,Austin Police Department,False,False,No,0,1,0,1,0,Incapacitating Injury,2036,1,0,2017,Tuesday,Pedalcyclist,Non Intersection,30.24271508,"Dark, Lighted",-97.71707976,One Motor Vehicle - Going Straight,Attention Diverted From Driving,Not Applicable,False,NONE,City Street,"Straight, Level",Main/Proper Lane,On Roadway,40,S PLEASANT VALLEY RD,978,Wet,None,Rain,Not Worn,-10877815.5606889,3534786.912181297
16065339,True,False,Austin Police Department,False,False,No,0,0,1,0,0,Non-Incapacitating Injury,1552,1,1,2017,Friday,Pedalcyclist,Driveway Access,30.39431231,Daylight,-97.72073535,One Motor Vehicle - Turning Right,One Vehicle Leaving Driveway,Entrance To Or Exit From Private Property Or Driveway,False,NONE,Farm To Market,"Straight, Level",Main/Proper Lane,On Roadway,-1,FM1325,10914,Dry,Marked Lanes,Clear,Not Worn,-10878222.499106249,3554336.379014376
16068871,True,False,Austin Police Department,True,False,No,0,0,1,2,0,Non-Incapacitating Injury,2005,1,0,2017,Friday,Pedalcyclist,Intersection,30.24843037,"Dark, Lighted",-97.76999729,One Motor Vehicle - Turning Left,Not Applicable,Not Applicable,False,NONE,US & State Highways,"Straight, Level",Main/Proper Lane,On Roadway,40,SL0343,2057,Dry,Signal Light,Clear,Not Worn,-10883706.313182538,3535523.3886311715
16065689,False,False,Austin Police Department,False,False,No,0,0,1,0,0,Non-Incapacitating Injury,2325,1,1,2017,Sunday,Pedalcyclist,Driveway Access,30.22428479,"Dark, Lighted",-97.76311246,One Motor Vehicle - Turning Left,One Vehicle Leaving Driveway,Entrance To Or Exit From Private Property Or Driveway,False,NONE,City Street,"Straight, Level",Main/Proper Lane,On Roadway,35,S CONGRESS AVE,3900,Dry,Marked Lanes,Clear,Not Worn,-10882939.897412738,3532412.2632134813
16065704,False,False,Austin Police Department,False,False,No,0,0,1,1,0,Non-Incapacitating Injury,1136,1,0,2017,Monday,Pedalcyclist,Non Intersection,30.25377808,Daylight,-97.76289914,One Motor Vehicle - Going Straight,Not Applicable,Not Applicable,False,NONE,US & State Highways,"Straight, Grade",Main/Proper Lane,On Roadway,35,SL0343,1284,Dry,Marked Lanes,Clear,Not Worn,-10882916.150738962,3536212.5372501872
16065751,True,False,Austin Police Department,False,False,No,0,0,0,1,1,Possible Injury,2213,1,0,2017,Monday,Pedalcyclist,Driveway Access,30.25584824,"Dark, Lighted",-97.74736199,One Motor Vehicle - Turning Left,One Vehicle Entering Driveway,Entrance To Or Exit From Private Property Or Driveway,False,NONE,City Street,"Straight, Grade",Main/Proper Lane,On Roadway,30,CONGRESS AVE S,599,Dry,None,Clear,Not Worn,-10881186.563112585,3536479.3246731292
16068932,False,False,Austin Police Department,True,False,No,0,0,0,2,0,Not Injured,1443,0,0,2017,Tuesday,Pedalcyclist,Intersection Related,30.31726477,Daylight,-97.69963247,One Motor Vehicle - Going Straight,Not Applicable,Not Applicable,False,NONE,City Street,"Straight, Level",Main/Proper Lane,On Roadway,35,CAMERON RD,5999,Dry,Signal Light,Clear,Not Worn,-10875873.337250376,3544396.8085151566
16078066,False,False,Austin Police Department,True,False,No,0,0,1,1,0,Non-Incapacitating Injury,1827,1,0,2017,Friday,Pedalcyclist,Intersection Related,30.22944479,"Dark, Lighted",-97.71265247,One Motor Vehicle - Turning Right,Not Applicable,Not Applicable,False,NONE,City Street,"Straight, Level",Main/Proper Lane,On Roadway,30,FARO DR,2001,Dry,Signal Light,Clear,Not Worn,-10877322.717020504,3533077.0580567415
16083484,False,False,Austin Police Department,False,False,No,0,0,1,1,0,Non-Incapacitating Injury,1801,1,0,2017,Monday,Pedalcyclist,Driveway Access,30.26436445,"Dark, Lighted",-97.69633174,One Motor Vehicle - Turning Left,One Vehicle Entering Driveway,Entrance To Or Exit From Private Property Or Driveway,False,NONE,City Street,"Straight, Level",Main/Proper Lane,On Roadway,45,SPRINGDALE RD,961,Dry,None,Clear,Not Worn,-10875505.90166753,3537576.892093358
16086848,True,False,Austin Police Department,False,False,No,0,0,0,1,1,Possible Injury,2106,1,0,2017,Tuesday,Pedalcyclist,Non Intersection,30.26301215,"Dark, Lighted",-97.72645465,One Motor Vehicle - Going Straight,Attention Diverted From Driving,Not Applicable,False,NONE,City Street,"Straight, Level",Main/Proper Lane,On Roadway,-1,E 6TH ST,1603,Dry,Marked Lanes,Clear,Not Worn,-10878859.168669943,3537402.6015861323
16094350,False,False,Austin Police Department,True,False,No,0,0,1,2,0,Non-Incapacitating Injury,1706,1,0,2017,Tuesday,Pedalcyclist,Intersection Related,30.19517479,Daylight,-97.75550246,One Motor Vehicle - Going Straight,Attention Diverted From Driving,Not Applicable,False,NONE,City Street,"Straight, Level",Main/Proper Lane,On Roadway,30,LEMON DR,2198,Dry,Crosswalk,Clear,Not Worn,-10882092.756087802,3528662.494291706
16084481,True,False,Austin Police Department,False,False,No,0,0,1,1,0,Non-Incapacitating Injury,755,1,0,2017,Wednesday,Pedalcyclist,Driveway Access,30.25650204,Daylight,-97.74712414,One Motor Vehicle - Turning Right,One Vehicle Entering Driveway,Entrance To Or Exit From Private Property Or Driveway,False,NONE,City Street,"Straight, Grade",Main/Proper Lane,On Roadway,-1,CONGRESS AVE S,510,Dry,Marked Lanes,Cloudy,"Worn, Unk Damage",-10881160.085771699,3536563.5829119575
16094027,False,False,Austin Police Department,True,False,No,0,0,0,0,1,Possible Injury,1756,1,1,2017,Friday,Pedalcyclist,Intersection,30.25271478,Dusk,-97.69987247,One Motor Vehicle - Turning Right,Not Applicable,Not Applicable,False,BICYCLE,City Street,"Straight, Level",Main/Proper Lane,On Roadway,35,E 5TH ST,4998,Dry,None,Clear,Not Worn,-10875900.053928167,3536075.508932394
16094097,False,False,Austin Police Department,True,False,No,0,0,1,0,0,Non-Incapacitating Injury,1810,1,1,2017,Sunday,Pedalcyclist,Intersection,30.26032478,"Dark, Lighted",-97.75569246,One Motor Vehicle - Turning Left,Not Applicable,Not Applicable,False,NONE,City Street,"Straight, Level",Main/Proper Lane,On Roadway,30,DAWSON RD,499,Dry,Signal Light,Clear,Not Worn,-10882113.906791054,3537056.2483758503
16106216,False,False,Austin Police Department,True,False,No,0,0,1,0,0,Non-Incapacitating Injury,2038,1,1,2017,Tuesday,Pedalcyclist,Intersection Related,30.36109981,"Dark, Lighted",-97.69810232,One Motor Vehicle - Going Straight,Attention Diverted From Driving,Not Applicable,False,NONE,US & State Highways,"Straight, Level",Main/Proper Lane,On Roadway,-1,SL0275,794,Dry,Stop Sign,Clear,Not Worn,-10875703.00173154,3550050.81779484
16106402,False,False,Austin Police Department,True,False,No,0,0,0,0,1,Possible Injury,1935,1,1,2017,Friday,Pedalcyclist,Intersection,30.23125479,"Dark, Not Lighted",-97.72531247,One Motor Vehicle - Turning Right,Not Applicable,Not Applicable,False,BLUE BICYCLE,City Street,"Straight, Level",Main/Proper Lane,On Roadway,-1,S PLEASANT VALLEY RD,2211,Dry,None,Clear,Not Worn,-10878732.02177395,3533310.2598614823
16111494,True,False,Austin Police Department,True,False,No,0,0,1,1,0,Non-Incapacitating Injury,1039,1,0,2017,Friday,Pedalcyclist,Intersection Related,30.24796478,Daylight,-97.75027246,One Motor Vehicle - Turning Left,Not Applicable,Not Applicable,False,NONE,City Street,"Straight, Level",Main/Proper Lane,On Roadway,35,CONGRESS AVE S,1599,Dry,Signal Light,Clear,"Worn, Not Damaged",-10881510.555150954,3535463.390760517
16111500,False,False,Austin Police Department,True,False,No,0,0,1,0,0,Non-Incapacitating Injury,2028,1,1,2017,Saturday,Pedalcyclist,Intersection,30.27309624,"Dark, Lighted",-97.72380647,One Motor Vehicle - Going Straight,Not Applicable,Not Applicable,False,NONE,City Street,"Straight, Level",Main/Proper Lane,On Roadway,35,COMAL ST,1199,Dry,Crosswalk,Clear,Not Worn,-10878564.374620814,3538702.342264144
16111839,True,False,Austin Police Department,True,False,No,0,0,1,1,0,Non-Incapacitating Injury,653,1,0,2017,Tuesday,Pedalcyclist,Intersection,30.41724475,"Dark, Lighted",-97.75004245,One Motor Vehicle - Turning Left,Attention Diverted From Driving,Not Applicable,False,NONE,City Street,"Straight, Level",Main/Proper Lane,On Roadway,40,JOLLYVILLE RD,11615,Dry,Signal Light,Clear,"Worn, Damaged",-10881484.950554874,3557296.3073475966
16115971,True,False,Austin Police Department,True,False,No,0,1,0,1,0,Incapacitating Injury,748,1,0,2017,Thursday,Pedalcyclist,Intersection Related,30.24247478,Daylight,-97.71723247,One Motor Vehicle - Going Straight,Not Applicable,Not Applicable,False,NONE,City Street,"Straight, Level",Main/Proper Lane,On Roadway,35,S PLEASANT VALLEY RD,1009,Dry,Signal Light,Clear,Not Worn,-10877832.560288338,3534755.9478858495
16142780,True,False,Austin Police Department,True,False,No,0,0,0,1,1,Possible Injury,1732,1,0,2017,Thursday,Pedalcyclist,Intersection Related,30.29563477,Dusk,-97.70025247,One Motor Vehicle - Turning Left,Not Applicable,Not Applicable,False,NONE,City Street,"Straight, Level",Main/Proper Lane,On Roadway,-1,BERKMAN DR,4301,Dry,None,Clear,"Worn, Not Damaged",-10875942.355334667,3541607.8214480886
16119769,False,False,Austin Police Department,True,False,No,0,0,0,2,1,Possible Injury,1904,1,0,2017,Friday,Pedalcyclist,Intersection Related,30.26468702,"Dark, Not Lighted",-97.74910901,One Motor Vehicle - Turning Left,Not Applicable,Not Applicable,False,NONE,US & State Highways,"Straight, Level",Main/Proper Lane,On Roadway,35,SL0343,500,Dry,None,Clear,Not Worn,-10881381.040489389,3537618.466720587
16119848,False,False,Austin Police Department,True,False,No,0,1,0,2,0,Incapacitating Injury,1930,1,0,2017,Saturday,Pedalcyclist,Intersection Related,30.21373479,"Dark, Lighted",-97.83046244,One Motor Vehicle - Going Straight,Not Applicable,Not Applicable,False,NONE,City Street,"Straight, Level",Main/Proper Lane,On Roadway,45,BRODIE LN,NO DATA,Dry,Signal Light,Clear,Not Worn,-10890437.262891278,3531053.1497462173
16129829,False,False,University Of Texas At Austin Police Department,False,False,No,0,0,1,1,0,Non-Incapacitating Injury,1530,1,0,2017,Monday,Pedalcyclist,Non Intersection,30.28449878,Daylight,-97.73385173,One Motor Vehicle - Turning Right,Not Applicable,Parking Area Within Right Of Way,False,NONE,City Street,"Straight, Level",Main/Proper Lane,On Roadway,15,SAN JACINTO BLVD,2200,Dry,Marked Lanes,Clear,Not Worn,-10879682.607848898,3540172.1791360844
16127795,False,False,Austin Police Department,True,False,No,0,0,1,1,0,Non-Incapacitating Injury,1254,1,0,2017,Tuesday,Pedalcyclist,Intersection Related,30.32582477,Daylight,-97.73962246,One Motor Vehicle - Going Straight,Attention Diverted From Driving,Not Applicable,False,NONE,City Street,"Straight, Level",Main/Proper Lane,On Roadway,40,BURNET RD,5299,Dry,Signal Light,Cloudy,Not Worn,-10880325.002574006,3545500.7108197575
16127806,False,False,Austin Police Department,True,False,No,0,0,1,1,0,Non-Incapacitating Injury,2048,1,0,2017,Tuesday,Pedalcyclist,Non Intersection,30.25468478,"Dark, Lighted",-97.71770247,One Motor Vehicle - Going Straight,Not Applicable,Not Applicable,False,NONE,City Street,"Straight, Level",Main/Proper Lane,On Roadway,-1,CESAR CHAVEZ ST E,2400,Dry,Center Stripe/Divider,Clear,Not Worn,-10877884.880449012,3536329.385572932
16128020,False,False,Austin Police Department,True,False,No,0,0,0,2,0,Not Injured,737,0,0,2017,Thursday,Pedalcyclist,Intersection Related,30.20053479,Daylight,-97.78564246,One Motor Vehicle - Going Straight,Not Applicable,Not Applicable,False,NONE,City Street,"Straight, Grade",Main/Proper Lane,On Roadway,30,EBERHART LN,698,Wet,Signal Light,Rain,Not Worn,-10885447.925540311,3529352.852807515
16133720,True,False,Austin Police Department,True,False,No,0,0,1,1,0,Non-Incapacitating Injury,930,1,0,2017,Friday,Pedalcyclist,Intersection,30.44069475,Daylight,-97.82554243,One Motor Vehicle - Going Straight,Attention Diverted From Driving,Not Applicable,False,NONE,City Street,"Straight, Grade",Main/Proper Lane,On Roadway,-1,BOULDER LN,11400,Dry,Stop Sign,Clear,"Worn, Unk Damage",-10889889.569883378,3560323.757368186
16133755,True,False,Austin Police Department,True,False,No,0,0,0,3,0,Not Injured,1802,0,0,2017,Friday,Motor Vehicle In Transport,Intersection,30.41159081,"Dark, Lighted",-97.72204571,Opposite Direction - One Straight-One Left Turn,One Vehicle Entering Driveway,Entrance To Or Exit From Private Property Or Driveway,False,NONE,City Street,"Straight, Level",Main/Proper Lane,On Roadway,35,DUVAL RD,NO DATA,Dry,Marked Lanes,Clear,Not Worn,-10878368.367714204,3556566.4792893725